230118,000000,52.8900000,53.0000000,51.7400000,52.4900000,615400
240118,000000,52.2200000,53.8500000,52.0400000,53.3100000,340202
250118,000000,53.2500000,53.8900000,52.7200000,53.1200000,506569
260118,000000,53.3400000,54.3900000,53.1800000,53.9900000,390548
290118,000000,53.9700000,54.6200000,53.5400000,54.5600000,400158
300118,000000,54.4500000,54.4800000,52.5400000,52.5400000,334573
310118,000000,52.8300000,53.3100000,51.2600000,52.0000000,483363
010218,000000,51.9800000,52.4900000,51.3000000,52.4200000,276936
020218,000000,51.9000000,51.9600000,49.0100000,49.0300000,621413
050218,000000,48.6100000,50.7400000,47.8200000,48.4600000,499683
060218,000000,48.2600000,50.1800000,47.0000000,49.4300000,435356
070218,000000,49.4400000,49.4400000,47.6800000,47.7200000,365599
080218,000000,47.5800000,48.2200000,45.5400000,45.9900000,426394
090218,000000,46.0800000,47.0000000,44.1600000,45.9500000,606424
120218,000000,45.9700000,47.1300000,45.7700000,46.6300000,426720
130218,000000,46.5900000,47.9600000,46.1200000,47.3500000,401115
140218,000000,47.2400000,47.2400000,46.5300000,46.6800000,6169
150218,000000,48.5000000,49.0400000,46.1900000,47.5400000,443980
160218,000000,47.4000000,50.1000000,46.5200000,47.3500000,1163002
200218,000000,47.9500000,48.7300000,46.6100000,48.0700000,712446
210218,000000,48.5800000,48.9400000,47.2500000,47.5700000,306482
220218,000000,47.5000000,48.4000000,46.8200000,48.0100000,476725
230218,000000,48.0600000,48.1200000,46.5800000,46.6500000,430350
240218,000000,46.6600000,47.2500000,46.6600000,46.9500000,570
260218,000000,47.3500000,47.6000000,46.1500000,46.6700000,405460
270218,000000,46.6900000,47.1500000,45.6700000,46.2400000,337641
280218,000000,46.2200000,46.8000000,44.9500000,44.9600000,261416
010318,000000,45.0000000,46.4300000,44.5900000,45.0700000,590995
020318,000000,45.3200000,45.7100000,44.4000000,45.7100000,215
050318,000000,45.5200000,46.4500000,44.8300000,45.6700000,439179
060318,000000,45.6800000,47.5200000,45.3700000,47.0000000,597106
070318,000000,46.9000000,48.2400000,46.6200000,47.8700000,385854
080318,000000,47.9800000,48.6900000,46.5500000,47.4500000,381679
090318,000000,47.7800000,48.5700000,47.2400000,47.8600000,287555
100318,000000,47.8900000,47.8900000,47.8900000,47.8900000,40
120318,000000,48.0000000,48.6700000,47.9100000,48.3700000,182696
130318,000000,48.5000000,49.8500000,48.4400000,48.5400000,420581
140318,000000,48.8800000,49.4300000,46.2900000,46.5600000,547399
150318,000000,46.5000000,47.1100000,45.7400000,46.9500000,407784
160318,000000,47.0800000,47.9200000,46.7400000,47.2300000,282944
190318,000000,47.4200000,47.6800000,45.7600000,46.3500000,293112
200318,000000,46.4000000,47.0600000,45.3900000,46.4700000,183571
210318,000000,46.4400000,48.0600000,46.4400000,47.9700000,275573
220318,000000,47.8000000,48.0800000,44.8700000,45.0200000,617523
230318,000000,44.9100000,46.0000000,44.5600000,44.5600000,432336
260318,000000,45.1000000,46.5300000,44.2700000,45.7600000,584840
270318,000000,46.0600000,46.4300000,44.6400000,44.9000000,372160
280318,000000,44.8000000,44.8900000,43.7100000,44.4400000,247262
290318,000000,44.4600000,45.6600000,44.4600000,44.9400000,299057
020418,000000,44.9600000,46.1000000,43.8100000,44.2300000,308681
030418,000000,44.7700000,45.9000000,44.7700000,45.3400000,335846
040418,000000,44.8800000,47.0600000,44.2100000,46.6900000,670756
050418,000000,46.8000000,48.7200000,46.8000000,47.6100000,370100
060418,000000,47.4000000,48.7300000,46.8800000,48.0500000,683934
070418,000000,47.5600000,47.5600000,47.5600000,47.5600000,270
090418,000000,48.4400000,52.0200000,48.4400000,50.7200000,890160
100418,000000,50.7200000,55.1800000,50.7200000,54.0800000,1212865
110418,000000,54.0800000,54.8700000,52.6500000,53.9800000,727443
120418,000000,53.9400000,55.3300000,53.1700000,54.4600000,585382
130418,000000,54.5000000,55.3500000,54.2700000,54.9500000,351803
160418,000000,55.1600000,56.5000000,54.4800000,55.0200000,716988
170418,000000,54.9100000,57.4800000,54.7900000,57.0700000,682871
180418,000000,57.1400000,62.9500000,57.0500000,61.5200000,1040784
190418,000000,61.6400000,62.5000000,59.5600000,60.2100000,1460637
200418,000000,60.4000000,60.4000000,57.4900000,59.9800000,954666
210418,000000,59.9800000,60.0000000,59.9800000,59.9800000,274
230418,000000,60.1500000,60.1500000,51.5000000,51.8900000,1522047
240418,000000,52.1400000,52.2000000,49.9100000,50.7500000,858436
250418,000000,51.2800000,52.4200000,49.9800000,52.1900000,590061
260418,000000,51.9800000,55.0400000,51.5000000,52.8500000,676881
270418,000000,53.1900000,53.1900000,51.1000000,51.5900000,483606
280418,000000,51.3000000,51.3000000,51.3000000,51.3000000,50
300418,000000,51.5000000,51.8400000,51.0600000,51.2900000,462664
010518,000000,51.0500000,52.4300000,50.1400000,51.9800000,446097
020518,000000,52.1000000,53.5000000,52.1000000,52.2600000,452233
030518,000000,52.6400000,53.7600000,52.6400000,53.2800000,458801
040518,000000,52.9500000,54.4400000,52.6500000,54.4200000,385172
070518,000000,55.0000000,55.3600000,54.3300000,54.5800000,299546
080518,000000,54.5000000,54.6100000,53.4400000,53.7600000,356147
090518,000000,53.7400000,54.0700000,53.1900000,53.5000000,340122
100518,000000,53.5400000,54.0200000,53.0900000,53.8300000,393392
110518,000000,53.8500000,54.2500000,53.3800000,53.9600000,312105
120518,000000,53.9000000,53.9000000,53.9000000,53.9000000,140
140518,000000,54.1900000,54.5400000,52.0000000,52.3000000,511278
150518,000000,52.3600000,52.4600000,50.4000000,50.6100000,952948
160518,000000,50.4800000,50.7400000,49.5500000,50.2000000,673723
170518,000000,50.2100000,51.0900000,49.8400000,50.7400000,398457
180518,000000,50.5400000,51.0500000,50.3600000,50.8500000,261840
210518,000000,51.2100000,51.2100000,50.1700000,50.3500000,185852
220518,000000,50.2300000,50.9000000,49.6100000,49.7600000,389295
230518,000000,49.4600000,49.5100000,48.3100000,48.5400000,297736
240518,000000,48.5000000,49.4400000,48.5000000,49.1600000,181018
250518,000000,48.8400000,48.8400000,47.6700000,47.9300000,349635
290518,000000,47.5500000,47.9400000,46.8700000,47.3000000,277052
300518,000000,47.7000000,48.6500000,47.5000000,48.5500000,290928
310518,000000,48.8700000,50.4300000,47.8200000,48.0500000,371086
010618,000000,48.2500000,48.5700000,47.4900000,47.6400000,364402
040618,000000,47.5500000,48.8100000,47.5500000,48.4700000,351732
050618,000000,48.6900000,49.4900000,48.3700000,49.4500000,304341
060618,000000,49.6500000,50.2100000,49.1700000,50.2100000,438352
070618,000000,50.4500000,50.4500000,48.5500000,49.2700000,177964
080618,000000,49.1000000,49.4900000,48.4500000,48.5000000,293588
110618,000000,48.3900000,50.5600000,48.0600000,49.7500000,373167
120618,000000,49.9700000,50.0900000,49.1200000,49.2700000,222493
130618,000000,49.4400000,49.4800000,48.2900000,48.3500000,232793
140618,000000,48.5600000,48.5600000,47.6400000,47.8400000,372636
150618,000000,47.7600000,47.7600000,45.0300000,45.4600000,549208
180618,000000,45.3800000,45.8600000,44.9900000,45.7600000,284280
190618,000000,45.0300000,45.3400000,43.3700000,44.4400000,589680
200618,000000,44.8600000,45.4100000,44.3300000,45.2700000,343210
210618,000000,45.3500000,45.5300000,44.5700000,44.7900000,359309
220618,000000,44.9800000,45.7500000,44.9800000,45.4800000,416290
250618,000000,45.5100000,45.5100000,43.5800000,44.3100000,427687
260618,000000,44.4100000,45.9500000,44.0800000,45.8400000,540095
270618,000000,45.9900000,47.0500000,45.5300000,45.7600000,378914
280618,000000,45.2000000,46.6800000,45.1100000,46.5000000,406250
290618,000000,46.3100000,47.3100000,46.0500000,47.0000000,336532
020718,000000,46.7900000,47.2900000,45.4900000,45.8600000,333764
030718,000000,46.2400000,46.9000000,45.5100000,45.7600000,190962
050718,000000,46.1600000,47.4900000,45.7300000,46.8700000,392478
060718,000000,46.7500000,47.2400000,46.0300000,47.1400000,314841
090718,000000,47.1900000,48.5500000,47.1900000,48.2800000,418587
100718,000000,48.0800000,48.8600000,47.5300000,47.8500000,314269
110718,000000,47.6800000,48.3000000,46.6900000,48.0700000,302518
120718,000000,48.5200000,48.5200000,47.0000000,47.0000000,321435
130718,000000,47.6700000,47.8300000,47.0300000,47.2700000,327891
160718,000000,47.1700000,48.0500000,46.5100000,46.5100000,507254
170718,000000,47.2000000,48.2900000,47.2000000,48.0100000,258836
180718,000000,48.3800000,48.7500000,45.5100000,46.6900000,504595
190718,000000,46.9300000,48.0500000,41.0300000,41.7200000,2170410
200718,000000,41.5800000,41.8400000,40.0300000,40.2800000,1146051
230718,000000,40.0400000,41.8100000,39.9500000,41.3300000,958637
240718,000000,41.3300000,43.0900000,41.1900000,42.4700000,824011
250718,000000,42.5500000,43.2400000,41.6700000,42.8500000,528994
260718,000000,42.2200000,43.4600000,42.0600000,42.8300000,490625
270718,000000,42.7000000,43.4800000,42.3600000,43.3400000,417389
300718,000000,43.4300000,43.6700000,42.3200000,42.5800000,464890
310718,000000,42.6200000,43.6000000,42.6200000,43.5000000,284587
010818,000000,42.8600000,43.3000000,41.9100000,42.0500000,526671
020818,000000,42.0000000,42.7500000,41.3600000,42.5300000,452024
030818,000000,42.6500000,43.2900000,42.2500000,42.7900000,341268
060818,000000,42.8000000,42.9800000,42.2200000,42.7200000,353960
070818,000000,43.0500000,43.3900000,41.9000000,42.4500000,430374
080818,000000,42.2900000,44.3200000,41.9400000,43.7000000,779475
090818,000000,43.8600000,44.3900000,42.8100000,42.9900000,386547
100818,000000,43.0000000,45.4800000,42.0600000,45.4800000,741639
130818,000000,44.6700000,45.0400000,44.0100000,44.4400000,455203
140818,000000,44.4800000,44.8700000,43.7700000,44.1300000,288627
150818,000000,43.7400000,43.7400000,40.7000000,40.8900000,869441
160818,000000,41.1400000,42.2400000,41.0400000,41.4500000,419681
170818,000000,41.3100000,42.2300000,41.1000000,42.0000000,317339
200818,000000,42.5100000,42.8600000,41.7100000,41.8100000,311780
210818,000000,42.0000000,43.2100000,42.0000000,43.0300000,399292
220818,000000,43.0800000,43.7800000,43.0000000,43.2200000,287106
230818,000000,43.2200000,43.4000000,41.8900000,42.0200000,419635
240818,000000,42.2500000,43.5300000,42.1800000,43.4000000,580569
270818,000000,43.1700000,44.3400000,43.1700000,43.5200000,217465
280818,000000,43.7500000,45.6500000,43.6700000,44.3300000,594804
290818,000000,44.7000000,45.4700000,44.0000000,45.1500000,339947
300818,000000,44.9700000,45.4300000,44.3000000,44.3100000,513130
310818,000000,44.5500000,45.0400000,44.0700000,44.6800000,289805
040918,000000,44.5400000,44.5700000,43.1100000,43.3600000,250822
050918,000000,42.9300000,43.4000000,41.6300000,42.8700000,416553
060918,000000,42.7100000,43.0600000,40.1300000,40.4200000,885368
070918,000000,40.3600000,41.8000000,40.1000000,40.8900000,825847
100918,000000,41.2000000,42.6800000,41.2000000,42.0100000,352341
110918,000000,42.1600000,42.1600000,40.5900000,40.8700000,518170
120918,000000,41.1700000,42.1800000,40.3200000,42.1800000,619508
130918,000000,42.0700000,42.8200000,41.5800000,41.7700000,377496
140918,000000,42.0700000,42.9000000,41.7700000,42.7900000,452282
170918,000000,42.9200000,43.4700000,41.8700000,41.8700000,348459
180918,000000,43.1100000,43.7600000,42.6900000,43.0000000,412401
190918,000000,43.1200000,43.3800000,42.1400000,42.6200000,383545
200918,000000,42.7700000,43.5700000,42.3800000,43.2800000,465852
210918,000000,42.9200000,44.0000000,42.8300000,43.8400000,482348
240918,000000,43.8700000,43.8700000,41.9100000,41.9500000,553762
250918,000000,41.9500000,42.2000000,40.6400000,41.7300000,652519
260918,000000,41.7000000,41.7000000,39.5800000,40.4400000,906969
270918,000000,40.2100000,41.0100000,40.0800000,40.3100000,369809
280918,000000,40.5600000,41.3500000,40.2400000,40.3700000,424407
011018,000000,40.9500000,41.2700000,39.8900000,40.8700000,496689
021018,000000,40.8600000,41.8500000,40.5600000,41.5600000,531853
031018,000000,41.7700000,45.4400000,41.4100000,43.1000000,1605306
041018,000000,43.1300000,43.7200000,42.5500000,43.3500000,908653
051018,000000,43.2000000,43.4800000,41.6000000,42.1900000,743359
061018,000000,42.2000000,42.2000000,42.2000000,42.2000000,500
081018,000000,41.7900000,41.8300000,38.2800000,38.7500000,1130599
091018,000000,38.8000000,38.9700000,37.4100000,37.4500000,885488
101018,000000,37.8900000,37.9000000,35.8400000,36.0500000,814030
111018,000000,36.0000000,36.2100000,35.1300000,35.7200000,576842
121018,000000,35.8500000,36.8300000,35.5900000,35.8000000,564781
131018,000000,35.7600000,35.7600000,35.7600000,35.7600000,140
151018,000000,35.9000000,35.9800000,35.1900000,35.1900000,386766
161018,000000,35.4200000,36.4900000,35.3200000,36.3600000,496760
171018,000000,36.3600000,38.4800000,35.3500000,38.3500000,1321464
181018,000000,38.3500000,40.6500000,38.0200000,39.2000000,1856826
191018,000000,39.1500000,39.5000000,37.9200000,38.5800000,879888
201018,000000,38.6000000,38.6000000,38.6000000,38.6000000,133
221018,000000,38.5800000,39.7600000,38.5600000,39.4700000,432841
231018,000000,39.4500000,39.4500000,37.0700000,37.3200000,566070
241018,000000,37.3700000,37.6100000,34.0500000,34.9400000,815000
251018,000000,34.5000000,35.1900000,33.9000000,34.5600000,530092
261018,000000,34.0400000,34.9800000,33.0900000,34.2400000,810394
301018,000000,33.7800000,34.4800000,33.4400000,34.1900000,457121
311018,000000,34.5500000,35.8000000,34.5100000,34.9900000,507008
011118,000000,35.1900000,36.8800000,35.1900000,36.2300000,535805
021118,000000,36.7700000,37.6700000,36.4200000,36.9000000,441725
051118,000000,36.6500000,37.1400000,36.3900000,36.6000000,336323
061118,000000,36.5800000,36.7400000,35.6900000,36.1800000,377552
071118,000000,36.4300000,37.3300000,36.0600000,36.8300000,480366
081118,000000,36.8300000,37.9300000,36.1600000,36.3900000,573900
091118,000000,36.5700000,36.6000000,33.8200000,34.3800000,694671
121118,000000,34.3900000,34.5700000,33.4800000,33.7300000,333225
131118,000000,34.0600000,35.3500000,33.2600000,34.7100000,595549
141118,000000,34.9400000,35.5500000,34.2500000,35.1500000,388313
151118,000000,35.3700000,36.1600000,34.8000000,35.9400000,425511
161118,000000,36.0000000,36.7100000,35.3100000,35.9400000,426502
171118,000000,35.9500000,35.9500000,35.9500000,35.9500000,29
191118,000000,35.7200000,36.1900000,32.2500000,33.4900000,654699
201118,000000,33.4400000,33.5800000,32.0000000,32.6800000,444649
211118,000000,32.7000000,33.4300000,32.5700000,32.7900000,317385
231118,000000,32.9400000,33.0400000,31.6300000,32.3100000,145072
241118,000000,32.4900000,32.4900000,32.4900000,32.4900000,59
261118,000000,32.8400000,33.0400000,32.0100000,32.5600000,375814
271118,000000,32.3300000,32.9300000,30.9500000,31.2000000,401853
281118,000000,31.1900000,34.1700000,30.9600000,33.6000000,899846
291118,000000,33.6100000,33.9800000,30.9800000,31.0000000,1030049
301118,000000,31.0900000,32.4600000,30.9500000,31.8200000,748006
011218,000000,31.8100000,31.8100000,31.8100000,31.8100000,198
031218,000000,32.4700000,33.4400000,31.7800000,32.0200000,314253
041218,000000,31.8100000,32.1700000,30.2800000,30.3900000,520024
051218,000000,30.7600000,30.7600000,30.6500000,30.6500000,102
061218,000000,30.3400000,30.4400000,28.1200000,29.6400000,663737
071218,000000,29.6500000,30.2100000,28.6800000,28.8100000,821050
101218,000000,29.2000000,29.2000000,27.8500000,28.3100000,365063
111218,000000,28.1700000,29.4400000,28.1700000,28.4300000,527710
121218,000000,28.2600000,29.9900000,28.2600000,29.2300000,684560
131218,000000,29.4700000,29.6600000,28.5400000,29.1200000,557457
141218,000000,29.0300000,29.5900000,28.4500000,28.6100000,378521
171218,000000,28.8200000,29.0000000,27.8400000,28.1000000,290093
181218,000000,28.3800000,28.6600000,28.0000000,28.2600000,329686
191218,000000,28.2400000,29.4200000,27.0700000,27.6400000,819993
201218,000000,27.6000000,27.9100000,26.2900000,27.3400000,652934
211218,000000,27.3500000,27.6300000,26.2000000,26.4000000,370095
221218,000000,26.3100000,26.3100000,26.3000000,26.3000000,505
241218,000000,26.4400000,26.9200000,25.0000000,25.1400000,223198
261218,000000,25.5200000,27.1900000,24.7700000,27.1400000,415582
271218,000000,27.0500000,27.2700000,25.7900000,27.1400000,499609
281218,000000,27.1600000,27.4900000,26.2400000,26.6200000,413003
311218,000000,26.0600000,27.3000000,25.9500000,26.5600000,398022
010119,000000,26.5300000,26.5300000,26.5300000,26.5300000,400
020119,000000,26.2200000,26.8200000,25.5000000,26.2300000,567766
030119,000000,25.8400000,26.8500000,25.5300000,26.2000000,568380
040119,000000,26.3000000,28.6100000,26.3000000,28.3400000,790259
050119,000000,28.2200000,28.2200000,28.2200000,28.2200000,16
070119,000000,28.6300000,28.9100000,28.0800000,28.4100000,351540
080119,000000,28.9300000,28.9500000,27.6700000,28.2600000,315792
090119,000000,28.2700000,29.2700000,28.2000000,29.1200000,500309
100119,000000,29.1000000,29.2200000,28.4800000,29.0000000,352659
110119,000000,28.7000000,29.1700000,27.9600000,28.5400000,677214
140119,000000,28.5300000,29.3500000,27.8900000,28.7900000,605547
150119,000000,29.0000000,29.4400000,28.5900000,28.9000000,534257
160119,000000,28.9000000,29.3300000,28.1600000,28.9800000,1390516
170119,000000,29.0700000,30.2800000,27.5200000,29.6000000,1781390
180119,000000,29.4000000,30.1000000,29.1100000,29.2600000,886113
190119,000000,29.3000000,29.3800000,29.3000000,29.3200000,732
220119,000000,29.4400000,29.5900000,27.5300000,27.8000000,739855
230119,000000,28.0000000,28.6700000,27.6400000,28.2800000,674094
240119,000000,28.4700000,28.5600000,27.6600000,27.9600000,417758
250119,000000,27.8600000,29.5100000,27.8500000,29.0100000,822332
260119,000000,29.0200000,29.1600000,29.0200000,29.1600000,400
280119,000000,29.1200000,29.1500000,27.8100000,28.0000000,703388
290119,000000,27.9900000,29.5700000,27.8900000,28.7500000,570425
300119,000000,28.7900000,29.8200000,28.5900000,29.6000000,630965
310119,000000,29.7500000,30.2700000,29.1900000,29.6500000,735905
010219,000000,29.6900000,30.2500000,28.2800000,28.6200000,13823
020219,000000,28.5900000,28.5900000,28.5900000,28.5900000,90
040219,000000,28.7400000,29.1500000,28.4900000,29.0300000,4107
050219,000000,29.0900000,29.4200000,28.8200000,29.0000000,2044
060219,000000,29.1900000,29.3000000,28.5100000,28.5100000,1759
070219,000000,28.6600000,28.6600000,27.0700000,27.1700000,5252
080219,000000,27.2300000,27.6400000,26.5400000,27.6400000,5168
110219,000000,27.7900000,28.1100000,27.3100000,27.9600000,9131
120219,000000,28.0100000,28.6000000,27.9600000,28.4000000,5171
130219,000000,28.7500000,29.5400000,28.3100000,29.0700000,621634
140219,000000,29.0300000,29.2300000,28.1600000,28.2000000,445529
150219,000000,28.2500000,28.9200000,28.0000000,28.2700000,366358
190219,000000,28.3300000,28.4600000,28.1100000,28.1900000,458380
200219,000000,28.3700000,29.5900000,28.1300000,29.2300000,691233
210219,000000,29.2200000,29.9000000,29.0600000,29.5800000,625957
220219,000000,29.7500000,30.4800000,29.3700000,30.1500000,394614
250219,000000,30.1500000,30.8700000,30.0400000,30.7800000,476768
260219,000000,30.7800000,31.2700000,30.4900000,30.8300000,624095
270219,000000,30.9500000,31.4400000,30.5200000,30.9700000,299084
280219,000000,30.6700000,31.1400000,29.3400000,29.5000000,465531
010319,000000,29.4900000,30.2000000,29.3800000,29.6600000,358171
040319,000000,29.9700000,29.9700000,28.7300000,29.1500000,442300
050319,000000,29.1500000,29.5300000,28.7700000,29.2000000,253833
060319,000000,29.3400000,29.3400000,28.1300000,28.2500000,347217
070319,000000,28.4100000,28.4800000,27.3200000,27.3600000,486297
080319,000000,27.3300000,27.3300000,26.5400000,26.8100000,315942
110319,000000,26.9500000,27.7300000,26.6500000,27.4700000,351593
120319,000000,27.6000000,28.5800000,27.5000000,28.3500000,476610
130319,000000,28.2200000,29.3200000,28.2200000,28.9900000,504600
140319,000000,28.7600000,29.2000000,27.8200000,27.9700000,299541
150319,000000,28.1900000,28.5200000,27.6500000,27.8100000,266926
180319,000000,27.8000000,28.8500000,27.8000000,28.7900000,342170
190319,000000,28.7700000,29.3200000,28.4900000,28.6300000,318448
200319,000000,28.5100000,29.1100000,27.7000000,28.7900000,463600
210319,000000,28.5500000,29.6300000,28.5100000,29.6300000,413067
220319,000000,29.4100000,29.5000000,27.8000000,28.1200000,569668
250319,000000,27.8100000,28.5600000,27.7700000,28.0200000,380881
260319,000000,28.0600000,28.4500000,27.2800000,27.8000000,515622
270319,000000,27.8000000,27.9800000,27.2200000,27.9200000,400908
280319,000000,27.7200000,28.0400000,27.3800000,28.0100000,338023
290319,000000,28.2200000,28.7900000,27.9900000,28.0600000,385635
010419,000000,28.4000000,29.6700000,28.3500000,29.2200000,533590
020419,000000,29.5600000,29.5600000,28.1900000,28.5000000,515940
030419,000000,28.4600000,28.8600000,28.2000000,28.7500000,596183
040419,000000,28.5000000,29.3400000,28.4000000,29.3400000,328970
050419,000000,28.9500000,29.6900000,28.9500000,29.6000000,334063
060419,000000,29.5900000,29.5900000,29.5900000,29.5900000,1
080419,000000,29.6000000,29.8000000,29.2900000,29.6500000,325704
090419,000000,29.6600000,29.7900000,28.9300000,29.0000000,269667
100419,000000,29.0100000,29.3700000,28.8900000,29.3700000,415604
110419,000000,29.3400000,29.3500000,28.3100000,28.4900000,386550
120419,000000,28.5000000,29.1900000,28.2600000,28.3600000,364686
130419,000000,28.3500000,28.3500000,28.3500000,28.3500000,400
150419,000000,28.5400000,28.5400000,27.5900000,27.7900000,523890
160419,000000,27.7900000,28.1100000,27.4100000,27.7600000,645819
170419,000000,27.7200000,28.6000000,26.9600000,27.1000000,632028
180419,000000,27.2000000,27.6300000,25.7300000,26.9300000,988205
190419,000000,26.6700000,26.6700000,26.6600000,26.6600000,54
220419,000000,26.9100000,28.2300000,26.5600000,28.1400000,838516
230419,000000,28.1400000,28.9200000,27.9100000,28.6000000,571254
240419,000000,28.6200000,28.6200000,27.7500000,28.1200000,328237
250419,000000,28.1400000,28.1500000,27.0100000,27.2700000,407543
260419,000000,27.1100000,27.3900000,26.8400000,26.9000000,273637
270419,000000,26.9300000,26.9400000,26.9300000,26.9400000,988
290419,000000,27.4000000,27.4000000,26.4900000,26.6100000,282068
300419,000000,26.6200000,27.0200000,26.3700000,26.7800000,374050
010519,000000,26.7500000,27.1000000,25.9900000,26.1200000,388524
020519,000000,26.0300000,26.3800000,25.7200000,25.9800000,343505
030519,000000,26.1500000,26.8300000,26.0000000,26.7200000,463463
040519,000000,26.7300000,26.7300000,26.3100000,26.6700000,531
060519,000000,26.0200000,26.2300000,25.2900000,25.9800000,423404
070519,000000,25.9000000,25.9900000,25.0000000,25.2000000,614145
080519,000000,25.2000000,25.4600000,24.6800000,24.8300000,572710
090519,000000,24.8000000,24.9000000,23.8800000,24.8100000,388707
100519,000000,24.9800000,25.3100000,24.2700000,25.0300000,767156
130519,000000,24.9800000,24.9800000,23.9700000,24.5200000,810013
140519,000000,24.7000000,25.4700000,24.7000000,24.9400000,689460
150519,000000,25.1400000,25.2300000,24.5500000,25.0100000,398307
160519,000000,25.1200000,25.3400000,24.6800000,24.9800000,333302
170519,000000,25.2400000,25.2400000,24.3500000,24.6000000,522771
200519,000000,24.7500000,24.8600000,23.8600000,24.0900000,558054
210519,000000,24.2700000,24.8600000,23.8900000,24.7200000,431283
220519,000000,24.9000000,24.9000000,24.0400000,24.2500000,441930
230519,000000,24.5300000,24.5300000,23.0700000,23.2400000,535691
240519,000000,23.5300000,23.6800000,22.9800000,23.0100000,495747
280519,000000,23.2300000,23.4300000,22.4200000,22.5500000,693157
290519,000000,22.5500000,22.6200000,21.9500000,22.4500000,479968
300519,000000,22.4400000,22.7000000,21.5100000,21.6100000,693738
310519,000000,21.6100000,21.6400000,21.0200000,21.1800000,441011
010619,000000,21.1800000,21.1900000,21.1800000,21.1900000,210
030619,000000,21.1300000,21.6600000,20.8200000,21.0000000,621721
040619,000000,21.0000000,22.2300000,21.0000000,22.1600000,632218
050619,000000,22.1600000,22.2200000,21.0400000,21.3500000,1222354
060619,000000,21.5800000,21.9800000,21.2200000,21.3500000,499446
070619,000000,21.8200000,22.2500000,20.9300000,21.7000000,687492
080619,000000,21.4100000,21.4400000,21.4100000,21.4400000,2
100619,000000,21.6200000,22.1000000,21.3300000,21.5900000,441870
110619,000000,22.0500000,22.5000000,21.6000000,22.0000000,502414
120619,000000,21.6700000,21.8800000,21.0800000,21.1600000,402095
130619,000000,21.1600000,21.9000000,21.1100000,21.8200000,396854
140619,000000,21.4800000,22.1400000,21.3000000,22.1100000,528005
170619,000000,22.0300000,22.1100000,21.2000000,21.6800000,335779
180619,000000,22.1000000,23.0800000,21.6000000,22.5200000,831867
190619,000000,22.5600000,23.1200000,22.3000000,22.5800000,506512
200619,000000,22.7100000,23.2500000,22.4000000,22.5100000,396013
210619,000000,22.5000000,22.8600000,22.1300000,22.5900000,295252
220619,000000,22.5700000,22.8600000,22.5700000,22.8600000,77
240619,000000,22.5100000,22.8400000,22.1600000,22.6500000,288907
250619,000000,22.4600000,22.8600000,21.9600000,22.2200000,541809
260619,000000,22.2200000,23.3800000,22.2200000,23.3200000,474238
270619,000000,23.2000000,23.4000000,22.9200000,22.9700000,334378
280619,000000,23.3000000,23.4200000,22.8500000,23.4100000,409899
290619,000000,23.3900000,23.3900000,23.3900000,23.3900000,4
010719,000000,23.8700000,23.8700000,22.7800000,23.8400000,612539
020719,000000,23.4900000,23.4900000,22.6800000,23.4000000,548066
030719,000000,23.4000000,23.5000000,22.3700000,22.7000000,447370
050719,000000,23.0600000,23.2400000,22.2400000,23.2000000,334739
060719,000000,23.2400000,23.2400000,23.2400000,23.2400000,1
080719,000000,23.2200000,23.3600000,22.2200000,22.4000000,534427
090719,000000,22.3200000,22.3200000,21.1600000,21.7900000,995486
100719,000000,21.9300000,22.9500000,21.7300000,22.6300000,712784
110719,000000,22.3000000,23.0000000,21.9800000,22.6500000,509700
120719,000000,22.5700000,22.8000000,22.3500000,22.5800000,447318
130719,000000,22.4300000,22.8000000,22.4300000,22.8000000,296
150719,000000,22.8600000,23.2200000,22.5000000,23.1600000,654488
160719,000000,23.1700000,23.9200000,22.9500000,23.3200000,560898
170719,000000,23.3600000,23.5900000,22.0200000,22.3900000,617756
180719,000000,22.8900000,24.6300000,22.1200000,23.4000000,1474423
190719,000000,23.6000000,23.7800000,22.8800000,23.1000000,751887
200719,000000,23.1000000,23.1000000,23.1000000,23.1000000,1000
220719,000000,23.3600000,23.3800000,22.7000000,23.1200000,581550
230719,000000,23.2800000,23.5500000,22.8500000,23.2800000,526293
240719,000000,23.2800000,23.6300000,22.7800000,23.3500000,431767
250719,000000,23.4000000,23.6000000,22.5600000,22.9300000,668143
260719,000000,22.5900000,23.3000000,22.5400000,23.3000000,445619
270719,000000,23.1000000,23.1000000,23.1000000,23.1000000,10
290719,000000,22.9100000,23.5600000,22.9100000,23.1200000,471134
300719,000000,23.1700000,23.5800000,22.3000000,22.6800000,448307
310719,000000,23.0400000,23.2900000,22.4300000,22.5100000,505628
010819,000000,22.4100000,22.8100000,21.0200000,21.3300000,734323
020819,000000,21.5000000,21.5300000,20.3100000,20.5200000,652924
030819,000000,20.7200000,20.7200000,20.7200000,20.7200000,3
050819,000000,20.7200000,20.7200000,19.5500000,20.1900000,640029
060819,000000,20.0100000,20.5000000,19.3500000,19.9000000,684726
070819,000000,19.9000000,20.0200000,19.1600000,19.5800000,583026
080819,000000,19.5800000,20.3700000,19.5800000,20.3700000,528200
090819,000000,20.0200000,20.2700000,19.1500000,19.3500000,539552
100819,000000,19.3500000,19.3500000,19.2100000,19.2100000,10
120819,000000,19.4200000,19.4300000,18.4000000,18.8000000,584404
130819,000000,18.6100000,19.5100000,18.2000000,19.2400000,819006
140819,000000,19.1100000,19.2000000,17.5000000,17.6000000,914651
150819,000000,17.6000000,17.9200000,16.6900000,16.9300000,667470
160819,000000,17.2100000,17.6300000,16.9700000,17.5100000,488369
170819,000000,17.5600000,17.5600000,17.2300000,17.5300000,27
190819,000000,17.9000000,18.3700000,17.6500000,18.2300000,598317
200819,000000,18.2300000,18.4500000,17.8800000,18.4400000,495205
210819,000000,18.3900000,19.0100000,18.2200000,18.4700000,517436
220819,000000,18.6200000,18.9900000,17.9000000,18.0500000,542367
230819,000000,18.3500000,18.8600000,17.3200000,17.4800000,498603
240819,000000,17.6000000,17.6100000,17.6000000,17.6100000,180
260819,000000,17.3900000,17.9100000,17.0000000,17.0000000,484494
270819,000000,17.2900000,17.5600000,16.6800000,16.7500000,349778
280819,000000,16.7000000,17.2800000,16.4500000,16.9200000,476473
290819,000000,16.9000000,17.9800000,16.9000000,17.7200000,658037
300819,000000,17.9400000,18.2100000,17.6300000,18.0100000,301857
030919,000000,18.0200000,18.0200000,17.1000000,17.6000000,378475
040919,000000,17.8600000,18.4000000,17.5600000,18.4000000,400088
050919,000000,18.4000000,19.7600000,18.2100000,19.6000000,851230
060919,000000,19.6000000,19.8900000,18.9800000,19.0100000,542408
070919,000000,19.0100000,19.1400000,18.9500000,19.1100000,104
090919,000000,18.9900000,20.4200000,18.9800000,20.3700000,746117
100919,000000,20.2000000,20.9500000,19.8500000,20.8800000,658153
110919,000000,20.6400000,22.2800000,20.6400000,22.0200000,1026410
120919,000000,22.0300000,22.8100000,21.4000000,22.7600000,728194
130919,000000,22.7000000,23.3200000,22.4000000,23.2000000,773453
140919,000000,23.2000000,23.2000000,22.9900000,22.9900000,84
160919,000000,23.1600000,23.4300000,22.3900000,22.7400000,454252
170919,000000,22.7400000,23.0000000,21.5500000,22.1400000,538722
180919,000000,22.1400000,22.1400000,21.3600000,21.4000000,517968
190919,000000,21.6500000,22.2100000,21.2300000,22.1900000,470092
200919,000000,22.1800000,22.1800000,21.3000000,21.3000000,447816
210919,000000,21.3500000,21.3500000,21.3500000,21.3500000,3
230919,000000,21.2200000,21.7100000,20.4500000,21.3000000,465772
240919,000000,21.4900000,21.5700000,20.4200000,20.6200000,552881
250919,000000,20.4900000,21.8000000,20.4500000,21.6100000,500444
260919,000000,21.6000000,21.7900000,20.6000000,20.9900000,292585
270919,000000,21.0000000,21.2300000,20.4400000,20.6100000,484127
300919,000000,20.8700000,20.8700000,19.9600000,20.2000000,452160
011019,000000,20.2000000,20.8800000,19.7100000,19.7300000,527474
021019,000000,19.6700000,19.9100000,18.8100000,19.5600000,532369
031019,000000,19.2000000,19.4300000,18.6800000,19.0500000,622310
041019,000000,19.0000000,19.4800000,18.9400000,19.4600000,330456
071019,000000,19.1700000,19.7700000,19.1600000,19.2500000,404820
081019,000000,19.2800000,19.2800000,18.4500000,18.4900000,544235
091019,000000,18.7300000,18.8900000,18.1900000,18.3500000,426753
101019,000000,18.2600000,18.9800000,18.2600000,18.6900000,540897
111019,000000,18.9500000,19.4900000,18.6100000,18.8000000,1013970
141019,000000,19.1200000,19.5800000,18.7900000,19.5800000,727850
151019,000000,19.1500000,19.8200000,18.9700000,19.8200000,891815
161019,000000,19.5400000,20.7100000,18.6700000,20.4100000,1227117
171019,000000,20.5100000,21.6300000,19.3500000,20.3000000,1161624
181019,000000,20.5000000,21.6700000,20.2900000,21.2400000,945348
191019,000000,21.6000000,21.6000000,21.5000000,21.5000000,7
211019,000000,21.3000000,21.8000000,20.4500000,20.9500000,828858
221019,000000,20.6000000,21.0200000,19.9300000,20.5800000,568531
231019,000000,20.4200000,21.3800000,20.4200000,21.1600000,445499
241019,000000,21.2800000,21.5600000,20.4500000,20.7400000,738772
251019,000000,20.9500000,21.1900000,20.5600000,21.0200000,468474
261019,000000,21.2000000,21.2900000,20.9000000,20.9000000,54
281019,000000,20.9600000,21.7700000,20.8600000,21.5900000,385722
291019,000000,21.5900000,21.7400000,21.0600000,21.4000000,339466
301019,000000,21.6300000,21.7500000,20.7800000,21.3500000,532230
311019,000000,21.4000000,21.5000000,20.3600000,20.7900000,784929
011119,000000,20.8000000,22.0600000,20.6200000,21.8700000,1025640
041119,000000,22.0700000,22.9800000,21.7800000,22.9200000,484387
051119,000000,22.9100000,23.4600000,22.5500000,22.6000000,552011
061119,000000,22.5900000,22.8000000,21.9000000,21.9100000,297842
071119,000000,22.1000000,23.0600000,21.8000000,22.5700000,510862
081119,000000,22.5600000,22.9500000,22.2600000,22.5700000,454186
091119,000000,22.5300000,22.5300000,22.5100000,22.5100000,5128
111119,000000,22.6400000,22.6400000,21.7100000,22.2400000,237460
121119,000000,22.2200000,23.0200000,22.0600000,22.1800000,512477
131119,000000,22.1800000,22.3500000,21.0000000,21.2300000,468839
141119,000000,21.2600000,21.4200000,20.7200000,20.9900000,337768
151119,000000,20.9900000,21.3900000,20.4400000,20.8800000,351968
161119,000000,20.8900000,20.8900000,20.8900000,20.8900000,1203
181119,000000,21.0900000,21.2200000,20.0000000,20.7400000,377464
191119,000000,20.7600000,21.0300000,20.4400000,20.5800000,395034
201119,000000,20.5700000,20.9800000,20.2400000,20.3800000,401535
211119,000000,20.3700000,20.8800000,20.1100000,20.1500000,329485
221119,000000,20.1500000,20.9400000,20.1500000,20.5700000,377038
231119,000000,20.5600000,20.6500000,20.5600000,20.6500000,424
251119,000000,20.6300000,21.0000000,20.4000000,20.4400000,360335
261119,000000,20.4400000,20.7200000,20.1400000,20.2600000,344652
271119,000000,20.4000000,20.8000000,20.1800000,20.6000000,345439
281119,000000,20.6000000,20.7900000,20.6000000,20.6500000,1101
291119,000000,20.7900000,20.7900000,20.1600000,20.4500000,226016
021219,000000,20.4200000,20.9600000,20.3300000,20.3300000,345292
031219,000000,20.3300000,20.5700000,19.5100000,19.7800000,411914
041219,000000,19.7900000,20.3800000,19.6100000,19.7600000,396909
051219,000000,19.7600000,20.0400000,19.7100000,19.8800000,472128
061219,000000,19.8700000,20.8900000,19.8000000,20.6000000,821357
071219,000000,20.6000000,20.7400000,20.6000000,20.7400000,1914
091219,000000,20.7900000,20.8000000,20.1300000,20.2400000,421136
101219,000000,20.2500000,20.7200000,20.0000000,20.6500000,417636
111219,000000,20.6500000,20.9200000,20.4400000,20.6500000,459365
121219,000000,20.6500000,21.3400000,20.3000000,21.2600000,452985
131219,000000,21.2700000,21.6000000,20.6000000,20.6800000,592495
141219,000000,20.6900000,20.7000000,20.6500000,20.6500000,2608
161219,000000,20.6300000,21.3900000,20.6000000,20.9800000,336572
171219,000000,20.9800000,21.1000000,20.5200000,20.7100000,388276
181219,000000,20.7100000,21.0300000,20.5100000,20.9400000,314984
191219,000000,20.9500000,21.6600000,20.6000000,21.4800000,443798
201219,000000,21.6800000,21.7000000,20.9900000,21.2300000,484518
211219,000000,21.3500000,21.3500000,21.2300000,21.3500000,372
231219,000000,21.4400000,21.7000000,21.2600000,21.4800000,218076
241219,000000,21.4800000,21.9200000,21.2000000,21.3700000,129305
261219,000000,21.5800000,21.6800000,21.2400000,21.4400000,169621
271219,000000,21.4100000,21.7800000,21.3300000,21.5800000,282338
281219,000000,21.5800000,21.5800000,21.4100000,21.4100000,1634
301219,000000,21.4100000,21.6800000,21.3100000,21.3400000,255248
311219,000000,21.3400000,21.6600000,21.0100000,21.5200000,281782
010120,000000,21.5100000,21.5100000,21.5100000,21.5100000,648
020120,000000,21.7000000,21.8600000,21.3100000,21.4000000,339778
030120,000000,21.4200000,21.6000000,21.0100000,21.4900000,369380
040120,000000,21.4900000,21.6000000,21.4900000,21.5000000,607
060120,000000,21.2800000,21.5000000,20.9000000,21.0000000,427498
070120,000000,21.0000000,21.5400000,20.9000000,21.3200000,438241
080120,000000,21.3200000,21.3900000,20.4000000,20.4600000,434492
090120,000000,20.4600000,20.8400000,19.7400000,19.7900000,663716
100120,000000,19.9200000,20.0700000,19.3400000,19.4500000,473169
110120,000000,19.4500000,19.6400000,19.4500000,19.6400000,1726
130120,000000,19.4100000,19.8600000,19.1600000,19.6100000,670078
140120,000000,19.8000000,20.5400000,19.4500000,20.3700000,556436
150120,000000,20.3600000,20.6300000,20.0400000,20.1900000,635221
160120,000000,20.1800000,20.6500000,17.7400000,17.7900000,2566012
170120,000000,17.8800000,18.2500000,17.5200000,17.6800000,980252
180120,000000,17.7800000,17.8000000,17.5900000,17.6900000,1298
210120,000000,18.0100000,18.0200000,17.1000000,17.1200000,817452
220120,000000,17.1300000,17.2700000,16.5000000,16.5900000,1152875
230120,000000,16.5600000,16.7000000,15.9500000,16.2900000,909009
240120,000000,16.2900000,16.6000000,15.3500000,15.5200000,952547
250120,000000,15.5100000,15.5500000,15.5100000,15.5300000,13061
270120,000000,15.5400000,15.5500000,14.8000000,14.8700000,843847
280120,000000,14.8700000,15.2400000,14.6600000,14.7000000,648319
290120,000000,14.5400000,14.8800000,14.5300000,14.5500000,95233
310120,000000,14.1400000,14.2400000,13.7700000,13.8200000,295614
030220,000000,13.9300000,14.4200000,13.9200000,14.2500000,835880
040220,000000,14.2500000,14.9400000,14.1400000,14.7000000,826616
050220,000000,14.7000000,15.8900000,14.6400000,15.8200000,1036715
060220,000000,15.8100000,16.3300000,15.6400000,15.9100000,930843
070220,000000,15.9200000,16.0900000,15.3300000,15.5400000,673037
080220,000000,15.5400000,15.5700000,15.5000000,15.5700000,6374
100220,000000,15.7700000,15.7700000,15.1600000,15.4200000,554072
110220,000000,15.4300000,16.2100000,15.3100000,15.7600000,551650
120220,000000,15.7400000,16.2000000,15.5800000,15.7700000,569788
130220,000000,15.7600000,15.9400000,15.4600000,15.7600000,368707
140220,000000,15.7500000,16.0000000,15.4300000,15.6700000,569443
150220,000000,15.4200000,15.8400000,15.1600000,15.5100000,2787
180220,000000,15.5100000,15.8500000,15.4800000,15.6100000,888
210220,000000,16.0400000,16.2900000,15.8500000,16.1100000,777159
220220,000000,16.0600000,16.1000000,16.0600000,16.0600000,2736
240220,000000,16.1000000,16.1000000,14.9700000,15.3500000,620915
250220,000000,15.3600000,15.6900000,14.3100000,14.5000000,662396
260220,000000,14.5000000,14.8700000,14.1200000,14.1200000,691903
270220,000000,14.2500000,14.3600000,13.1000000,13.4600000,961808
280220,000000,13.4000000,13.8900000,12.8300000,13.8700000,1155250
290220,000000,13.8700000,14.0000000,13.5500000,14.0000000,7710
020320,000000,14.1000000,14.4900000,13.1200000,13.7200000,854432
030320,000000,13.3500000,14.0400000,12.7100000,12.9400000,1364788
040320,000000,12.9400000,13.4000000,12.5800000,12.8800000,909152
050320,000000,12.8800000,12.8800000,11.6800000,11.8800000,1522330
060320,000000,12.0000000,12.0000000,10.8000000,11.0000000,1421925
070320,000000,11.0500000,11.2000000,10.8100000,11.2000000,12620
090320,000000,10.5000000,10.5000000,8.6100000,9.0000000,1364691
100320,000000,9.0300000,9.7300000,8.5000000,9.5000000,1294088
110320,000000,9.2000000,9.5000000,8.3000000,8.8400000,1046211
120320,000000,8.8900000,9.1000000,7.2400000,7.5900000,1517528
130320,000000,7.5900000,8.3500000,7.1600000,7.8000000,1083793
140320,000000,7.7700000,8.1000000,7.7700000,8.1000000,409
160320,000000,7.9400000,7.9400000,6.7300000,6.9300000,725426
170320,000000,6.9400000,7.3600000,6.6200000,7.0300000,969216
180320,000000,7.0100000,7.0100000,5.2800000,5.7500000,1061999
190320,000000,5.7500000,6.1600000,5.2000000,5.8400000,725052
200320,000000,6.0400000,6.5500000,5.2900000,5.5400000,1330844
210320,000000,5.5400000,5.5400000,5.4000000,5.5300000,638
230320,000000,5.5400000,5.9400000,5.1700000,5.8200000,995536
240320,000000,5.7900000,7.4800000,5.6500000,7.4000000,1676619
250320,000000,7.2000000,8.5000000,7.0200000,7.4000000,1620728
260320,000000,7.2000000,7.3800000,6.7300000,6.8700000,1599693
270320,000000,6.8700000,7.1000000,6.0500000,6.6900000,1045833
280320,000000,6.5600000,6.6100000,6.5000000,6.5000000,49
300320,000000,6.5000000,6.7600000,6.0000000,6.0500000,932706
310320,000000,6.0700000,6.6200000,5.8800000,6.1700000,1715830
010420,000000,6.1000000,6.6100000,5.7400000,6.3500000,1406586
020420,000000,6.1900000,6.6800000,5.9200000,6.2200000,1321363
030420,000000,6.2000000,6.2700000,5.7800000,6.0100000,1102028
040420,000000,6.0000000,6.0100000,5.9700000,5.9700000,114
060420,000000,6.0400000,6.8400000,6.0400000,6.5300000,1523748
070420,000000,6.5500000,7.7500000,6.5300000,7.1600000,2372014
080420,000000,7.1600000,7.4600000,6.9400000,7.3000000,986952
090420,000000,7.3000000,8.0200000,7.2200000,7.5800000,1482851
130420,000000,7.8000000,7.8700000,6.8100000,7.5100000,1177743
140420,000000,7.7800000,8.3800000,7.5600000,7.7200000,1485609
150420,000000,7.8100000,7.8700000,7.0200000,7.3400000,1233478
160420,000000,7.3400000,7.4400000,6.8000000,7.0000000,937767
170420,000000,7.1600000,7.6100000,6.8500000,7.5400000,1441211
180420,000000,7.5400000,7.5400000,7.4800000,7.5100000,3807
200420,000000,7.6000000,7.8700000,7.2500000,7.5500000,1076918
210420,000000,7.4800000,7.5500000,7.0600000,7.3800000,808822
220420,000000,7.3800000,8.1400000,7.2700000,7.7400000,1254009
230420,000000,7.8200000,8.0700000,7.2400000,7.3600000,2387298
240420,000000,7.3700000,7.5900000,7.0200000,7.1800000,1761868
250420,000000,7.1600000,7.1800000,7.0600000,7.1800000,1193
270420,000000,7.4300000,7.4900000,6.9900000,7.3500000,1302416
280420,000000,7.3700000,8.1000000,7.2200000,7.8200000,1807369
290420,000000,7.8200000,8.8900000,7.8200000,8.7600000,1588489
300420,000000,8.7100000,9.8000000,8.0700000,8.1500000,1592403
010520,000000,8.1500000,8.5000000,7.5800000,7.7300000,1349804
020520,000000,7.7300000,7.7400000,7.6100000,7.7100000,1452
040520,000000,7.8700000,7.8900000,7.2000000,7.7800000,1095846
050520,000000,7.7800000,8.3900000,7.7200000,7.7700000,1252690
060520,000000,7.7900000,8.0500000,7.5900000,7.6800000,967656
070520,000000,7.7600000,8.0100000,7.3600000,7.5700000,1416182
080520,000000,7.5800000,8.0900000,7.4700000,8.0000000,1419322
090520,000000,7.9200000,8.0500000,7.9200000,8.0200000,622
110520,000000,8.0500000,8.1500000,7.6600000,7.8100000,870000
120520,000000,7.8100000,7.9600000,7.2800000,7.3500000,1103309
130520,000000,7.3400000,7.4600000,6.8700000,7.0800000,1403755
140520,000000,7.0800000,7.1600000,6.3800000,6.8600000,1537395
150520,000000,6.8700000,7.0400000,6.6200000,6.7400000,1105398
160520,000000,6.7400000,6.7400000,6.6600000,6.6600000,2523
180520,000000,7.0800000,7.8800000,6.7400000,7.7500000,2125497
190520,000000,7.7500000,8.2000000,7.5800000,7.7500000,1626787
200520,000000,7.7500000,8.4400000,7.7500000,8.2800000,1647003
210520,000000,8.2900000,8.6700000,8.0300000,8.2500000,1001142
220520,000000,8.2500000,8.3600000,8.0200000,8.2600000,819796
230520,000000,8.2500000,8.2900000,8.1800000,8.2700000,470
260520,000000,8.4500000,8.9900000,8.2800000,8.8800000,1386697
270520,000000,8.8600000,9.8500000,8.7600000,9.8500000,1634117
280520,000000,9.8500000,10.6600000,9.4100000,9.5500000,2410195
290520,000000,9.6200000,9.6700000,8.9700000,9.4400000,1148918
300520,000000,9.4400000,9.5500000,9.2700000,9.4500000,690
010620,000000,9.2200000,9.7000000,9.1500000,9.4600000,1107584
020620,000000,9.5300000,10.0400000,9.3300000,9.9000000,1166066
030620,000000,9.9000000,10.8900000,9.8700000,10.7900000,1374149
040620,000000,10.7000000,11.6500000,10.4800000,11.4800000,1861100
050620,000000,11.5900000,13.8600000,11.4900000,12.0500000,3862647
060620,000000,12.0500000,12.0500000,12.0000000,12.0100000,2795
080620,000000,12.2400000,13.0500000,11.8300000,13.0200000,2240910
090620,000000,12.9400000,13.3000000,12.0000000,12.4300000,1573178
100620,000000,12.6100000,12.7000000,11.9400000,12.1000000,1774300
110620,000000,12.3000000,12.3200000,10.2700000,10.5000000,1766191
120620,000000,10.5000000,11.7300000,10.3900000,11.5800000,1893667
130620,000000,11.5600000,11.5900000,11.4000000,11.4300000,7843
150620,000000,11.0000000,11.5300000,10.5400000,11.4100000,1431554
160620,000000,11.4100000,12.3000000,11.3800000,11.6000000,1613729
170620,000000,11.6000000,11.8100000,11.2300000,11.7600000,1304644
180620,000000,11.7600000,11.9300000,11.1400000,11.6500000,1102722
190620,000000,11.6500000,12.0000000,11.3500000,11.5000000,1449859
200620,000000,11.6000000,11.6000000,11.4100000,11.4400000,671
220620,000000,11.6000000,11.9000000,11.2200000,11.8000000,1063893
230620,000000,11.8000000,12.4900000,11.6600000,12.1500000,1238594
240620,000000,12.1100000,12.3700000,10.9000000,11.2400000,1327952
250620,000000,11.2400000,11.8300000,10.4200000,11.7800000,1152828
260620,000000,11.6600000,11.8400000,10.8000000,10.9800000,1481980
270620,000000,11.0900000,11.0900000,10.9700000,10.9800000,265
290620,000000,10.9800000,11.2500000,10.7000000,10.9400000,1395875
300620,000000,10.9400000,11.3600000,10.7400000,11.2000000,1101700
010720,000000,11.2100000,11.6600000,10.9000000,11.0300000,1367395
020720,000000,11.0300000,11.6700000,10.8600000,10.9800000,1291438
030720,000000,11.0000000,11.0100000,10.9800000,11.0100000,692
060720,000000,11.2000000,11.5700000,11.0000000,11.4400000,1180065
070720,000000,11.3300000,11.6400000,11.1200000,11.3100000,871117
080720,000000,11.3100000,12.1800000,10.8900000,11.0600000,2199275
090720,000000,11.1300000,11.2200000,10.4600000,10.6700000,1297051
100720,000000,10.5500000,11.4800000,10.3200000,11.3700000,1465000
110720,000000,11.3500000,11.4400000,11.3000000,11.3000000,1851
130720,000000,11.5200000,11.9700000,11.2900000,11.5300000,1233739
140720,000000,11.4400000,12.7000000,11.2400000,12.6000000,1761871
150720,000000,12.6100000,14.0500000,12.1300000,13.4600000,2000165
160720,000000,13.4500000,13.7000000,12.7500000,13.4500000,2592359
170720,000000,13.3900000,13.8600000,12.7800000,13.0800000,1692284
180720,000000,13.0800000,13.0800000,12.9700000,13.0700000,123
200720,000000,13.0000000,13.2000000,12.7100000,12.8200000,931172
210720,000000,12.8200000,13.2700000,12.7500000,13.1800000,1056065
220720,000000,13.1800000,13.3900000,13.0100000,13.1000000,823349
230720,000000,13.0600000,13.3000000,12.6300000,12.8000000,1090772
240720,000000,12.7700000,12.8600000,12.2000000,12.7500000,850073
250720,000000,12.6400000,12.8000000,12.6400000,12.8000000,10
