230118,000000,177.0000000,179.4300000,176.8200000,176.9600000,9650694
240118,000000,176.9700000,177.9800000,173.2000000,174.2100000,11823430
250118,000000,174.2200000,175.2300000,170.5300000,171.1000000,10571560
260118,000000,171.1100000,172.7600000,170.0600000,171.4000000,8999088
270118,000000,171.5100000,171.5100000,171.0000000,171.4000000,2834831
290118,000000,171.5100000,174.0000000,167.0800000,167.9600000,9752681
300118,000000,168.0500000,168.2100000,164.7000000,166.9600000,12996811
310118,000000,166.9700000,168.4400000,165.5400000,167.4700000,8221165
010218,000000,167.4700000,170.0000000,166.3600000,167.7700000,8399553
020218,000000,167.7800000,174.2500000,160.1000000,160.4100000,24888032
030218,000000,160.5000000,160.8400000,160.0100000,160.1300000,3547328
050218,000000,160.0300000,163.8700000,156.0000000,156.4900000,16832092
060218,000000,156.4900000,163.7100000,150.0000000,163.0900000,19875835
070218,000000,163.0300000,163.4800000,159.0700000,159.5200000,14913077
080218,000000,159.5200000,161.0000000,155.0500000,155.1600000,15455625
090218,000000,155.1500000,157.8900000,150.2500000,156.2200000,18829088
100218,000000,156.4100000,156.7300000,155.9300000,156.6500000,2703802
120218,000000,158.0400000,163.8900000,157.0000000,162.7500000,13475541
130218,000000,162.7100000,164.7500000,161.4400000,164.3400000,10736103
140218,000000,164.3400000,165.4600000,161.7900000,163.4000000,1532597
150218,000000,169.1700000,173.0900000,168.8700000,173.0000000,11812130
160218,000000,172.9900000,174.8100000,171.7700000,172.4500000,11537213
170218,000000,172.4300000,172.7400000,171.9500000,172.1000000,1669030
200218,000000,172.1400000,174.2600000,170.0700000,171.8300000,7488996
210218,000000,171.8500000,174.1200000,171.0100000,171.0800000,10257637
220218,000000,171.0700000,173.9500000,169.3400000,172.6000000,8973574
230218,000000,172.5000000,175.6500000,172.5000000,175.5500000,8868578
240218,000000,175.5000000,175.7600000,175.2900000,175.6300000,1875084
260218,000000,175.9800000,179.3900000,175.8300000,178.9700000,7931695
270218,000000,178.9700000,180.4700000,176.9500000,178.3600000,10216612
280218,000000,178.3900000,180.6100000,178.0500000,178.1300000,8094801
010318,000000,178.1300000,179.7600000,172.6800000,174.9500000,14491445
020318,000000,175.0000000,176.2100000,172.5000000,176.1800000,1813188
050318,000000,174.8000000,177.7300000,174.5200000,176.8300000,5536775
060318,000000,176.8200000,178.2500000,176.1400000,176.6800000,7548073
070318,000000,176.6700000,176.7000000,173.4000000,175.0200000,8365594
080318,000000,175.0300000,177.1100000,174.8000000,176.9500000,7670544
090318,000000,176.9400000,180.0000000,176.5700000,179.9900000,8777600
100318,000000,179.9800000,179.9800000,179.7400000,179.8000000,2202774
120318,000000,180.0000000,182.3900000,180.0000000,181.8000000,8492441
130318,000000,181.8300000,183.4900000,179.2400000,179.8200000,8929286
140318,000000,179.7500000,181.3100000,177.8200000,178.2000000,8687800
150318,000000,178.0900000,180.2100000,178.0800000,178.9700000,7121414
160318,000000,178.8100000,179.1200000,177.6200000,178.0000000,19358955
170318,000000,178.0100000,178.0500000,177.9500000,178.0200000,1007
190318,000000,177.0000000,177.4700000,173.6600000,175.7400000,9907391
200318,000000,175.6500000,176.7900000,174.9400000,175.2900000,6637244
210318,000000,175.3100000,175.4600000,171.2600000,171.4000000,10038219
220318,000000,171.4300000,172.6700000,168.5500000,168.7000000,11889972
230318,000000,168.9000000,169.9200000,164.9000000,165.0400000,13002650
240318,000000,165.0400000,165.2500000,164.9400000,165.1500000,15570
260318,000000,167.6800000,173.1000000,166.4400000,172.5600000,8707204
270318,000000,172.7800000,175.1500000,167.0000000,168.4500000,11554146
280318,000000,168.4000000,170.0200000,165.1900000,166.8000000,12079241
290318,000000,166.8600000,171.7500000,166.2400000,168.2300000,14444139
300318,000000,168.2000000,168.4800000,168.1700000,168.1800000,88034
020418,000000,168.5000000,169.3200000,164.4900000,166.5000000,12935222
030418,000000,166.5300000,168.7400000,164.8800000,168.4000000,9685412
040418,000000,168.4000000,172.0000000,163.6000000,171.4900000,11501713
050418,000000,171.4900000,174.2300000,171.4500000,172.7500000,7963058
060418,000000,172.7500000,172.7800000,168.2000000,168.5500000,10937964
070418,000000,168.6000000,168.6700000,168.3500000,168.5500000,8858
090418,000000,170.1400000,173.0400000,169.6600000,170.0500000,9004105
100418,000000,170.1100000,180.0000000,170.0100000,173.1900000,9428585
110418,000000,173.1900000,173.9200000,171.5800000,172.3500000,6517475
120418,000000,172.4400000,174.9900000,171.9900000,174.1900000,7085913
130418,000000,174.1900000,175.8400000,173.6500000,174.8100000,7087124
140418,000000,174.8200000,174.8900000,174.8000000,174.8500000,520
160418,000000,175.3100000,176.3000000,174.8400000,175.9300000,6611180
170418,000000,175.9400000,178.9300000,175.8700000,178.2300000,7494436
180418,000000,178.2300000,178.8200000,176.8800000,177.9900000,6330937
190418,000000,177.9500000,178.2000000,172.6500000,172.7200000,10278763
200418,000000,172.7200000,173.0000000,165.4300000,165.8400000,18589225
210418,000000,165.8400000,166.2100000,165.8200000,166.1900000,9329
230418,000000,166.2200000,167.2500000,164.0900000,165.2100000,10862456
240418,000000,165.2500000,166.3300000,161.2300000,163.1500000,10250835
250418,000000,163.0300000,167.0000000,162.0000000,164.1500000,8726303
260418,000000,164.1500000,165.7200000,163.3800000,164.9000000,8815493
270418,000000,164.9000000,165.1600000,160.6300000,162.4900000,10204891
280418,000000,162.4400000,162.4800000,162.1200000,162.2500000,2689
300418,000000,163.1800000,167.2500000,161.8400000,165.3900000,11837251
010518,000000,165.3500000,178.0000000,165.2700000,175.4000000,12508258
020518,000000,175.4900000,177.7500000,170.8900000,176.3800000,16968827
030518,000000,176.4200000,177.5000000,174.4600000,177.0400000,10191533
040518,000000,176.9700000,184.2500000,176.1700000,183.9000000,14404235
050518,000000,183.9700000,184.0900000,183.8900000,184.0500000,14729
070518,000000,184.5600000,187.6600000,184.1000000,185.0200000,9920491
080518,000000,185.0500000,186.2200000,183.6700000,186.0000000,7355804
090518,000000,186.0400000,187.5000000,185.2200000,187.4000000,6580984
100518,000000,187.3800000,190.3600000,186.7700000,189.5900000,6939451
110518,000000,189.6600000,190.0500000,187.4500000,188.6300000,7110687
120518,000000,188.5800000,188.6500000,188.5600000,188.5600000,586
140518,000000,189.2200000,189.5300000,187.8600000,188.0500000,6156720
150518,000000,188.0500000,188.1000000,185.1100000,186.3400000,7058686
160518,000000,186.2600000,188.4500000,185.0200000,188.1400000,5762071
170518,000000,188.1400000,188.9000000,186.3700000,186.9000000,4881946
180518,000000,186.7800000,187.8200000,186.1300000,186.4100000,6007923
190518,000000,186.5000000,186.5000000,186.2000000,186.2000000,1141
210518,000000,187.1900000,189.2700000,186.9100000,187.6300000,5138311
220518,000000,187.6600000,188.8800000,186.7800000,187.3500000,4364869
230518,000000,187.3100000,188.5000000,184.8900000,188.2600000,5955837
240518,000000,188.2900000,189.0100000,186.2100000,188.2000000,5343492
250518,000000,188.2000000,189.6500000,187.6500000,188.5700000,5020605
260518,000000,188.6000000,188.7200000,188.5800000,188.7200000,1813
290518,000000,187.7500000,188.7400000,186.5100000,188.0100000,7040403
300518,000000,188.0900000,188.6700000,186.7800000,187.4000000,5512507
310518,000000,187.3500000,188.2300000,186.1400000,186.8300000,10129546
010618,000000,186.8800000,190.3500000,186.8100000,190.3000000,6365855
020618,000000,190.3300000,190.5000000,190.2000000,190.5000000,12413
040618,000000,191.0400000,193.4100000,190.9300000,191.8800000,5999217
050618,000000,191.9200000,193.9300000,191.9200000,193.3400000,5178127
060618,000000,193.3400000,194.1400000,191.9200000,193.8400000,5993081
070618,000000,193.8400000,194.5000000,192.3400000,193.2700000,5474618
080618,000000,193.2700000,193.2700000,188.6000000,191.7000000,7805886
090618,000000,191.7000000,192.0000000,191.7000000,192.0000000,2451
110618,000000,191.1300000,191.9700000,190.2200000,191.2500000,4524965
120618,000000,191.1600000,192.6100000,190.8300000,192.2800000,4895039
130618,000000,192.2800000,192.8700000,190.4600000,190.6800000,7107385
140618,000000,190.6800000,191.5700000,190.2200000,190.8100000,6992421
150618,000000,190.8400000,190.8800000,188.3000000,188.8800000,34437369
160618,000000,188.8000000,188.8000000,187.8700000,188.8000000,5914
180618,000000,188.0300000,189.2200000,187.2000000,188.7200000,5935550
190618,000000,188.7500000,188.8000000,183.4500000,185.6800000,9660274
200618,000000,185.6800000,189.0800000,184.9300000,186.5700000,5993302
210618,000000,186.5500000,188.3400000,184.9500000,185.0200000,6124173
220618,000000,185.1000000,189.8900000,184.7900000,184.9800000,10593088
230618,000000,185.0200000,185.0200000,184.8700000,184.9400000,649
250618,000000,183.8900000,184.9200000,180.7300000,182.1600000,9055560
260618,000000,182.1000000,186.5200000,182.0200000,184.3500000,8111783
270618,000000,184.3100000,187.2700000,182.5000000,186.2700000,7203149
280618,000000,184.1900000,186.2100000,183.4200000,185.5900000,5578623
290618,000000,185.5800000,187.4100000,182.9100000,185.1900000,7923720
300618,000000,185.1800000,185.1800000,184.8000000,185.1000000,997
020718,000000,184.0000000,187.3000000,183.4200000,187.1100000,5733657
030718,000000,187.1600000,187.9500000,183.5400000,183.9900000,4782663
050718,000000,184.1600000,186.4100000,184.1600000,185.5400000,5205556
060718,000000,185.4600000,188.4300000,184.6300000,188.2800000,5980813
070718,000000,188.2800000,188.2800000,188.1600000,188.2500000,3495
090718,000000,188.8000000,190.8300000,188.5300000,190.7400000,5892148
100718,000000,190.7700000,191.2800000,189.3700000,189.5400000,4696980
110718,000000,189.6000000,189.9000000,187.6800000,188.0000000,6582259
120718,000000,188.0000000,191.4100000,187.8400000,190.8800000,5951782
130718,000000,190.8800000,191.8400000,190.7200000,191.4000000,3967361
140718,000000,191.3400000,191.3400000,191.3300000,191.3300000,109
160718,000000,191.5400000,192.6500000,189.6500000,189.9800000,4677799
170718,000000,189.9700000,191.8700000,189.2000000,191.5200000,5039216
180718,000000,191.6000000,192.3800000,189.9300000,190.2700000,4529678
190718,000000,190.3000000,192.5500000,189.6600000,192.1900000,6803260
200718,000000,192.1500000,192.7000000,190.1900000,191.4000000,8677606
210718,000000,191.2200000,191.4000000,191.2200000,191.3600000,6544
230718,000000,191.0600000,192.0900000,189.5600000,191.5800000,5124654
240718,000000,191.6700000,193.6600000,191.1500000,193.0500000,6071216
250718,000000,193.0400000,194.8500000,192.4300000,194.4000000,5665184
260718,000000,194.3100000,195.9500000,191.5000000,194.3500000,6161993
270718,000000,194.3500000,195.2300000,190.1200000,190.8400000,6647533
280718,000000,190.9000000,191.1100000,190.8200000,190.9800000,13662
300718,000000,190.4500000,192.2000000,189.0700000,189.9900000,5833955
310718,000000,190.0100000,196.6300000,189.3400000,195.7200000,10670741
010818,000000,195.7800000,201.9100000,194.3800000,201.6400000,17429701
020818,000000,201.6500000,208.3800000,199.0000000,207.4000000,14585046
030818,000000,207.4200000,208.7400000,205.4900000,208.0200000,8405045
040818,000000,208.0800000,208.1000000,207.9300000,207.9500000,6349
060818,000000,208.3700000,209.2500000,207.0800000,209.0000000,6824402
070818,000000,209.0000000,209.8900000,206.7600000,207.0600000,6499994
080818,000000,207.1200000,207.8000000,204.5200000,206.9900000,6598880
090818,000000,206.9200000,209.7800000,206.5900000,208.8200000,6164747
100818,000000,208.8000000,209.0900000,206.6700000,207.7200000,6220669
110818,000000,207.5700000,207.7800000,207.5700000,207.7800000,1004
130818,000000,207.0900000,210.9600000,206.8800000,209.0500000,6958094
140818,000000,208.9900000,210.5600000,208.2600000,209.8500000,5193716
150818,000000,209.8800000,210.7300000,208.0000000,210.4000000,8563722
160818,000000,210.4000000,213.8200000,210.2700000,212.9500000,7597350
170818,000000,212.9500000,217.9500000,212.8100000,217.5100000,8713594
180818,000000,217.5400000,217.5400000,217.4200000,217.5300000,6516
200818,000000,219.0100000,219.6400000,215.1000000,215.4200000,7024006
210818,000000,215.3700000,217.1900000,214.0200000,214.4600000,6599562
220818,000000,214.5500000,216.3500000,213.7500000,215.0700000,5541881
230818,000000,215.0700000,217.0400000,214.5600000,215.6500000,5731255
240818,000000,215.5600000,216.8900000,215.1100000,216.1300000,5367800
250818,000000,216.0600000,216.2500000,216.0600000,216.2000000,474
270818,000000,217.1900000,218.7300000,216.3200000,217.9500000,5708770
280818,000000,217.9200000,220.5400000,217.9200000,219.8000000,6013799
290818,000000,218.1300000,223.4900000,218.1300000,223.3000000,7323098
300818,000000,223.3500000,228.2600000,222.4100000,225.1600000,11421472
310818,000000,225.1000000,228.8700000,224.8200000,227.7900000,13120670
010918,000000,227.6800000,227.9700000,227.6800000,227.9100000,8139
040918,000000,228.7900000,232.5000000,226.6300000,228.4900000,7792643
050918,000000,228.4200000,229.6800000,225.1000000,226.9200000,9242851
060918,000000,226.9200000,228.0000000,221.3000000,223.0500000,9204544
070918,000000,223.0900000,225.3700000,220.6300000,221.1900000,10557668
080918,000000,221.1900000,221.1900000,219.5200000,220.2300000,39429
100918,000000,221.2200000,222.4900000,216.4700000,218.1600000,12630261
110918,000000,218.1600000,224.2900000,216.5600000,224.0700000,9559473
120918,000000,224.0800000,225.6300000,219.8400000,221.0700000,12678485
130918,000000,221.0700000,228.3500000,220.8900000,226.6100000,10384912
140918,000000,226.7500000,228.1900000,222.5300000,223.7800000,8664636
150918,000000,223.7800000,223.8500000,223.3500000,223.4000000,10314
170918,000000,224.1500000,224.2300000,217.2700000,217.9300000,10937021
180918,000000,217.9400000,222.7000000,216.0000000,218.1000000,8436870
190918,000000,218.1000000,219.6300000,215.3000000,218.6900000,7614485
200918,000000,218.6900000,222.2900000,218.5900000,220.6700000,8684609
210918,000000,220.6300000,221.4500000,217.3000000,217.7200000,49043472
220918,000000,217.9100000,217.9700000,217.7500000,217.7600000,10598
240918,000000,217.6500000,221.2500000,216.3000000,220.9300000,8629797
250918,000000,220.9900000,222.8200000,219.2500000,222.2000000,7815308
260918,000000,222.1900000,223.7500000,219.8700000,220.4800000,7411789
270918,000000,220.5200000,226.4400000,220.4600000,224.8700000,9026832
280918,000000,224.8700000,225.9500000,223.6100000,225.8300000,7840530
290918,000000,225.9600000,225.9600000,225.8200000,225.8900000,3158
011018,000000,227.0400000,229.4200000,225.8600000,227.3300000,5876586
021018,000000,227.2500000,230.0000000,225.9000000,229.2200000,6437264
031018,000000,229.2200000,233.4700000,229.1200000,231.7600000,6991432
041018,000000,231.7500000,232.3400000,226.7400000,228.2400000,8216161
051018,000000,228.3300000,228.5200000,220.5800000,224.5000000,8412358
061018,000000,224.4500000,224.4500000,224.0800000,224.0800000,3136
081018,000000,224.2500000,224.8000000,220.2000000,224.0000000,7882368
091018,000000,224.0200000,227.9900000,221.8400000,226.7800000,6489275
101018,000000,226.8300000,227.4400000,214.5100000,214.6000000,12318533
111018,000000,214.6000000,219.5000000,206.7400000,215.8000000,13289707
121018,000000,215.8000000,222.8800000,215.4500000,222.5300000,11481814
131018,000000,222.4900000,222.7500000,222.3500000,222.7500000,12372
151018,000000,220.6900000,221.8300000,217.0400000,217.0400000,7505058
161018,000000,217.0300000,223.4100000,216.7800000,222.8500000,7992942
171018,000000,222.8600000,224.5000000,219.3400000,221.3500000,6497909
181018,000000,221.3100000,221.3700000,214.8600000,216.4900000,8841760
191018,000000,216.4900000,221.2600000,216.1100000,219.0700000,9196965
201018,000000,219.0700000,219.0900000,218.7700000,218.9500000,4477
221018,000000,220.1900000,223.3600000,218.9000000,220.6000000,7507684
231018,000000,220.5000000,223.2500000,214.6900000,223.1000000,9748145
241018,000000,223.1500000,224.2300000,214.5500000,217.1000000,10238049
251018,000000,217.0200000,221.3600000,216.0000000,217.1500000,8509096
261018,000000,217.4000000,220.7900000,212.6700000,216.5900000,12546413
271018,000000,216.6600000,217.0000000,216.5800000,216.7700000,4998
291018,000000,217.5300000,220.4000000,206.9100000,211.8200000,12504035
301018,000000,211.8500000,215.1800000,209.2700000,214.3000000,11106364
311018,000000,214.3700000,220.4500000,213.0000000,218.7500000,11275575
011118,000000,218.7000000,223.5000000,210.5400000,213.0000000,12690466
021118,000000,213.0600000,220.0000000,205.0000000,206.8500000,24791920
031118,000000,206.7000000,206.8200000,206.1600000,206.5500000,17324
051118,000000,206.6500000,207.5900000,198.1700000,201.5900000,13142225
061118,000000,201.5700000,204.7200000,200.2100000,203.7800000,8466050
071118,000000,203.7800000,210.0000000,203.7700000,209.9600000,9005903
081118,000000,209.9500000,211.4100000,206.7500000,208.4900000,7205366
091118,000000,208.4900000,208.5200000,202.2600000,204.4700000,8092696
101118,000000,204.4700000,204.4700000,203.9400000,203.9400000,3049588
121118,000000,204.1400000,206.0900000,193.7800000,194.2000000,11997301
131118,000000,194.1700000,197.1800000,191.1900000,192.2300000,10711785
141118,000000,192.2300000,194.4800000,185.9300000,186.8000000,13067854
151118,000000,186.8000000,191.9600000,186.5600000,191.4100000,12411023
161118,000000,191.4100000,194.9600000,188.6200000,193.5300000,10798198
171118,000000,193.5300000,193.9500000,193.5100000,193.9500000,2576563
191118,000000,194.1000000,195.7400000,184.9900000,185.8600000,8267085
201118,000000,185.8600000,186.0200000,175.5100000,176.9400000,16926974
211118,000000,176.9600000,180.2700000,176.2000000,176.7600000,9119949
221118,000000,176.7800000,176.9500000,176.5100000,176.9200000,1848820
231118,000000,174.2200000,176.9900000,171.8500000,171.9500000,5671535
241118,000000,171.9500000,172.2000000,171.9300000,172.0000000,7106
261118,000000,172.8500000,175.7700000,170.2700000,174.6300000,8068535
271118,000000,174.6300000,174.7600000,170.8300000,174.2500000,10254818
281118,000000,174.2500000,181.2500000,174.1700000,180.9600000,11145422
291118,000000,180.9600000,182.8000000,177.7000000,179.5500000,10161450
301118,000000,179.5500000,180.9600000,177.0300000,178.6000000,7444188
011218,000000,178.4200000,179.0200000,178.3700000,178.7800000,32264
031218,000000,181.0000000,188.3600000,179.0000000,184.9300000,8279705
041218,000000,184.9300000,184.9300000,176.2700000,176.7100000,10868330
051218,000000,176.7100000,176.9200000,175.8500000,176.2000000,3714971
061218,000000,178.0000000,181.6000000,170.4200000,174.7600000,9306475
071218,000000,174.7600000,179.0000000,168.3100000,168.3700000,12420615
081218,000000,168.3800000,168.6900000,168.3100000,168.3900000,3026631
101218,000000,165.8800000,170.0900000,163.7300000,169.6000000,13128811
111218,000000,169.6000000,171.9500000,167.0000000,168.6300000,9615261
121218,000000,168.6300000,176.6000000,167.6200000,169.0900000,8607683
131218,000000,169.1000000,172.5600000,168.9100000,170.8400000,7585121
141218,000000,170.9500000,171.2900000,165.2900000,165.4000000,10291780
151218,000000,165.4800000,165.5200000,165.2500000,165.4200000,3105610
171218,000000,166.0400000,168.3500000,162.7300000,164.2100000,8703285
181218,000000,164.0200000,167.5300000,163.7700000,165.8900000,6213931
191218,000000,165.8400000,167.4400000,159.1300000,160.7400000,12057924
201218,000000,160.7300000,162.1000000,155.3000000,156.8500000,16624945
211218,000000,156.9000000,158.1500000,149.6300000,150.7600000,24075048
221218,000000,150.7300000,151.1100000,150.1700000,150.2500000,22801248
241218,000000,150.9300000,152.9700000,146.1900000,146.7000000,10255069
251218,000000,146.5700000,146.6500000,146.5600000,146.6500000,741
261218,000000,146.6000000,157.2300000,146.0000000,157.1700000,11438756
271218,000000,157.1700000,159.9700000,150.0700000,156.5300000,15464756
281218,000000,156.5300000,158.5100000,153.0500000,156.2300000,10262464
291218,000000,156.2900000,156.5000000,156.2300000,156.3000000,36243
311218,000000,159.3500000,159.3600000,156.5100000,157.9400000,6045881
010119,000000,157.9300000,158.1200000,157.4000000,158.1000000,3057227
020119,000000,156.4500000,159.2400000,154.1300000,157.9200000,6593773
030119,000000,157.9200000,157.9900000,142.0000000,142.0800000,24356636
040119,000000,142.1900000,148.5400000,142.1500000,148.2600000,17013490
050119,000000,148.2600000,148.2700000,148.0100000,148.0300000,3686876
070119,000000,149.6600000,150.8500000,143.5500000,147.8400000,12218296
080119,000000,147.9300000,151.8200000,147.3000000,150.7700000,10626730
090119,000000,150.7500000,154.5300000,149.6500000,153.3100000,10809466
100119,000000,153.3100000,153.9600000,150.8700000,153.8000000,8472824
110119,000000,153.8000000,154.8200000,151.5100000,152.3000000,7850731
120119,000000,152.3000000,152.3000000,152.1000000,152.1900000,1985848
140119,000000,151.4200000,151.9700000,149.2200000,149.9900000,6905660
150119,000000,149.9800000,153.3900000,149.6900000,153.0500000,8681048
160119,000000,153.0400000,155.8800000,152.6800000,154.9200000,7609330
170119,000000,154.9300000,157.6500000,153.1300000,155.8600000,7790642
180119,000000,155.8600000,157.9600000,155.0000000,156.8200000,10001852
190119,000000,156.8200000,156.8200000,156.4400000,156.6000000,2842597
220119,000000,156.1500000,156.7100000,152.6300000,153.6900000,6614789
230119,000000,153.6900000,155.1300000,151.7100000,153.9700000,8038649
240119,000000,153.9700000,155.1500000,151.7400000,152.7000000,7440042
250119,000000,152.7000000,158.1300000,152.1500000,157.7200000,9215612
260119,000000,157.7600000,157.9100000,157.5900000,157.7900000,1609160
280119,000000,157.4600000,157.8200000,153.6700000,156.3000000,5731906
290119,000000,156.3000000,158.1300000,154.1100000,154.6800000,8181419
300119,000000,154.6800000,166.1500000,151.0000000,165.2400000,15605439
310119,000000,165.2500000,168.9900000,164.5600000,166.2600000,9373271
010219,000000,166.4400000,168.9600000,166.0000000,166.7200000,5316485
020219,000000,166.5200000,166.7900000,166.5200000,166.6000000,4443876
040219,000000,166.8600000,171.6500000,166.4400000,171.0500000,21750
050219,000000,171.1300000,175.0500000,137.0000000,174.0500000,49927
060219,000000,174.1800000,175.5000000,172.9300000,174.1000000,51365
070219,000000,174.2200000,174.2200000,170.4100000,170.9300000,17363
080219,000000,169.3100000,170.6100000,167.3400000,170.4900000,18042
110219,000000,170.4000000,171.5300000,169.3500000,169.3600000,53567
120219,000000,169.3700000,171.3500000,169.3000000,170.7600000,17732
130219,000000,171.3000000,172.4800000,169.9200000,170.1800000,5005054
140219,000000,170.1800000,171.3600000,169.1800000,170.7900000,6423070
150219,000000,170.8000000,171.8500000,168.7100000,170.3800000,8629170
160219,000000,170.4200000,170.4200000,170.2400000,170.3800000,1554082
190219,000000,170.4800000,171.4400000,169.4100000,170.9400000,4222995
200219,000000,170.9100000,173.3200000,170.3000000,172.0900000,5985106
210219,000000,172.0300000,172.7400000,170.3100000,171.1400000,5608753
220219,000000,171.0600000,173.0000000,170.7800000,172.9700000,5452092
230219,000000,172.9900000,173.0900000,172.7000000,172.8000000,2713940
250219,000000,174.1200000,175.8600000,173.1200000,174.2500000,5360226
260219,000000,174.2300000,175.2900000,173.0000000,174.3500000,5119768
270219,000000,174.3400000,175.0000000,172.7300000,174.8600000,5548961
280219,000000,174.8700000,175.0000000,172.9100000,173.1700000,6421258
010319,000000,173.1500000,175.1400000,172.8900000,174.9700000,9410538
020319,000000,174.9700000,175.0800000,174.8400000,175.0800000,3241900
040319,000000,175.6700000,177.7500000,173.9800000,175.8600000,5319101
050319,000000,175.8600000,176.2000000,174.5400000,175.5100000,4907648
060319,000000,175.5300000,176.1000000,173.9500000,174.5100000,6091820
070319,000000,174.5200000,174.7900000,172.0300000,172.4700000,7011485
080319,000000,172.5000000,173.0700000,169.5000000,172.9200000,7604183
090319,000000,172.9100000,173.2900000,172.8300000,173.0800000,2796834
110319,000000,174.0000000,179.4900000,173.0200000,179.3600000,9189114
120319,000000,179.3600000,182.6700000,178.8600000,181.0000000,8417843
130319,000000,181.0000000,183.2900000,180.7700000,181.8500000,11059485
140319,000000,181.9500000,184.1600000,181.8000000,183.7000000,7320054
150319,000000,183.6000000,187.3200000,183.6000000,186.0100000,16776487
160319,000000,186.0100000,186.0400000,185.7900000,185.9500000,6990
180319,000000,186.7100000,188.3900000,185.5000000,188.2600000,7034671
190319,000000,188.3000000,189.3000000,185.9300000,186.2700000,8965498
200319,000000,186.2300000,189.4900000,184.7300000,187.9800000,7879295
210319,000000,188.0000000,196.3200000,187.8500000,195.8000000,15779745
220319,000000,195.8400000,197.6900000,190.7800000,191.1500000,11170481
230319,000000,191.2000000,191.2500000,191.1000000,191.1100000,5113
250319,000000,190.7600000,193.0000000,186.6000000,189.1600000,10672714
260319,000000,189.1600000,192.8800000,184.5800000,187.5600000,13009218
270319,000000,187.6000000,189.7600000,186.5400000,188.5900000,8550417
280319,000000,188.4700000,189.5500000,187.5400000,188.9100000,4833775
290319,000000,188.9300000,190.6700000,188.5400000,190.0300000,8576486
300319,000000,190.0400000,190.0700000,189.9500000,190.0000000,4425
010419,000000,191.5100000,192.2900000,188.3800000,191.2600000,7557161
020419,000000,191.3400000,194.4600000,190.4800000,193.7500000,6461511
030419,000000,193.7500000,196.5000000,192.5000000,195.4500000,6314428
040419,000000,195.4500000,196.3600000,194.3700000,195.6800000,6089556
050419,000000,195.6800000,197.1000000,195.5000000,196.8900000,4512429
060419,000000,196.8900000,197.0000000,196.8900000,196.9200000,2789
080419,000000,196.5300000,200.4500000,196.0700000,200.4000000,7054907
090419,000000,200.3700000,202.8500000,199.2200000,199.3900000,8807051
100419,000000,199.3500000,200.7500000,163.6500000,200.7000000,5930072
110419,000000,200.6400000,201.2300000,198.4500000,198.8000000,5347447
120419,000000,198.8000000,200.4800000,196.2200000,198.7900000,7701508
130419,000000,198.7900000,198.9300000,198.7100000,198.9300000,2707
150419,000000,199.3100000,199.8300000,198.0100000,199.1700000,5119708
160419,000000,199.1100000,201.3600000,198.5600000,198.8900000,7723128
170419,000000,199.0000000,203.4000000,198.6200000,203.0400000,7266302
180419,000000,202.9600000,204.1400000,198.1000000,203.8200000,9255920
190419,000000,203.8100000,203.8300000,203.7500000,203.7700000,811
220419,000000,203.8600000,204.9400000,202.3400000,204.6000000,6169982
230419,000000,204.6000000,207.7400000,203.0300000,207.5400000,7615077
240419,000000,207.5400000,208.4700000,207.0500000,207.9000000,4827745
250419,000000,207.9000000,208.4400000,204.5300000,205.0200000,5867273
260419,000000,205.1500000,205.2100000,202.1400000,204.4300000,5479106
270419,000000,204.4600000,204.4600000,204.0300000,204.2500000,3048
290419,000000,204.9900000,205.9600000,200.7900000,203.5500000,5897436
300419,000000,203.5300000,213.0000000,199.1100000,211.5000000,10593740
010519,000000,211.5100000,215.3100000,204.2200000,210.3900000,18787573
020519,000000,210.2800000,213.8200000,208.1500000,209.1700000,8234567
030519,000000,209.1500000,211.9600000,209.1500000,211.9600000,6426839
040519,000000,211.9400000,211.9600000,211.8100000,211.9400000,6023
060519,000000,204.3800000,208.8400000,203.5000000,206.8900000,8438910
070519,000000,207.0100000,208.4600000,200.8200000,203.0300000,13040422
080519,000000,202.9500000,205.3300000,200.8600000,203.2400000,7474126
090519,000000,203.1200000,203.1500000,196.6700000,200.3300000,10658050
100519,000000,200.4600000,200.7900000,192.7700000,197.1000000,11056392
110519,000000,197.0700000,197.2500000,197.0100000,197.2500000,4208
130519,000000,193.8400000,194.2100000,184.7000000,185.5000000,18026476
140519,000000,185.4800000,189.7000000,184.6400000,188.5000000,10485932
150519,000000,188.5000000,191.7500000,186.0100000,190.5000000,8723940
160519,000000,190.5000000,192.4600000,188.8400000,190.0100000,9589578
170519,000000,190.0100000,190.8900000,186.3200000,188.7300000,10797685
180519,000000,188.7500000,188.9000000,188.7100000,188.7100000,1097
200519,000000,189.6000000,189.9900000,180.2900000,183.4000000,10703617
210519,000000,183.4000000,188.0000000,183.1500000,186.2600000,9385290
220519,000000,186.3400000,186.9800000,182.4100000,182.5000000,7997691
230519,000000,182.5000000,182.6500000,177.8100000,180.1000000,13445443
240519,000000,179.9000000,182.1400000,178.6200000,178.9100000,6708572
250519,000000,178.9400000,178.9600000,178.4400000,178.5600000,5378
280519,000000,179.5200000,181.9800000,177.8800000,178.2600000,10470000
290519,000000,178.3800000,179.4900000,175.4600000,177.3800000,7389242
300519,000000,177.3800000,179.2300000,176.6700000,178.2600000,6266048
310519,000000,178.2800000,178.3000000,174.4000000,175.0300000,7775580
010619,000000,175.0500000,175.2100000,174.7700000,174.7800000,9072
030619,000000,175.0000000,177.9200000,170.2700000,173.6500000,13136986
040619,000000,173.8700000,179.9500000,172.9700000,179.8300000,8445386
050619,000000,179.9000000,184.9900000,179.9000000,182.5600000,10058455
060619,000000,182.5300000,185.4700000,181.2400000,184.5600000,5516155
070619,000000,184.7500000,191.9100000,184.6600000,190.0700000,9252937
080619,000000,190.1100000,190.2000000,189.8600000,190.1500000,6661
100619,000000,191.5000000,195.3700000,190.2700000,192.7000000,7141734
110619,000000,192.8200000,196.0000000,192.6000000,194.6600000,6674889
120619,000000,194.7500000,195.9700000,187.4400000,194.1500000,4275883
130619,000000,194.1200000,196.7900000,193.3600000,193.5000000,7087086
140619,000000,193.6300000,193.7500000,190.3000000,192.5500000,5250383
150619,000000,192.6500000,192.6900000,192.5600000,192.6900000,603
170619,000000,192.7000000,194.9600000,192.1700000,193.9900000,4993137
180619,000000,193.9900000,200.2900000,193.3200000,198.9500000,8193004
190619,000000,198.9700000,199.8900000,197.3100000,197.8000000,7429716
200619,000000,197.7900000,200.9400000,197.6500000,199.3400000,6760134
210619,000000,199.3400000,200.8500000,197.8800000,198.6000000,25325453
220619,000000,198.5500000,198.6200000,198.2200000,198.2200000,3248
240619,000000,199.5000000,200.1600000,198.1700000,198.6100000,6227799
250619,000000,198.5900000,199.2600000,195.3400000,195.9500000,7417900
260619,000000,195.9500000,200.9900000,195.6300000,199.7000000,7798976
270619,000000,199.6600000,201.5700000,197.0100000,197.9700000,5812333
280619,000000,197.9800000,199.5200000,197.0500000,198.0800000,13665546
290619,000000,198.0500000,198.2400000,197.9400000,198.2000000,2815
010719,000000,201.3900000,204.4900000,200.0300000,201.3400000,7993260
020719,000000,201.3400000,203.1200000,200.5500000,202.8900000,4634451
030719,000000,202.9000000,204.5900000,202.5900000,204.1900000,4231358
050719,000000,204.4900000,205.0800000,202.9000000,204.0800000,5899773
060719,000000,204.0700000,204.0700000,203.8700000,204.0000000,3538
080719,000000,202.3800000,205.0000000,198.4200000,200.0000000,7043287
090719,000000,199.8700000,201.5000000,197.4400000,201.2300000,6246880
100719,000000,201.2700000,203.7100000,200.1100000,203.2600000,4730994
110719,000000,203.2800000,204.3800000,201.5600000,201.5800000,5879001
120719,000000,201.5800000,203.9900000,201.5100000,203.2900000,4960370
130719,000000,203.2600000,203.3000000,203.2300000,203.2400000,2454
150719,000000,203.2500000,205.8700000,203.2500000,205.1500000,5452051
160719,000000,205.1100000,206.1100000,203.5000000,204.1600000,4044121
170719,000000,204.2500000,206.0100000,202.8100000,202.9100000,4561915
180719,000000,203.0000000,205.9400000,201.5400000,205.9400000,4655063
190719,000000,205.9200000,206.5800000,202.3600000,202.4700000,6422287
200719,000000,202.4700000,202.5200000,202.2500000,202.4200000,13997
220719,000000,203.6000000,207.4800000,203.0000000,207.3300000,7131544
230719,000000,207.2800000,209.1800000,206.7500000,207.4500000,4992132
240719,000000,207.4500000,209.1500000,207.0300000,208.4600000,4388894
250719,000000,208.4600000,209.5000000,206.7300000,206.8600000,4989062
260719,000000,207.0000000,209.7300000,206.9000000,207.5000000,5162577
270719,000000,207.7100000,208.0000000,207.6100000,207.7000000,1962
290719,000000,207.6600000,210.6400000,207.0000000,209.8000000,6773948
300719,000000,209.8900000,217.9800000,206.0000000,217.4900000,8085481
310719,000000,217.4300000,221.3600000,211.3000000,212.8700000,18777454
010819,000000,212.8500000,218.0300000,206.7300000,208.0000000,13317442
020819,000000,208.0000000,208.4700000,201.6400000,204.3200000,10865974
030819,000000,204.2500000,204.2700000,204.1500000,204.2400000,726
050819,000000,201.2500000,202.3800000,192.0500000,192.3400000,14868686
060819,000000,192.2800000,198.0700000,188.0000000,196.8200000,10052425
070819,000000,196.8300000,199.5500000,193.8300000,199.0000000,9317877
080819,000000,198.9500000,203.7100000,198.9000000,203.7100000,8950912
090819,000000,203.3600000,203.4500000,199.3000000,201.3000000,7686391
100819,000000,201.3000000,201.5000000,201.1200000,201.1500000,2041
120819,000000,201.4900000,202.9400000,199.0100000,200.2500000,7177361
130819,000000,200.2300000,212.1400000,198.8300000,208.9200000,12439385
140819,000000,208.9500000,209.7000000,202.3200000,202.4100000,11077359
150819,000000,202.4900000,205.1500000,198.8800000,201.9800000,6528688
160819,000000,202.1200000,207.1600000,202.0000000,206.7800000,8632032
170819,000000,206.7600000,206.7800000,206.5100000,206.6800000,2878
190819,000000,207.4700000,212.7300000,207.4700000,210.5400000,6157472
200819,000000,210.3600000,213.3500000,210.0000000,210.1000000,6578114
210819,000000,210.2000000,213.6500000,210.0000000,212.7900000,5346056
220819,000000,212.8300000,214.4300000,210.5000000,212.3800000,7312738
230819,000000,212.3000000,214.1400000,201.8500000,202.8000000,11350915
240819,000000,202.8100000,202.8300000,201.2500000,201.5500000,41084
260819,000000,202.3400000,207.1900000,202.3400000,206.5000000,7040751
270819,000000,206.5000000,208.5500000,203.5400000,204.2100000,9122432
280819,000000,204.3300000,205.7400000,202.8600000,205.3900000,4784610
290819,000000,205.2000000,209.3200000,204.5800000,208.9100000,6142841
300819,000000,208.9200000,211.1800000,207.2100000,208.2700000,6980451
310819,000000,208.2000000,208.4000000,208.1500000,208.2000000,1887
030919,000000,206.7100000,207.2600000,204.2300000,205.8000000,5654812
040919,000000,205.8000000,209.4700000,204.2000000,208.8200000,5896619
050919,000000,208.8300000,213.9600000,208.7500000,213.0300000,7364791
060919,000000,213.1000000,214.4100000,212.5100000,213.4100000,6785225
070919,000000,213.4000000,213.5800000,213.3200000,213.5100000,2696
090919,000000,213.1100000,216.4400000,212.1700000,214.2600000,8379512
100919,000000,214.2600000,216.9500000,211.7100000,216.9500000,9088092
110919,000000,216.9500000,223.8800000,216.3800000,223.8000000,12090900
120919,000000,223.8100000,226.4100000,222.4600000,222.5000000,9536870
130919,000000,222.6800000,224.0000000,217.0300000,218.6400000,10149481
140919,000000,218.6300000,218.6900000,218.5400000,218.6500000,3500
160919,000000,216.8400000,220.1200000,215.2700000,220.0800000,6531884
170919,000000,220.0800000,220.8500000,218.9600000,220.7200000,5657638
180919,000000,220.6300000,222.9600000,219.4500000,222.9200000,7352950
190919,000000,222.8500000,223.7600000,220.3700000,221.0800000,6698117
200919,000000,221.1300000,222.7100000,217.4800000,218.0000000,29651754
210919,000000,217.9500000,218.1800000,217.8000000,217.8000000,8104
230919,000000,218.7200000,219.8400000,217.1400000,219.2500000,6120778
240919,000000,219.2900000,222.4800000,217.1900000,217.8000000,9947483
250919,000000,217.9000000,221.5000000,216.4300000,220.9600000,6701023
260919,000000,220.9600000,221.4000000,218.8300000,219.5500000,6380408
270919,000000,219.6000000,220.9600000,217.2900000,218.9200000,7214166
280919,000000,218.9200000,218.9500000,218.7500000,218.7700000,3550
300919,000000,220.8100000,224.5700000,219.8900000,224.2400000,7314490
011019,000000,224.2800000,228.2000000,223.8500000,225.1200000,9055778
021019,000000,225.1200000,225.2900000,217.9300000,218.5000000,9580315
031019,000000,218.4500000,222.0300000,215.1500000,220.8000000,7135796
041019,000000,220.8000000,227.4900000,220.3800000,227.0500000,8472828
051019,000000,227.0800000,227.1800000,226.7400000,226.7500000,8070
071019,000000,226.2900000,229.9300000,225.5000000,227.1500000,7660096
081019,000000,227.1500000,228.6900000,223.1400000,224.0200000,7266158
091019,000000,224.0200000,227.7800000,223.6000000,227.0600000,4990909
101019,000000,227.0700000,230.9000000,223.0400000,230.8200000,7551800
111019,000000,230.8200000,237.6400000,230.3000000,236.3500000,10430440
121019,000000,236.3400000,236.9900000,236.3200000,236.9900000,13630
141019,000000,237.0000000,238.1300000,234.0100000,235.8900000,5652803
151019,000000,235.9500000,237.7900000,234.8800000,235.4800000,5502558
161019,000000,235.5000000,235.6400000,233.2000000,234.6000000,4836787
171019,000000,234.7000000,236.1400000,233.5300000,235.3700000,4365116
181019,000000,235.3300000,237.5800000,234.2300000,236.4300000,8153061
191019,000000,236.4300000,236.4300000,236.2500000,236.3700000,1952
211019,000000,236.8600000,240.9800000,236.3000000,240.3700000,6572393
221019,000000,240.5500000,242.2000000,238.6900000,238.9200000,4779604
231019,000000,238.9000000,243.2300000,238.8200000,243.0600000,4730874
241019,000000,243.1800000,245.0100000,241.8100000,243.2500000,4310247
251019,000000,243.2200000,247.0100000,242.8800000,246.8800000,4600086
261019,000000,246.8100000,246.8500000,246.6000000,246.6000000,7935
281019,000000,247.9700000,249.2400000,246.6600000,249.1000000,5901313
291019,000000,249.0500000,249.7400000,242.5700000,243.4500000,7778898
301019,000000,243.4900000,252.5000000,237.2100000,246.3200000,7052578
311019,000000,246.2000000,249.7900000,245.6000000,248.7000000,8658867
011119,000000,248.4100000,255.9300000,248.2900000,255.8200000,10057993
021119,000000,255.8500000,255.9900000,255.8300000,255.9500000,12780
041119,000000,256.7800000,259.4400000,255.3800000,257.4800000,5108959
051119,000000,257.5000000,258.6000000,256.3200000,257.1500000,5343336
061119,000000,257.1300000,257.4800000,251.5900000,257.2400000,4963949
071119,000000,257.2400000,260.3500000,256.6500000,259.4900000,6730436
081119,000000,259.4300000,260.4100000,256.8500000,260.1300000,4546155
091119,000000,259.9800000,260.1800000,259.9800000,260.0100000,1155602
111119,000000,258.7200000,262.4600000,258.0000000,262.2000000,4186859
121119,000000,262.2000000,263.1000000,260.9300000,261.9800000,5105742
131119,000000,261.9600000,264.7800000,260.0000000,264.4700000,6211091
141119,000000,264.4700000,264.8700000,262.1200000,262.6900000,6417848
151119,000000,262.6400000,265.7700000,261.2900000,265.7500000,6891589
161119,000000,265.7600000,266.0800000,265.5400000,265.9000000,1989998
181119,000000,265.8700000,267.4200000,264.2300000,267.1600000,3646627
191119,000000,267.1000000,268.6100000,265.4000000,266.2900000,5337967
201119,000000,266.2500000,266.3200000,260.4100000,263.1900000,6954419
211119,000000,263.1900000,266.4200000,261.1800000,262.0100000,6195667
221119,000000,262.0100000,263.7200000,260.8400000,261.8700000,6586169
231119,000000,261.7800000,261.9500000,261.6500000,261.8800000,1110913
251119,000000,262.7900000,266.4300000,260.9200000,266.4200000,2986444
261119,000000,266.4200000,267.0900000,263.6600000,264.1000000,7473027
271119,000000,265.2000000,267.9800000,264.0200000,267.9400000,9705623
281119,000000,267.8400000,267.9700000,267.0500000,267.3300000,897335
291119,000000,266.3800000,267.9900000,265.9000000,267.4100000,3630577
301119,000000,267.5000000,267.5500000,267.4000000,267.5500000,41
021219,000000,267.8200000,269.2300000,263.4600000,264.0900000,4324600
031219,000000,264.0900000,265.5100000,256.2900000,259.5300000,7412340
041219,000000,259.4500000,263.3100000,257.0000000,261.7400000,4868403
051219,000000,261.7400000,265.8900000,261.2000000,265.5800000,4275703
061219,000000,265.5800000,271.0000000,265.3100000,270.7000000,6553204
071219,000000,270.7000000,270.7100000,270.4000000,270.5800000,1695068
091219,000000,275.5700000,275.5700000,264.9100000,266.9200000,6581221
101219,000000,266.9200000,270.0600000,264.0000000,268.6200000,6583309
111219,000000,268.4800000,271.1000000,268.1400000,270.7600000,4330175
121219,000000,270.7700000,272.5500000,267.0000000,271.4600000,8074310
131219,000000,271.4600000,275.3000000,270.7100000,275.2700000,7355789
141219,000000,275.2700000,275.2700000,275.0000000,275.1900000,1529153
161219,000000,275.3300000,280.7900000,275.3300000,279.8600000,4697263
171219,000000,279.8600000,281.7700000,278.4400000,280.4400000,7964694
181219,000000,280.4100000,281.8900000,279.1300000,279.7100000,6808965
191219,000000,279.7400000,281.1800000,278.9100000,280.0900000,6475567
201219,000000,280.0200000,283.5400000,278.6300000,279.1500000,14342957
211219,000000,279.4400000,279.6000000,278.9500000,279.4300000,17644606
231219,000000,280.3100000,284.2500000,274.4200000,283.9700000,3574104
241219,000000,284.0000000,285.7000000,282.9300000,284.4200000,5267680
251219,000000,284.4200000,284.4200000,284.4000000,284.4200000,150
261219,000000,284.4300000,289.9700000,282.0000000,289.9100000,3866123
271219,000000,289.9100000,293.9600000,288.1100000,289.8200000,6904619
281219,000000,289.8300000,289.9400000,289.6000000,289.8000000,2299607
301219,000000,292.0000000,292.6900000,285.2300000,291.6800000,5967955
311219,000000,291.5200000,293.6700000,288.5000000,293.4100000,5198560
010120,000000,293.6500000,293.8800000,293.3600000,293.7500000,2332236
020120,000000,292.5200000,301.2900000,292.4200000,300.6000000,5892176
030120,000000,300.3500000,301.0300000,294.4000000,297.3800000,7864554
040120,000000,297.4300000,297.8500000,297.4300000,297.6500000,1567254
060120,000000,296.3900000,299.9600000,292.7500000,299.7800000,5195736
070120,000000,299.7400000,301.1500000,297.4800000,298.2700000,5659077
080120,000000,298.3900000,304.4300000,280.3900000,303.1900000,7278784
090120,000000,303.1900000,310.4200000,302.9000000,309.7100000,9258850
100120,000000,309.7000000,312.6700000,308.2500000,310.3700000,7307467
110120,000000,310.3700000,310.6800000,310.2400000,310.5600000,1105952
130120,000000,311.5500000,317.0600000,311.1500000,316.9600000,5041185
140120,000000,316.9600000,319.3300000,312.1700000,312.6900000,9096408
150120,000000,312.6800000,315.5000000,309.5500000,311.5000000,7161984
160120,000000,311.5000000,315.6200000,311.1100000,315.3700000,6032092
170120,000000,315.3200000,318.7400000,313.8900000,318.6700000,7755635
180120,000000,318.6700000,318.7700000,318.4300000,318.6300000,2482115
210120,000000,316.9400000,319.0200000,316.1600000,316.5900000,4718950
220120,000000,316.5700000,319.9800000,316.2400000,317.7000000,7433178
230120,000000,317.7000000,319.5600000,310.6500000,319.2300000,6306198
240120,000000,319.2300000,323.3200000,314.2500000,318.3300000,8040257
250120,000000,318.3100000,318.5600000,317.8300000,317.8400000,2028711
270120,000000,320.0000000,322.1500000,300.8000000,308.9500000,8240396
280120,000000,308.9700000,318.3900000,308.5000000,317.6900000,8049160
290120,000000,317.6900000,328.0000000,317.4500000,322.4200000,7084305
310120,000000,321.8800000,322.6900000,315.0900000,316.6000000,2578862
030220,000000,309.1000000,313.4900000,291.0000000,308.6500000,8126543
040220,000000,308.6600000,319.6400000,306.3300000,318.8600000,7569999
050220,000000,318.8600000,324.7500000,317.1500000,321.5800000,7577125
060220,000000,321.5200000,325.2100000,320.3000000,325.2100000,6832557
070220,000000,325.2100000,325.7300000,318.1000000,320.0400000,6815886
080220,000000,320.0300000,320.0900000,319.7500000,319.7500000,1152639
100220,000000,314.8000000,321.5400000,313.8500000,321.5400000,5144398
110220,000000,321.5400000,323.9000000,318.7200000,319.6100000,6559481
120220,000000,319.6100000,327.2100000,319.2400000,327.2100000,6831520
130220,000000,327.2000000,327.4600000,321.0200000,324.9100000,6489894
140220,000000,324.8700000,326.4500000,322.8600000,324.9400000,4854036
150220,000000,324.9400000,325.0900000,324.6600000,324.9500000,1735408
180220,000000,322.0500000,323.0200000,310.4000000,312.0000000,9889
210220,000000,317.5000000,320.4500000,310.5000000,313.0300000,8045529
220220,000000,313.0500000,313.1700000,312.5500000,312.7500000,2190252
240220,000000,307.0000000,309.0700000,289.2300000,298.1700000,14173700
250220,000000,298.5000000,303.5000000,286.1600000,288.0800000,18663566
260220,000000,288.0800000,297.8700000,279.1600000,292.8600000,14005770
270220,000000,292.6500000,293.0100000,273.0200000,273.0400000,18978967
280220,000000,274.0000000,278.4200000,251.9900000,271.9800000,27987487
290220,000000,272.0100000,275.9900000,272.0100000,274.9600000,111375
020320,000000,281.6000000,298.8500000,274.1700000,298.8400000,17736672
030320,000000,298.8100000,304.8500000,285.8000000,289.3100000,22126656
040320,000000,289.3200000,303.0300000,287.0700000,302.7400000,15939891
050320,000000,302.7400000,302.8200000,291.4200000,292.9200000,12228377
060320,000000,292.9200000,293.1000000,280.2200000,288.9500000,16282574
070320,000000,289.0000000,289.3500000,286.2600000,286.2600000,3089999
090320,000000,281.7000000,281.7000000,260.4000000,265.2100000,19940767
100320,000000,266.0000000,285.6900000,262.1800000,284.4500000,19388909
110320,000000,284.4800000,284.5500000,272.2100000,276.5300000,15613510
120320,000000,276.5200000,278.3500000,243.3200000,243.7700000,28839977
130320,000000,243.5000000,279.0000000,237.6600000,274.7500000,23719790
140320,000000,274.7700000,276.3500000,274.4500000,274.8000000,57615
160320,000000,260.0000000,267.7000000,238.5200000,245.6600000,27063224
170320,000000,245.6500000,258.7500000,238.4100000,249.3300000,23023674
180320,000000,249.4900000,250.2800000,236.1400000,246.6700000,22336046
190320,000000,246.4800000,252.8300000,239.5800000,244.2000000,20252653
200320,000000,244.3600000,258.5600000,228.0000000,229.2900000,41726542
210320,000000,229.3000000,229.7000000,228.5000000,228.6400000,25824
230320,000000,222.0000000,238.0600000,212.6200000,223.6200000,22221286
240320,000000,223.8800000,247.9800000,223.5000000,247.0000000,22619098
250320,000000,247.3100000,260.0000000,240.0000000,246.3200000,21090893
260320,000000,246.4000000,258.6500000,240.4000000,257.3300000,18066933
270320,000000,257.4600000,258.1800000,247.0000000,247.6300000,14696648
280320,000000,247.6300000,248.0000000,247.3200000,247.4800000,11726
300320,000000,248.5900000,255.4900000,245.7000000,254.1500000,11339139
310320,000000,254.1500000,262.5000000,252.0000000,253.8700000,13636041
010420,000000,253.8500000,253.8500000,239.1400000,241.2800000,12414593
020420,000000,241.3500000,246.3400000,236.9000000,245.1200000,10852758
030420,000000,245.2900000,246.0000000,238.9700000,242.0000000,8410135
040420,000000,242.0000000,242.0000000,241.2500000,241.2500000,6884
060420,000000,251.0900000,263.1100000,243.5000000,261.7100000,16591958
070420,000000,261.7400000,276.7800000,258.1000000,258.1800000,11903492
080420,000000,258.1800000,267.3800000,257.2000000,265.9500000,11573269
090420,000000,266.0000000,271.0000000,262.5000000,268.5900000,9989983
100420,000000,268.6000000,268.6000000,268.6000000,268.6000000,97
130420,000000,270.4300000,273.5700000,265.0000000,273.2300000,8579427
140420,000000,273.2300000,288.3000000,273.1100000,288.1000000,12806563
150420,000000,288.3000000,288.3000000,279.3400000,284.5600000,7619381
160420,000000,284.4700000,289.3000000,282.3600000,289.0100000,9253639
170420,000000,289.2300000,294.9200000,276.8600000,282.6000000,14042028
180420,000000,282.5200000,282.8200000,281.6000000,281.6500000,11705
200420,000000,282.3400000,282.3400000,276.0000000,276.4000000,8808821
210420,000000,276.4000000,278.5900000,265.4300000,268.6700000,13054783
220420,000000,268.6700000,277.8500000,268.6700000,275.6000000,7730232
230420,000000,275.6000000,281.7500000,273.1100000,274.6500000,8761921
240420,000000,274.4900000,283.0000000,270.3200000,282.9700000,8353509
250420,000000,282.9700000,282.9800000,282.0000000,282.1200000,21291
270420,000000,283.0000000,286.7800000,279.9500000,282.8000000,7085886
280420,000000,282.7600000,286.6000000,278.2000000,279.8900000,7279176
290420,000000,279.8800000,290.6800000,279.6000000,290.5000000,8713470
300420,000000,290.4800000,301.4700000,287.2600000,288.3000000,13454158
010520,000000,288.3900000,299.0000000,280.0000000,289.6200000,13452045
020520,000000,289.6600000,290.5000000,289.5000000,290.3100000,7763
040520,000000,289.2100000,293.6800000,285.6300000,292.7800000,8585511
050520,000000,292.6400000,301.0000000,290.0200000,297.5900000,9397420
060520,000000,297.6900000,303.2400000,297.5800000,300.2000000,8466510
070520,000000,300.1700000,305.1700000,299.0200000,304.2100000,7722733
080520,000000,304.2200000,310.3800000,303.8100000,310.3600000,8878194
090520,000000,310.2600000,310.5500000,310.1000000,310.4900000,8486
110520,000000,310.4100000,317.0500000,307.0100000,314.9500000,7677724
120520,000000,314.9000000,319.6900000,309.1100000,309.1100000,10052642
130520,000000,309.0900000,315.9500000,303.2000000,308.2900000,11135877
140520,000000,308.3500000,310.4300000,301.5500000,309.8600000,10409547
150520,000000,309.9900000,311.7500000,298.0000000,307.2000000,9583800
160520,000000,307.2200000,307.4800000,306.7000000,306.7000000,8178
180520,000000,309.1100000,316.3900000,308.1600000,314.5600000,9261209
190520,000000,314.5700000,318.5200000,313.0100000,313.4900000,5106497
200520,000000,313.4900000,319.5500000,312.6100000,319.5000000,7348047
210520,000000,319.5000000,320.8900000,315.8700000,316.7900000,5365784
220520,000000,316.7900000,319.3000000,312.6100000,319.1700000,5013465
230520,000000,319.1400000,319.2000000,318.9500000,319.0200000,2936
260520,000000,324.9200000,325.4000000,316.5000000,317.2800000,7941144
270520,000000,317.5000000,321.3000000,313.1000000,318.0000000,6377242
280520,000000,318.0000000,323.4400000,314.5300000,319.2400000,9764468
290520,000000,319.2400000,321.2700000,316.4700000,319.3000000,12992482
300520,000000,319.3000000,319.4800000,318.8800000,318.9100000,3646
010620,000000,319.2400000,322.3500000,315.5000000,321.9900000,5871508
020620,000000,321.9500000,324.0000000,318.9200000,323.1200000,6611695
030620,000000,323.1000000,326.1000000,322.3100000,324.7600000,7662805
040620,000000,324.5800000,325.6200000,320.7800000,322.6800000,6479088
050620,000000,322.6800000,331.7500000,321.5400000,331.1200000,10734976
060620,000000,331.1300000,331.3800000,330.8900000,331.0000000,7068
080620,000000,330.9500000,333.6000000,327.3400000,333.2000000,7140256
090620,000000,333.2500000,345.6000000,329.0000000,343.5000000,9558520
100620,000000,343.3500000,354.7700000,342.9300000,352.7100000,10591020
110620,000000,352.8200000,353.5000000,335.5000000,337.0000000,14409446
120620,000000,337.0000000,347.7900000,334.2300000,338.3800000,12441473
130620,000000,338.5200000,338.7700000,338.0000000,338.4000000,3795
150620,000000,328.0700000,344.8000000,327.0100000,343.7100000,8991513
160620,000000,343.9500000,353.2000000,343.5500000,352.0800000,10769952
170620,000000,352.6000000,356.0000000,350.1100000,352.0000000,7256738
180620,000000,352.3300000,353.6400000,349.2200000,351.4000000,6173729
190620,000000,351.5900000,356.9400000,344.5200000,347.5500000,28929379
200620,000000,347.6000000,348.5000000,347.5000000,348.0000000,5113
220620,000000,349.7200000,360.3300000,349.0100000,359.9800000,8533693
230620,000000,359.8600000,372.3600000,359.6200000,366.3300000,11018319
240620,000000,366.3500000,369.1700000,358.5300000,360.4600000,10480609
250620,000000,360.5800000,365.0000000,347.5100000,364.6000000,7789684
260620,000000,364.6500000,365.9800000,353.0200000,353.7400000,13866788
270620,000000,353.8000000,354.1900000,353.5000000,353.6800000,11629
290620,000000,351.5000000,362.8600000,350.3600000,362.5800000,8405860
300620,000000,362.6000000,365.9800000,358.4000000,364.8100000,9852952
010720,000000,364.8100000,367.3600000,362.2100000,363.7000000,6909111
020720,000000,363.6500000,370.4700000,363.5100000,364.7300000,7297053
030720,000000,364.7500000,365.2000000,364.7300000,365.0000000,4293
060720,000000,368.0000000,375.7800000,367.0000000,373.9300000,8098861
070720,000000,373.8500000,378.6200000,372.0000000,373.4400000,7095069
080720,000000,373.4400000,381.8400000,369.9300000,381.7700000,7520281
090720,000000,381.8100000,385.4000000,378.6600000,382.7000000,7500523
100720,000000,382.6000000,384.2000000,378.8200000,383.8100000,6153479
110720,000000,383.8000000,384.0000000,383.6300000,383.7500000,3583
130720,000000,386.8900000,399.8300000,381.0000000,382.4800000,11457340
140720,000000,382.3000000,392.9500000,375.5100000,387.6700000,10585118
150720,000000,387.7000000,397.8800000,384.2300000,390.8900000,9331231
160720,000000,390.9900000,392.0400000,380.8200000,384.3800000,6846706
170720,000000,384.0800000,390.0000000,383.3700000,385.1500000,7236788
180720,000000,385.1500000,385.3800000,384.9600000,385.2600000,2636
200720,000000,387.7500000,393.9200000,381.6100000,393.4900000,6875528
210720,000000,393.4500000,398.0000000,387.0300000,388.4900000,6797053
220720,000000,388.4000000,392.1600000,385.0000000,388.7200000,5295760
230720,000000,388.7200000,391.7700000,368.0400000,370.9000000,12700350
240720,000000,370.9000000,372.6900000,356.5800000,371.1700000,11015530
250720,000000,371.1700000,371.3300000,369.7100000,369.7100000,5047
