230118,000000,1327.3100000,1364.9000000,1326.6900000,1363.0500000,1589068
240118,000000,1362.5400000,1388.1700000,1338.0000000,1357.5100000,1959407
250118,000000,1357.5100000,1378.3400000,1356.9700000,1376.8700000,1345357
260118,000000,1377.0700000,1402.5300000,1375.7000000,1401.1900000,1314381
270118,000000,1402.0500000,1407.0000000,1400.4300000,1405.6500000,289468
290118,000000,1411.2700000,1431.3900000,1400.2100000,1417.6800000,1408111
300118,000000,1417.6800000,1439.2200000,1392.0000000,1438.2000000,1661535
310118,000000,1437.8200000,1472.5800000,1434.5100000,1451.2800000,1751629
010218,000000,1451.2500000,1463.0600000,1385.8000000,1390.0000000,2374655
020218,000000,1390.0000000,1498.0000000,1380.1100000,1429.8700000,3345054
030218,000000,1429.9500000,1431.9000000,1425.0000000,1425.2000000,214876
050218,000000,1427.0700000,1458.9900000,1320.7200000,1390.0000000,3090514
060218,000000,1390.0000000,1443.9800000,1271.0100000,1442.8400000,3102015
070218,000000,1442.8400000,1460.8800000,1415.1500000,1415.1500000,2169822
080218,000000,1416.7800000,1436.3000000,1349.7500000,1350.5000000,2518118
090218,000000,1350.5000000,1383.5000000,1265.9400000,1339.6000000,3687031
100218,000000,1338.5800000,1344.5000000,1338.5800000,1341.6000000,12241
120218,000000,1354.2100000,1393.8300000,1344.2600000,1386.9700000,1747584
130218,000000,1386.2300000,1419.7200000,1378.6000000,1413.6600000,1680086
140218,000000,1414.5100000,1424.9000000,1400.6000000,1409.3900000,304774
150218,000000,1455.1800000,1468.9400000,1436.9900000,1461.7600000,1586000
160218,000000,1461.7600000,1471.6200000,1446.7600000,1448.5900000,1183361
170218,000000,1448.6900000,1450.0000000,1446.9900000,1447.0000000,203913
200218,000000,1449.4700000,1488.7700000,1432.4000000,1468.3600000,1528596
210218,000000,1468.3500000,1503.4600000,1466.2600000,1482.9200000,1713349
220218,000000,1482.9200000,1502.5400000,1475.7500000,1484.5900000,1269325
230218,000000,1485.3400000,1500.0000000,1484.2200000,1500.0000000,1172974
240218,000000,1500.0000000,1500.6600000,1499.1100000,1500.0000000,178860
260218,000000,1508.3000000,1522.8100000,1506.1700000,1521.9500000,1256408
270218,000000,1521.9500000,1526.8200000,1507.1800000,1511.9800000,1315373
280218,000000,1511.9800000,1528.7100000,1511.9800000,1512.4500000,1159939
010318,000000,1512.4500000,1520.6500000,1465.0000000,1493.4600000,1973279
020318,000000,1493.4500000,1496.3000000,1462.9800000,1494.0000000,110132
050318,000000,1479.6500000,1525.0000000,1450.0000000,1523.6100000,1061393
060318,000000,1523.6100000,1542.1900000,1521.3200000,1537.1800000,1217663
070318,000000,1537.6400000,1545.0000000,1512.9800000,1544.9000000,1172030
080318,000000,1544.8900000,1554.7000000,1544.1600000,1551.9000000,1090117
090318,000000,1551.8600000,1578.9000000,1550.1200000,1578.9000000,1368184
100318,000000,1578.8900000,1579.0000000,1576.6000000,1578.5400000,211686
120318,000000,1595.7800000,1605.3200000,1586.7300000,1599.5500000,1437067
130318,000000,1600.2800000,1618.7200000,1578.0000000,1588.0000000,1683701
140318,000000,1587.5000000,1606.2100000,1580.0000000,1592.7700000,1148242
150318,000000,1592.7500000,1598.0000000,1578.1100000,1584.0000000,1162643
160318,000000,1583.7600000,1590.1400000,1567.6600000,1571.1900000,2184760
170318,000000,1571.2400000,1572.5600000,1570.0500000,1572.3400000,961
190318,000000,1565.8700000,1567.6400000,1525.3500000,1547.5300000,1825062
200318,000000,1547.9900000,1589.0000000,1539.5000000,1588.0000000,1312278
210318,000000,1588.7000000,1591.5800000,1563.1700000,1579.8700000,1420279
220318,000000,1579.2400000,1582.8600000,1540.8500000,1542.5000000,1787942
230318,000000,1542.2000000,1549.0000000,1495.0000000,1496.4500000,2309115
240318,000000,1496.4500000,1497.0500000,1493.8300000,1493.8300000,10030
260318,000000,1517.6400000,1556.9900000,1499.0000000,1555.5000000,1382217
270318,000000,1555.5500000,1575.9500000,1482.0100000,1498.3500000,1993193
280318,000000,1498.5100000,1510.9400000,1386.1700000,1433.5000000,3683412
290318,000000,1432.7800000,1455.2600000,1365.3500000,1445.0000000,3553403
300318,000000,1445.4900000,1446.0000000,1442.2600000,1445.5000000,1965
020418,000000,1435.5000000,1443.0000000,1355.0000000,1371.5900000,2826422
030418,000000,1371.7500000,1414.0000000,1355.1000000,1393.2800000,2648188
040418,000000,1393.5000000,1415.3900000,1347.7000000,1413.8000000,1910195
050418,000000,1414.0000000,1459.5900000,1413.6300000,1449.4800000,1824859
060418,000000,1449.5000000,1452.4500000,1400.2500000,1406.9900000,1626780
070418,000000,1406.7700000,1406.9000000,1402.3000000,1404.6500000,5713
090418,000000,1419.6000000,1438.2300000,1401.0000000,1405.5000000,1269175
100418,000000,1405.5000000,1438.3800000,1403.2000000,1435.5500000,1168245
110418,000000,1435.2000000,1448.5300000,1421.9800000,1426.0000000,933273
120418,000000,1426.5000000,1452.1200000,1425.5000000,1448.5300000,976662
130418,000000,1448.5300000,1459.6100000,1424.5200000,1433.0000000,1017691
140418,000000,1432.5000000,1434.5000000,1430.5000000,1433.5000000,1418
160418,000000,1441.0000000,1450.0000000,1427.3100000,1448.1400000,797412
170418,000000,1446.6200000,1507.1600000,1446.2500000,1505.0000000,1522270
180418,000000,1505.9000000,1533.8000000,1504.1300000,1530.5000000,1347701
190418,000000,1530.7500000,1568.5200000,1530.7500000,1558.4000000,1716008
200418,000000,1558.4500000,1563.0000000,1516.3100000,1527.0000000,1522935
210418,000000,1526.5000000,1532.5000000,1526.1500000,1532.5000000,2955
230418,000000,1533.4500000,1548.4000000,1503.7500000,1519.5000000,1225078
240418,000000,1519.6900000,1539.7900000,1448.4300000,1461.2500000,2023966
250418,000000,1460.7400000,1474.8900000,1415.0200000,1474.7300000,1732876
260418,000000,1474.7300000,1641.0000000,1474.4900000,1610.0000000,2469219
270418,000000,1610.0000000,1664.7900000,1536.2700000,1569.8900000,3515976
280418,000000,1569.8900000,1572.0000000,1565.5200000,1567.9000000,4273
300418,000000,1589.0000000,1596.0800000,1560.9400000,1569.4800000,1525864
010518,000000,1569.0500000,1590.9800000,1552.1800000,1585.1300000,1241152
020518,000000,1585.1500000,1598.0000000,1566.7300000,1568.0000000,1335018
030518,000000,1567.3300000,1574.7100000,1546.0100000,1573.0100000,1181565
040518,000000,1573.0000000,1584.9500000,1562.1300000,1580.5000000,1041705
050518,000000,1580.5000000,1581.2000000,1580.2500000,1581.2000000,602
070518,000000,1592.6200000,1606.9400000,1582.0000000,1599.0100000,1089672
080518,000000,1599.0000000,1599.5000000,1582.1800000,1592.5000000,878334
090518,000000,1592.8000000,1608.0000000,1591.9500000,1607.8100000,1144236
100518,000000,1607.7500000,1615.6400000,1603.3600000,1607.1300000,734789
110518,000000,1607.0000000,1614.4900000,1597.8000000,1602.5100000,747626
120518,000000,1602.5700000,1603.6000000,1602.5100000,1603.0000000,948
140518,000000,1607.6300000,1611.1900000,1600.0600000,1600.7500000,768461
150518,000000,1600.5000000,1601.0000000,1565.2500000,1577.5000000,1737419
160518,000000,1577.5000000,1594.3800000,1572.8000000,1586.0400000,773786
170518,000000,1587.0000000,1594.0000000,1573.0100000,1581.6900000,622662
180518,000000,1580.3800000,1587.4900000,1572.0500000,1574.1700000,749368
190518,000000,1574.1700000,1574.3200000,1573.8700000,1573.9000000,538
210518,000000,1580.4200000,1592.1000000,1575.2300000,1585.0000000,826010
220518,000000,1585.1600000,1590.5800000,1575.2000000,1581.7500000,586762
230518,000000,1582.3800000,1602.0000000,1565.0000000,1601.0000000,1072028
240518,000000,1601.3000000,1608.1200000,1588.3100000,1603.0000000,975883
250518,000000,1603.0000000,1614.1100000,1599.9400000,1610.1500000,816432
260518,000000,1609.6500000,1609.9500000,1609.6500000,1609.9500000,66
290518,000000,1608.0800000,1621.6600000,1592.3800000,1613.3300000,1130959
300518,000000,1614.0000000,1628.5100000,1612.0000000,1624.9100000,814929
310518,000000,1624.7800000,1635.0000000,1621.4800000,1630.9900000,998935
010618,000000,1630.7000000,1646.7100000,1630.0400000,1640.4000000,1000203
020618,000000,1640.9300000,1641.5400000,1640.0600000,1641.0000000,2158
040618,000000,1652.0000000,1666.3500000,1645.5000000,1665.8300000,845401
050618,000000,1665.5700000,1699.0000000,1665.5700000,1696.2400000,1224845
060618,000000,1696.2500000,1714.5000000,1686.5200000,1695.8200000,1455993
070618,000000,1696.4800000,1704.0000000,1676.0100000,1688.2500000,966545
080618,000000,1688.9900000,1689.4300000,1668.7500000,1681.6500000,897658
090618,000000,1682.0000000,1683.0000000,1681.2500000,1682.0300000,424
110618,000000,1686.6600000,1694.3600000,1679.2200000,1688.7500000,649210
120618,000000,1689.2500000,1699.6900000,1688.3600000,1697.9500000,704270
130618,000000,1697.5600000,1713.7500000,1697.0200000,1703.8000000,1015887
140618,000000,1704.0000000,1725.0000000,1699.2800000,1724.5000000,943096
150618,000000,1724.5000000,1726.9200000,1708.3700000,1714.9000000,1935156
160618,000000,1714.8400000,1714.9900000,1714.0000000,1714.0000000,435
180618,000000,1712.1000000,1726.5000000,1701.0000000,1724.8000000,918561
190618,000000,1724.8800000,1736.0500000,1697.4900000,1734.0000000,1199352
200618,000000,1734.0600000,1762.9300000,1733.5500000,1750.5300000,1259687
210618,000000,1750.8700000,1763.9500000,1717.0800000,1728.2500000,1453775
220618,000000,1728.2500000,1744.0000000,1712.0000000,1717.0000000,1387661
230618,000000,1717.0100000,1717.4900000,1715.6700000,1716.9900000,5189
250618,000000,1705.9700000,1707.9800000,1646.2700000,1664.5000000,2078422
260618,000000,1664.6900000,1701.2500000,1663.1700000,1691.4400000,1258552
270618,000000,1691.0000000,1712.0000000,1659.0000000,1661.5000000,1354749
280618,000000,1661.5200000,1705.5500000,1656.1500000,1701.4600000,1280701
290618,000000,1702.0000000,1723.5600000,1694.3800000,1700.2700000,1383111
300618,000000,1700.0500000,1700.9500000,1699.5000000,1699.9000000,750
020718,000000,1687.7600000,1713.8900000,1678.2800000,1713.5000000,923523
030718,000000,1713.2000000,1725.0000000,1692.4800000,1697.0000000,664802
050718,000000,1702.3400000,1710.8200000,1682.1700000,1699.3000000,899288
060718,000000,1699.3000000,1715.4600000,1691.6500000,1710.3000000,869715
070718,000000,1710.9900000,1711.5400000,1710.9900000,1711.5000000,145
090718,000000,1719.0800000,1739.8500000,1716.2100000,1739.0000000,901839
100718,000000,1739.0000000,1750.0000000,1731.1000000,1739.0000000,838642
110718,000000,1738.0000000,1756.9700000,1723.0000000,1754.1300000,987639
120718,000000,1753.5000000,1798.0000000,1753.0900000,1796.8100000,1309341
130718,000000,1796.8200000,1815.3100000,1795.5600000,1812.9800000,1205547
140718,000000,1812.5200000,1813.9000000,1812.5200000,1813.9000000,1395
160718,000000,1819.4200000,1841.9200000,1790.0000000,1796.0600000,1452746
170718,000000,1796.0000000,1851.5000000,1796.0000000,1845.9000000,1529237
180718,000000,1847.6900000,1858.7500000,1831.2600000,1840.8400000,1278781
190718,000000,1841.0000000,1843.1100000,1811.2800000,1815.7100000,1167612
200718,000000,1816.2000000,1834.8400000,1810.0400000,1814.1000000,1192107
210718,000000,1813.4500000,1814.1900000,1812.2300000,1813.6000000,877
230718,000000,1813.9700000,1819.2000000,1769.1300000,1812.8000000,1032006
240718,000000,1812.7700000,1840.0600000,1809.5200000,1829.2100000,1369419
250718,000000,1829.4500000,1865.2100000,1823.0100000,1848.1400000,1190627
260718,000000,1849.0000000,1895.0000000,1706.2200000,1870.7000000,2875895
270718,000000,1870.7000000,1894.0000000,1806.5000000,1817.4800000,2539474
280718,000000,1817.0000000,1817.4400000,1816.0000000,1816.0000000,2356
300718,000000,1829.0400000,1829.3900000,1766.0100000,1782.0000000,1789862
310718,000000,1781.3000000,1801.6600000,1739.3200000,1787.4000000,1522382
010818,000000,1787.4300000,1798.4400000,1776.3100000,1796.1800000,1145951
020818,000000,1796.7000000,1836.5000000,1786.0000000,1834.1000000,1185417
030818,000000,1834.3300000,1843.6000000,1820.5000000,1820.9300000,1049138
040818,000000,1820.6000000,1822.3500000,1820.6000000,1821.5000000,1343
060818,000000,1834.3100000,1847.9000000,1818.8500000,1847.2300000,921996
070818,000000,1847.1100000,1869.8000000,1846.1100000,1862.0000000,1019559
080818,000000,1862.7500000,1891.5100000,1854.5300000,1884.0000000,1132035
090818,000000,1883.6000000,1914.5700000,1877.6000000,1896.4200000,1291877
100818,000000,1896.8700000,1899.4800000,1878.2100000,1887.4700000,1015858
110818,000000,1887.9700000,1888.5000000,1887.6000000,1888.5000000,758
130818,000000,1885.8000000,1925.1500000,1881.4000000,1897.4900000,1426816
140818,000000,1897.0100000,1923.0500000,1897.0100000,1920.6500000,1075804
150818,000000,1921.2700000,1928.5500000,1869.7900000,1883.3700000,2240902
160818,000000,1884.4700000,1906.2100000,1883.2500000,1888.8900000,1123717
170818,000000,1888.5000000,1894.5100000,1855.5000000,1882.3500000,1148449
180818,000000,1881.9500000,1882.0400000,1880.0000000,1881.5000000,491
200818,000000,1888.9100000,1898.6700000,1866.4500000,1875.7500000,854663
210818,000000,1875.7500000,1897.7500000,1870.6300000,1870.6300000,999749
220818,000000,1870.5000000,1906.0000000,1870.1000000,1904.8000000,978771
230818,000000,1904.8900000,1919.6000000,1900.8000000,1902.9300000,1043928
240818,000000,1902.8900000,1916.0000000,1902.3100000,1905.1300000,875290
250818,000000,1905.1000000,1905.4600000,1904.9500000,1905.4600000,1664
270818,000000,1916.5600000,1929.5500000,1909.4200000,1929.1500000,934887
280818,000000,1929.3800000,1941.6500000,1928.6300000,1933.1100000,943508
290818,000000,1932.8200000,1999.0000000,1932.8200000,1999.0000000,1766318
300818,000000,1999.0000000,2025.6800000,1986.7600000,2003.6400000,1801244
310818,000000,2003.6300000,2022.3800000,2001.7000000,2014.0200000,1166200
010918,000000,2014.0600000,2016.9700000,2013.7500000,2016.7000000,2056
040918,000000,2036.2000000,2050.5500000,2013.0000000,2038.9100000,1505759
050918,000000,2039.4100000,2045.9100000,1989.7700000,1997.5000000,2203385
060918,000000,1998.0000000,2014.6300000,1935.2100000,1955.7700000,2165761
070918,000000,1955.0000000,1975.2000000,1935.0000000,1952.7000000,1394789
080918,000000,1952.5100000,1952.7900000,1949.2700000,1950.2300000,1005
100918,000000,1961.3800000,1973.0400000,1931.6000000,1939.5000000,1293110
110918,000000,1939.9900000,1988.8700000,1916.6500000,1986.5000000,1419158
120918,000000,1986.5000000,2003.0400000,1962.6100000,1990.1000000,1335077
130918,000000,1990.2000000,2008.8500000,1982.0000000,1989.9000000,1079364
140918,000000,1989.9000000,2002.9000000,1959.2500000,1969.8000000,1066186
150918,000000,1969.9300000,1970.5000000,1969.1500000,1970.5000000,815
170918,000000,1966.8200000,1966.8600000,1887.3800000,1908.9500000,1918828
180918,000000,1908.9300000,1958.2000000,1892.5000000,1940.6000000,1312672
190918,000000,1939.5400000,1951.6000000,1904.7800000,1925.0800000,1202890
200918,000000,1926.0000000,1955.0000000,1923.5000000,1945.5300000,966999
210918,000000,1945.5200000,1958.0000000,1910.7200000,1912.2700000,2838958
220918,000000,1912.2700000,1912.9500000,1909.5000000,1912.4000000,9528
240918,000000,1908.0000000,1950.0000000,1865.0000000,1935.8500000,1221124
250918,000000,1934.0800000,1975.8800000,1933.0000000,1974.7900000,1310201
260918,000000,1973.6000000,1995.3000000,1961.2100000,1975.7500000,1156292
270918,000000,1975.7500000,2016.0100000,1974.8500000,2012.9300000,1264515
280918,000000,2012.1000000,2026.6100000,1996.3100000,2002.4400000,1202056
290918,000000,2002.5000000,2004.0000000,2002.3700000,2004.0000000,408
011018,000000,2024.6300000,2033.2200000,2003.6000000,2005.0000000,972020
021018,000000,2005.6500000,2013.3300000,1965.7700000,1974.0000000,1510209
031018,000000,1974.0000000,1989.6900000,1949.6500000,1951.1200000,1446731
041018,000000,1952.0000000,1955.8200000,1896.5400000,1911.8300000,2089526
051018,000000,1911.0300000,1944.9900000,1862.9400000,1889.6500000,1817925
061018,000000,1889.0000000,1889.0000000,1886.5100000,1887.1700000,2230
081018,000000,1883.1800000,1901.9000000,1830.6600000,1868.6400000,1919232
091018,000000,1868.7500000,1896.7300000,1847.0000000,1871.3700000,1214358
101018,000000,1871.0000000,1879.0000000,1734.0000000,1736.0000000,3097163
111018,000000,1736.3500000,1755.4000000,1629.4900000,1733.0000000,3995782
121018,000000,1732.9000000,1808.9500000,1728.2500000,1790.0600000,3025772
131018,000000,1790.4000000,1793.8800000,1789.3300000,1793.8800000,4110
151018,000000,1786.0000000,1804.0000000,1733.8200000,1755.0000000,1655209
161018,000000,1755.5000000,1850.0000000,1746.0500000,1841.2500000,1517763
171018,000000,1841.5000000,1898.8500000,1807.0000000,1833.5000000,1476496
181018,000000,1834.2800000,1836.1200000,1767.8200000,1772.4400000,1632074
191018,000000,1772.4400000,1809.2700000,1753.3300000,1762.4200000,1629716
201018,000000,1762.0700000,1762.3300000,1758.7000000,1759.0200000,2307
221018,000000,1779.8900000,1809.5000000,1755.5000000,1790.8800000,1259926
231018,000000,1792.5000000,1793.0000000,1714.0300000,1770.3800000,1820683
241018,000000,1770.3800000,1784.9000000,1656.2300000,1692.0000000,2042029
251018,000000,1694.0000000,1794.9000000,1648.0000000,1654.0000000,3023627
261018,000000,1654.0000000,1698.4500000,1567.7300000,1640.3000000,4890673
271018,000000,1640.5000000,1644.8800000,1639.2400000,1644.4400000,2318
301018,000000,1541.2300000,1557.4600000,1476.2600000,1540.3000000,3554086
311018,000000,1542.0000000,1623.8000000,1519.2700000,1600.2500000,2690165
011118,000000,1600.0000000,1681.1100000,1598.2500000,1651.9800000,2249336
021118,000000,1653.0000000,1715.0000000,1632.8000000,1665.5000000,1807848
031118,000000,1665.8800000,1666.9900000,1665.3600000,1666.0200000,1688
051118,000000,1673.2800000,1675.2500000,1596.2700000,1627.7700000,1440606
061118,000000,1627.8000000,1665.1100000,1608.8200000,1642.8600000,1284605
071118,000000,1642.8100000,1759.1700000,1641.7500000,1755.6100000,2158639
081118,000000,1755.6100000,1795.0000000,1725.0000000,1754.9500000,1786741
091118,000000,1754.9100000,1755.6100000,1701.8100000,1712.4000000,1421825
101118,000000,1712.4300000,1716.0000000,1708.0000000,1708.0000000,222635
121118,000000,1720.9700000,1730.0000000,1630.0600000,1636.8100000,1726272
131118,000000,1636.8500000,1677.4400000,1613.7500000,1631.0300000,1627751
141118,000000,1631.1700000,1672.7500000,1597.0000000,1600.2500000,1738790
151118,000000,1599.0100000,1627.5400000,1546.3300000,1620.0000000,2391904
161118,000000,1619.4400000,1621.0000000,1573.1200000,1593.3300000,1670918
171118,000000,1593.4100000,1595.3900000,1592.8100000,1592.8100000,198930
191118,000000,1600.4900000,1607.1500000,1503.3700000,1512.6700000,1647693
201118,000000,1512.6200000,1534.8800000,1420.0000000,1495.4500000,3144750
211118,000000,1495.4600000,1550.0000000,1489.0300000,1515.4900000,1571180
221118,000000,1515.5000000,1520.0000000,1512.2500000,1520.0000000,141275
231118,000000,1504.4600000,1536.2000000,1497.3100000,1504.9300000,775906
241118,000000,1504.9300000,1506.9900000,1503.0000000,1506.9900000,616
261118,000000,1514.6900000,1584.7700000,1511.0800000,1581.3300000,1561064
271118,000000,1581.3300000,1597.6700000,1558.0100000,1581.8100000,1581847
281118,000000,1581.4200000,1681.4500000,1580.4100000,1677.4600000,2363089
291118,000000,1677.7300000,1690.0000000,1650.0100000,1673.5700000,1986274
301118,000000,1673.5700000,1695.9900000,1650.0100000,1692.0500000,1486090
011218,000000,1690.1800000,1693.8800000,1687.1700000,1690.5000000,15133
031218,000000,1700.0700000,1796.8400000,1700.0700000,1772.9000000,1725861
041218,000000,1772.3600000,1773.3300000,1665.0900000,1667.0000000,2432460
051218,000000,1665.9500000,1671.8500000,1665.0000000,1669.0000000,344275
061218,000000,1765.7400000,1765.7400000,1609.0000000,1700.8000000,2099202
071218,000000,1699.1900000,1726.6700000,1625.5600000,1629.8900000,2142983
081218,000000,1629.1300000,1631.0000000,1621.0000000,1621.0000000,268006
101218,000000,1620.0000000,1657.8400000,1590.3200000,1641.2000000,1751025
111218,000000,1641.0300000,1683.4700000,1619.6000000,1643.1600000,1606397
121218,000000,1643.5600000,1704.9900000,1634.0000000,1663.5300000,1699625
131218,000000,1663.5400000,1749.0000000,1641.5000000,1658.9100000,1455746
141218,000000,1658.3800000,1659.6300000,1585.0000000,1591.5800000,1594079
151218,000000,1591.9100000,1592.4300000,1589.0100000,1589.0100000,390633
171218,000000,1602.1000000,1602.1000000,1505.0000000,1522.1300000,2131418
181218,000000,1522.1100000,1567.7000000,1518.0700000,1551.4400000,1489776
191218,000000,1551.4800000,1584.5100000,1483.5000000,1495.0800000,2220751
201218,000000,1494.9000000,1509.8900000,1432.6100000,1460.7000000,2800550
211218,000000,1460.8300000,1486.0000000,1364.3800000,1376.7300000,3810164
221218,000000,1377.4500000,1383.0000000,1371.5500000,1371.5500000,1188859
241218,000000,1383.9400000,1395.6500000,1307.0000000,1335.6900000,2088737
251218,000000,1335.0000000,1335.5000000,1334.0000000,1335.5000000,83
261218,000000,1363.8100000,1473.2500000,1336.0600000,1470.8200000,2457318
271218,000000,1470.9000000,1477.2900000,1390.2700000,1463.6800000,2703317
281218,000000,1461.6400000,1513.4900000,1441.0000000,1478.7900000,2374891
291218,000000,1478.0200000,1479.5000000,1475.2600000,1479.5000000,202359
311218,000000,1500.1600000,1520.7700000,1480.0000000,1504.3000000,1524222
010119,000000,1501.9700000,1505.0000000,1501.9700000,1504.9400000,302595
020119,000000,1494.4600000,1553.3600000,1450.0300000,1539.1300000,1726323
030119,000000,1539.1300000,1540.7000000,1477.0300000,1499.2300000,2014778
040119,000000,1499.5900000,1594.0000000,1475.0000000,1575.8500000,2251557
050119,000000,1575.8500000,1576.6000000,1573.0600000,1576.6000000,360454
070119,000000,1589.0000000,1634.6400000,1550.0900000,1629.3300000,1899894
080119,000000,1629.5100000,1676.4800000,1616.6000000,1656.3500000,2262090
090119,000000,1656.5800000,1674.4300000,1641.3900000,1660.3200000,1630367
100119,000000,1659.7800000,1663.0900000,1622.0000000,1656.0400000,1645707
110119,000000,1656.2200000,1665.4700000,1608.0700000,1640.5000000,1310652
120119,000000,1640.5600000,1641.0000000,1637.3400000,1639.0000000,183916
140119,000000,1645.5400000,1648.2100000,1595.1500000,1618.0700000,1439478
150119,000000,1617.2100000,1675.1600000,1615.0000000,1674.8900000,1717411
160119,000000,1674.5600000,1705.0000000,1670.0300000,1683.5900000,1675159
170119,000000,1683.7800000,1700.4200000,1622.0300000,1693.2500000,1262902
180119,000000,1693.2200000,1716.3000000,1682.0000000,1696.2000000,1721211
190119,000000,1696.2000000,1696.2000000,1693.0800000,1694.9900000,204834
220119,000000,1684.0000000,1690.1800000,1610.0500000,1633.9800000,1470985
230119,000000,1632.1700000,1639.5900000,1632.1700000,1634.0800000,271249
240119,000000,1645.0400000,1657.1100000,1631.5400000,1654.9100000,960867
250119,000000,1654.9300000,1683.4300000,1646.2000000,1672.0500000,1479855
260119,000000,1672.0500000,1672.0500000,1667.0000000,1667.6600000,296047
280119,000000,1680.7400000,1680.7400000,1614.0700000,1638.2700000,1318214
290119,000000,1637.8900000,1639.9900000,1590.7100000,1593.8300000,1366147
300119,000000,1593.8700000,1676.8500000,1585.0000000,1671.1000000,1727167
310119,000000,1670.4300000,1736.1800000,1665.6000000,1718.7400000,2295888
010219,000000,1719.7700000,1777.7700000,1600.0000000,1624.7400000,1010127
020219,000000,1625.2500000,1626.0000000,1620.5000000,1621.0000000,7115
040219,000000,1634.1800000,1668.8000000,1614.6600000,1632.9800000,5277
050219,000000,1632.8900000,1677.4800000,1613.0100000,1658.9300000,4758
060219,000000,1662.5400000,1674.7900000,1634.5100000,1639.0000000,2314
070219,000000,1637.0000000,1639.4100000,1593.8600000,1614.0000000,3799
080219,000000,1600.0200000,1609.4100000,1567.0500000,1585.2000000,2292
110219,000000,1591.2000000,1609.0800000,1586.2600000,1592.7100000,2094
120219,000000,1586.0000000,1638.8000000,1586.0000000,1638.1300000,3082
130219,000000,1647.2300000,1656.2900000,1637.0000000,1639.9400000,794348
140219,000000,1640.0000000,1650.0400000,1606.3200000,1622.3300000,1051453
150219,000000,1622.6500000,1633.0600000,1604.5000000,1609.1800000,1261628
160219,000000,1608.4700000,1609.5000000,1606.8000000,1609.0000000,159365
190219,000000,1619.9900000,1634.0000000,1600.0000000,1627.5800000,917330
200219,000000,1627.5800000,1634.9400000,1610.1200000,1622.6200000,836120
210219,000000,1622.1000000,1629.9900000,1600.9100000,1619.4400000,1008707
220219,000000,1619.4400000,1634.9400000,1616.1200000,1631.1900000,832985
230219,000000,1631.5600000,1631.5600000,1629.5200000,1630.4000000,148145
250219,000000,1632.0000000,1654.4000000,1628.2900000,1633.0000000,764633
260219,000000,1633.0000000,1639.9800000,1615.7400000,1636.3700000,786297
270219,000000,1636.4000000,1641.8000000,1615.1000000,1641.5700000,925196
280219,000000,1641.0900000,1651.6800000,1629.2900000,1640.1200000,799100
010319,000000,1639.8300000,1674.2600000,1639.1300000,1671.2600000,1427155
020319,000000,1671.7300000,1673.1000000,1671.2400000,1673.1000000,151205
040319,000000,1678.2600000,1709.4400000,1674.3800000,1696.1600000,1388963
050319,000000,1696.1700000,1707.8200000,1689.0900000,1691.8100000,1011613
060319,000000,1692.4300000,1697.6500000,1668.2800000,1669.1600000,1089435
070319,000000,1668.9500000,1674.5400000,1620.5700000,1626.5200000,1324302
080319,000000,1625.9500000,1628.6300000,1586.3200000,1622.1100000,1354757
090319,000000,1620.8000000,1622.9900000,1620.0000000,1621.4000000,116336
110319,000000,1626.4000000,1672.1200000,1623.4400000,1671.0000000,1093837
120319,000000,1670.7500000,1684.4400000,1630.0100000,1672.8300000,992284
130319,000000,1672.5200000,1700.0000000,1665.0600000,1691.9400000,1092502
140319,000000,1691.9400000,1702.0000000,1684.0000000,1684.6500000,910166
150319,000000,1684.9100000,1718.7800000,1683.3400000,1710.9500000,3066263
160319,000000,1711.0100000,1711.3000000,1709.9900000,1710.0000000,3416
180319,000000,1717.5900000,1750.0000000,1710.1000000,1744.6500000,1624304
190319,000000,1745.0000000,1784.1600000,1744.0000000,1762.0000000,1699911
200319,000000,1762.0100000,1799.0100000,1758.3600000,1794.6000000,1612924
210319,000000,1795.0000000,1823.7500000,1787.6900000,1820.1000000,1441347
220319,000000,1819.4500000,1829.9900000,1760.6000000,1762.0000000,1644645
230319,000000,1762.3000000,1765.6900000,1762.0000000,1764.9600000,1652
250319,000000,1747.0900000,1782.7000000,1739.5400000,1776.8000000,1238927
260319,000000,1776.7500000,1805.8200000,1773.1500000,1784.5000000,1321302
270319,000000,1785.9500000,1792.0000000,1745.6400000,1764.9400000,1075455
280319,000000,1765.0000000,1777.8000000,1753.5100000,1774.7800000,819032
290319,000000,1774.7900000,1792.8700000,1773.3700000,1780.6400000,1104273
300319,000000,1779.8000000,1780.0100000,1778.6200000,1780.0000000,383
010419,000000,1796.9000000,1815.7700000,1796.9000000,1814.2900000,1237250
020419,000000,1813.6000000,1820.0000000,1805.0800000,1812.4500000,973972
030419,000000,1812.4500000,1830.0000000,1812.3000000,1821.3800000,1151851
040419,000000,1821.4200000,1828.8200000,1804.1400000,1818.8100000,1054787
050419,000000,1818.7900000,1838.5300000,1817.4600000,1837.7200000,1001326
060419,000000,1837.6000000,1839.1400000,1837.4500000,1838.0000000,1360
080419,000000,1836.3500000,1851.6900000,1825.1100000,1851.1000000,1122458
090419,000000,1851.8000000,1855.6800000,1831.7900000,1835.7000000,1007672
100419,000000,1836.0000000,1848.7000000,1829.0000000,1848.0000000,841370
110419,000000,1848.0000000,1853.5700000,1840.3000000,1843.3700000,795798
120419,000000,1843.0200000,1852.4900000,1830.0900000,1842.4000000,937361
130419,000000,1842.4000000,1843.0000000,1842.0600000,1843.0000000,747
150419,000000,1845.2900000,1848.5300000,1818.9000000,1845.0200000,1056551
160419,000000,1845.0400000,1869.8000000,1844.7000000,1862.6000000,828560
170419,000000,1862.5000000,1876.3900000,1860.0000000,1862.5000000,798351
180419,000000,1862.5000000,1871.3600000,1828.9700000,1861.5500000,976153
190419,000000,1861.5500000,1861.6500000,1860.5000000,1861.6500000,791
220419,000000,1862.5500000,1889.9900000,1845.6400000,1889.1900000,790250
230419,000000,1889.8000000,1929.2200000,1883.0100000,1925.5000000,1252051
240419,000000,1925.7700000,1936.0900000,1898.1600000,1917.2400000,1003818
250419,000000,1917.2500000,1970.0000000,1891.0000000,1919.0000000,1437683
260419,000000,1920.0000000,1951.0200000,1882.0000000,1949.5600000,2309166
270419,000000,1949.6000000,1949.9700000,1949.0000000,1949.7500000,1913
290419,000000,1960.2600000,1965.0000000,1898.8100000,1929.5000000,1217826
300419,000000,1929.9200000,1935.4900000,1907.0000000,1932.5000000,1094122
010519,000000,1932.4000000,1943.8600000,1909.0200000,1911.3100000,958900
020519,000000,1911.0000000,1925.3100000,1881.8000000,1900.7100000,1073438
030519,000000,1901.2400000,1964.3900000,1901.2000000,1962.2000000,1880696
040519,000000,1963.0000000,1964.0000000,1961.5000000,1963.0000000,880
060519,000000,1936.9400000,1959.0000000,1895.9800000,1941.0000000,1450161
070519,000000,1942.2000000,1951.4200000,1903.4200000,1921.2000000,1619825
080519,000000,1922.6700000,1935.4400000,1907.9700000,1917.0000000,1105542
090519,000000,1917.0200000,1920.7700000,1876.0000000,1897.2300000,1591114
100519,000000,1897.6300000,1907.0500000,1855.9900000,1889.7700000,1599904
110519,000000,1889.5000000,1892.0000000,1888.4300000,1891.5000000,705
130519,000000,1866.0700000,1866.0700000,1817.8200000,1819.2300000,1549566
140519,000000,1820.0000000,1852.4600000,1815.7500000,1839.1200000,1293355
150519,000000,1839.8800000,1877.0000000,1822.2600000,1875.5000000,1345765
160519,000000,1875.5000000,1917.5000000,1862.5500000,1905.0000000,1286701
170519,000000,1906.0000000,1910.4900000,1867.0000000,1870.2300000,1448169
180519,000000,1870.3600000,1870.5000000,1869.7000000,1870.3000000,806
200519,000000,1876.3500000,1879.0000000,1835.5400000,1860.1300000,1012796
210519,000000,1860.1300000,1884.0000000,1847.0000000,1856.2300000,1273292
220519,000000,1856.3200000,1871.1900000,1845.0000000,1857.9300000,766964
230519,000000,1857.7500000,1859.0000000,1804.1900000,1814.9500000,1237286
240519,000000,1815.5900000,1841.8000000,1814.0000000,1822.4900000,1036819
250519,000000,1822.2800000,1822.4000000,1819.9000000,1820.1000000,255
280519,000000,1838.9700000,1849.2500000,1825.0700000,1836.5000000,988836
290519,000000,1836.1000000,1837.7700000,1807.6300000,1817.9300000,1189039
300519,000000,1818.5400000,1829.7700000,1807.8100000,1815.2100000,837298
310519,000000,1815.4800000,1815.9500000,1769.5400000,1775.1000000,1373773
010619,000000,1775.0700000,1776.0000000,1774.5000000,1775.0000000,626
030619,000000,1754.7200000,1769.0000000,1671.9400000,1695.4900000,2468504
040619,000000,1695.6900000,1731.9200000,1680.8900000,1731.9200000,1541372
050619,000000,1732.0000000,1769.9800000,1715.2600000,1738.8800000,1100306
060619,000000,1738.5000000,1760.0000000,1717.0000000,1747.0800000,941935
070619,000000,1750.0000000,1806.2500000,1747.9900000,1803.4900000,1400664
080619,000000,1803.1600000,1803.5000000,1802.8000000,1802.8000000,1294
100619,000000,1809.7800000,1884.9900000,1806.7700000,1862.3700000,1650024
110619,000000,1862.4100000,1893.6700000,1858.0000000,1864.7000000,1133124
120619,000000,1864.6300000,1865.0000000,1844.4000000,1857.7500000,771654
130619,000000,1858.6000000,1883.3300000,1846.1600000,1870.3400000,707296
140619,000000,1871.6200000,1876.0000000,1853.5600000,1870.0000000,800380
150619,000000,1870.2300000,1870.8000000,1869.0000000,1869.9200000,532
170619,000000,1878.7500000,1895.7000000,1870.9700000,1886.6000000,752285
180619,000000,1887.4700000,1921.6800000,1886.6300000,1903.5000000,1233871
190619,000000,1903.0000000,1919.5500000,1892.2200000,1909.3700000,794681
200619,000000,1909.3500000,1940.4900000,1905.5300000,1917.2500000,972345
210619,000000,1917.2500000,1926.0000000,1903.0000000,1909.6900000,1676574
220619,000000,1909.7000000,1910.6000000,1908.0000000,1908.0000000,743
240619,000000,1924.0000000,1924.0000000,1901.3000000,1913.5500000,678067
250619,000000,1913.5500000,1916.4400000,1872.4200000,1879.5000000,900889
260619,000000,1879.9500000,1903.7800000,1850.0200000,1895.4200000,829630
270619,000000,1895.9400000,1915.2900000,1895.4000000,1904.0800000,592327
280619,000000,1904.1200000,1912.8000000,1884.0000000,1886.6900000,1148781
290619,000000,1886.8300000,1890.5900000,1886.0000000,1889.8100000,2223
010719,000000,1915.0000000,1929.8100000,1910.0000000,1921.5000000,976493
020719,000000,1921.0000000,1936.3500000,1906.6300000,1936.2900000,871804
030719,000000,1936.0000000,1941.5700000,1927.9300000,1937.5300000,561473
050719,000000,1943.3100000,1945.9300000,1925.1000000,1942.7100000,827178
060719,000000,1942.7100000,1943.2100000,1942.0100000,1943.2100000,508
080719,000000,1927.7600000,1956.0000000,1927.7600000,1952.0000000,876734
090719,000000,1952.0000000,1990.2500000,1936.3400000,1987.9600000,1288854
100719,000000,1987.9600000,2024.9500000,1980.0200000,2016.9000000,1406868
110719,000000,2016.8500000,2050.0000000,1995.2900000,2003.0000000,1142709
120719,000000,2003.0000000,2016.9000000,1987.1800000,2010.8300000,705920
130719,000000,2010.9000000,2012.0000000,2010.9000000,2012.0000000,1168
150719,000000,2022.6300000,2035.6500000,2001.5700000,2019.5300000,799720
160719,000000,2019.5300000,2026.2500000,2001.2500000,2007.0000000,685857
170719,000000,2007.7700000,2015.9900000,1978.5300000,1980.5900000,697347
180719,000000,1980.0300000,1987.7500000,1951.6600000,1985.5200000,912546
190719,000000,1985.9000000,1997.6200000,1958.3500000,1958.3500000,978378
200719,000000,1959.5000000,1961.0000000,1958.5000000,1961.0000000,5483
220719,000000,1975.9900000,1989.0700000,1958.6100000,1984.0000000,798844
230719,000000,1985.2000000,1997.8000000,1960.0000000,1969.9700000,694431
240719,000000,1970.8400000,2014.0000000,1965.2700000,1997.0300000,657810
250719,000000,1998.0000000,2007.0000000,1900.0000000,1929.0000000,1104228
260719,000000,1928.0100000,1970.0000000,1920.0000000,1940.5000000,1514008
270719,000000,1940.7500000,1941.0000000,1938.7500000,1938.7500000,1780
290719,000000,1941.6700000,1942.7900000,1890.5800000,1911.2300000,1254787
300719,000000,1911.4200000,1918.8400000,1883.4300000,1900.3000000,850926
310719,000000,1900.1600000,1915.0300000,1849.2600000,1865.8200000,1322333
010819,000000,1865.0000000,1897.9200000,1844.3100000,1850.1500000,1346171
020819,000000,1851.0700000,1857.5700000,1808.0100000,1824.0000000,1359468
030819,000000,1825.3400000,1826.6900000,1824.0100000,1825.0600000,1367
050819,000000,1794.6000000,1799.6800000,1748.6700000,1753.0000000,1797711
060819,000000,1755.0000000,1793.7700000,1728.0000000,1784.0100000,1340014
070819,000000,1783.2500000,1809.9900000,1756.4600000,1793.0000000,1279302
080819,000000,1793.7700000,1834.2500000,1792.0000000,1830.5400000,1067319
090819,000000,1831.4700000,1831.4700000,1802.0800000,1806.9400000,867661
100819,000000,1806.5000000,1807.5000000,1805.0100000,1806.5000000,1336
120819,000000,1820.6600000,1828.0200000,1776.7400000,1784.4000000,906471
130819,000000,1783.3000000,1831.9500000,1771.0100000,1825.6600000,1232770
140819,000000,1825.6600000,1837.2200000,1757.1600000,1761.8800000,1487288
150819,000000,1761.8800000,1788.0000000,1726.2700000,1777.0300000,1067614
160819,000000,1776.5500000,1804.2900000,1776.5100000,1792.2600000,1010215
170819,000000,1792.2600000,1792.7500000,1790.4000000,1792.6000000,2088
190819,000000,1804.9900000,1826.0000000,1804.9900000,1814.1800000,769845
200819,000000,1813.7300000,1823.0900000,1798.6700000,1798.6700000,608051
210819,000000,1799.0800000,1829.8000000,1799.0000000,1825.8000000,590648
220819,000000,1825.5000000,1831.0000000,1800.3100000,1804.5000000,863395
230819,000000,1804.9700000,1820.4900000,1745.1200000,1750.3000000,1572997
240819,000000,1748.0100000,1750.7400000,1745.1000000,1745.1700000,2918
260819,000000,1763.9600000,1785.0000000,1743.5500000,1768.6500000,905529
270819,000000,1768.8400000,1779.3900000,1746.6500000,1758.5000000,824354
280819,000000,1758.3300000,1773.9600000,1744.5000000,1762.1800000,665339
290819,000000,1762.5300000,1798.5500000,1758.1400000,1785.5000000,825946
300819,000000,1785.8500000,1803.7700000,1764.5700000,1774.8400000,959972
310819,000000,1773.0000000,1776.2500000,1773.0000000,1775.7500000,825
030919,000000,1756.9600000,1800.7000000,1753.9800000,1788.3000000,1124172
040919,000000,1788.0000000,1815.9700000,1787.0100000,1801.6400000,700100
050919,000000,1801.0000000,1842.5000000,1800.7000000,1839.0500000,1062478
060919,000000,1838.8800000,1846.5200000,1826.4800000,1834.4500000,744221
070919,000000,1834.0600000,1835.5000000,1828.0200000,1835.5000000,8345
090919,000000,1840.9800000,1850.0000000,1824.7800000,1831.2000000,894387
100919,000000,1831.2000000,1832.7900000,1805.4900000,1820.2800000,832415
110919,000000,1820.5000000,1839.9500000,1795.9000000,1828.5000000,751604
120919,000000,1828.0800000,1853.7300000,1827.5700000,1843.2500000,893298
130919,000000,1843.5000000,1851.0000000,1835.1700000,1838.5000000,601613
140919,000000,1838.1500000,1838.1500000,1837.1500000,1837.3500000,606
160919,000000,1828.2700000,1830.0600000,1800.2200000,1807.8700000,1299939
170919,000000,1807.9900000,1823.8700000,1803.0100000,1822.9900000,632318
180919,000000,1822.5500000,1824.8100000,1795.5000000,1819.7800000,765693
190919,000000,1819.5000000,1832.5200000,1805.0100000,1821.6000000,627372
200919,000000,1820.0000000,1830.6300000,1780.8900000,1792.4000000,2321017
210919,000000,1792.4000000,1792.7800000,1782.8800000,1783.0000000,2511
230919,000000,1798.0200000,1801.8300000,1767.4600000,1789.7000000,838099
240919,000000,1789.0000000,1797.1400000,1735.6000000,1742.0000000,1340100
250919,000000,1741.9000000,1773.0000000,1723.0000000,1768.0100000,1056756
260919,000000,1768.0000000,1775.3400000,1731.4600000,1739.5000000,987303
270919,000000,1740.0000000,1753.4900000,1713.6500000,1726.3000000,1008587
280919,000000,1727.0000000,1727.0000000,1723.0800000,1723.2500000,747
300919,000000,1738.1000000,1750.9900000,1709.2100000,1737.1500000,746177
011019,000000,1736.6000000,1755.5400000,1728.3100000,1737.0000000,813426
021019,000000,1736.9900000,1738.2000000,1705.0500000,1711.0000000,1005701
031019,000000,1711.4900000,1725.0000000,1685.0700000,1724.5000000,868326
041019,000000,1724.4200000,1741.0000000,1705.0000000,1740.3500000,724600
051019,000000,1740.5200000,1741.5600000,1739.6500000,1740.5100000,1139
071019,000000,1733.5200000,1747.8200000,1724.0200000,1731.8000000,607586
081019,000000,1731.6500000,1742.7200000,1702.1700000,1705.8800000,707611
091019,000000,1705.8600000,1729.9500000,1704.1200000,1721.5100000,629766
101019,000000,1721.5100000,1738.2800000,1702.0000000,1725.5000000,698704
111019,000000,1725.9600000,1745.5000000,1724.2500000,1732.5000000,884827
121019,000000,1732.0200000,1733.4900000,1731.0100000,1732.8800000,462
141019,000000,1740.6600000,1741.8400000,1722.0000000,1735.1000000,488995
151019,000000,1735.1200000,1776.5000000,1735.1200000,1768.4300000,779203
161019,000000,1768.6000000,1786.3000000,1763.2200000,1785.6900000,713578
171019,000000,1785.7400000,1800.6700000,1781.5000000,1788.3800000,749185
181019,000000,1788.7400000,1793.9800000,1749.2000000,1757.7100000,967628
191019,000000,1758.0000000,1760.0300000,1758.0000000,1759.5000000,3053
211019,000000,1764.3200000,1786.0000000,1761.0200000,1781.1000000,664483
221019,000000,1781.1500000,1790.5100000,1760.2600000,1761.2800000,622850
231019,000000,1761.9500000,1770.2200000,1742.2500000,1763.8300000,624966
241019,000000,1763.0200000,1788.3700000,1617.8000000,1662.9500000,1304160
251019,000000,1662.0000000,1764.2100000,1649.8300000,1761.7200000,2570318
261019,000000,1761.7000000,1762.0000000,1743.6800000,1748.7000000,6588
281019,000000,1759.0000000,1778.7000000,1732.7200000,1777.0000000,987647
291019,000000,1775.2100000,1779.8300000,1755.6700000,1761.0500000,601579
301019,000000,1761.0500000,1785.8300000,1758.7200000,1781.1100000,636550
311019,000000,1780.3300000,1792.0000000,1770.6800000,1777.0000000,888813
011119,000000,1777.0000000,1797.3900000,1775.0000000,1789.7600000,829010
021119,000000,1789.7600000,1790.1900000,1789.0200000,1789.2500000,580
041119,000000,1791.6200000,1815.1500000,1791.6200000,1805.3900000,659424
051119,000000,1804.6600000,1815.0000000,1794.1300000,1801.7000000,520279
061119,000000,1801.7100000,1804.3100000,1788.6200000,1795.9400000,581697
071119,000000,1795.7700000,1810.0000000,1783.4600000,1788.2000000,716471
081119,000000,1788.2000000,1792.0000000,1774.0000000,1785.8800000,629930
091119,000000,1785.8800000,1786.3100000,1783.0200000,1786.3100000,125712
111119,000000,1778.2600000,1783.2000000,1761.0000000,1771.8700000,467154
121119,000000,1771.6500000,1786.3800000,1769.1800000,1778.2300000,527871
131119,000000,1778.0000000,1805.0000000,1747.4200000,1753.4100000,778948
141119,000000,1753.1100000,1766.5500000,1749.5300000,1754.5900000,660960
151119,000000,1754.6000000,1765.5600000,1732.8900000,1739.4400000,1021888
161119,000000,1739.4900000,1739.4900000,1735.6600000,1737.0000000,203452
181119,000000,1764.7000000,1764.7000000,1722.7000000,1752.7700000,603937
191119,000000,1752.5300000,1762.5500000,1734.8100000,1753.1800000,571921
201119,000000,1752.7900000,1762.5000000,1734.1200000,1746.6100000,819647
211119,000000,1745.5300000,1747.0000000,1730.3300000,1735.0000000,912143
221119,000000,1734.7100000,1746.3200000,1726.0000000,1746.3200000,646919
231119,000000,1745.7200000,1748.2500000,1745.7200000,1746.6800000,108761
251119,000000,1753.0800000,1777.5000000,1749.0600000,1773.7500000,758678
261119,000000,1773.8400000,1797.0000000,1767.6800000,1797.0000000,861793
271119,000000,1796.9400000,1824.5000000,1793.0900000,1818.2300000,868966
281119,000000,1818.5100000,1818.5900000,1812.6000000,1812.6000000,142066
291119,000000,1815.1800000,1824.6000000,1794.5500000,1798.7700000,525325
301119,000000,1798.6600000,1798.8100000,1798.6600000,1798.8100000,18
021219,000000,1802.8600000,1815.4900000,1762.5100000,1781.9100000,930336
031219,000000,1781.9000000,1791.1000000,1747.0000000,1770.3300000,987629
041219,000000,1769.9600000,1789.1500000,1755.0000000,1760.4800000,769056
051219,000000,1760.6900000,1772.2900000,1740.0000000,1740.4800000,803652
061219,000000,1740.4800000,1758.5200000,1740.0000000,1751.5900000,857517
071219,000000,1751.6000000,1752.9900000,1749.7300000,1752.0000000,199963
091219,000000,1756.8600000,1766.7000000,1745.8700000,1749.5200000,459835
101219,000000,1749.5100000,1753.6400000,1735.0000000,1739.4900000,696329
111219,000000,1739.2100000,1750.0000000,1735.7600000,1748.9800000,609359
121219,000000,1748.7200000,1764.0000000,1746.0000000,1760.1000000,818381
131219,000000,1760.3300000,1773.1300000,1754.9900000,1760.9300000,886674
141219,000000,1760.9400000,1760.9400000,1759.3200000,1759.5000000,136810
161219,000000,1760.8200000,1771.0000000,1757.0500000,1769.2900000,629061
171219,000000,1769.2100000,1792.0000000,1760.0000000,1790.6600000,1050727
181219,000000,1790.6600000,1798.1700000,1782.3600000,1782.3600000,736798
191219,000000,1782.3600000,1802.9900000,1774.2200000,1792.2900000,662334
201219,000000,1792.2800000,1804.0000000,1784.5000000,1784.6300000,1425278
211219,000000,1786.5000000,1787.9000000,1784.1500000,1785.0000000,758485
231219,000000,1790.0200000,1793.0900000,1784.5600000,1792.5100000,393437
241219,000000,1793.0000000,1798.8800000,1777.6500000,1789.6600000,373916
251219,000000,1789.5500000,1789.5500000,1789.2100000,1789.2100000,75
261219,000000,1789.8600000,1870.4700000,1785.0000000,1869.0100000,1107546
271219,000000,1868.7700000,1901.5000000,1840.0000000,1869.6900000,1501284
281219,000000,1869.8000000,1870.5800000,1867.0100000,1869.6800000,184493
301219,000000,1869.0200000,1884.0000000,1840.5300000,1847.1700000,764200
311219,000000,1846.8900000,1863.0000000,1832.9000000,1847.6400000,629163
010120,000000,1847.8400000,1851.4500000,1847.8400000,1849.9900000,242242
020120,000000,1862.7400000,1899.0000000,1859.7700000,1897.7100000,817100
030120,000000,1898.0100000,1900.2600000,1859.5900000,1874.9300000,1084611
040120,000000,1874.9700000,1874.9700000,1872.0000000,1872.8000000,216995
060120,000000,1870.0100000,1903.3300000,1853.3200000,1903.3300000,856659
070120,000000,1902.8800000,1913.9000000,1892.0900000,1906.8600000,1075653
080120,000000,1906.8600000,1910.8600000,1885.4000000,1892.0800000,851798
090120,000000,1891.9700000,1917.8200000,1891.9700000,1901.0000000,817570
100120,000000,1901.0500000,1908.4800000,1847.3700000,1882.9800000,763648
110120,000000,1883.1600000,1884.0000000,1882.0000000,1882.7000000,138675
130120,000000,1896.0000000,1897.8100000,1880.7400000,1891.4900000,617092
140120,000000,1891.3000000,1895.4900000,1858.6600000,1869.2900000,1015378
150120,000000,1869.4400000,1878.8800000,1855.0900000,1862.0100000,811955
160120,000000,1862.0200000,1885.5000000,1860.6300000,1877.9400000,716664
170120,000000,1877.9400000,1886.7400000,1857.1500000,1864.7100000,999610
180120,000000,1864.7200000,1865.0000000,1863.7000000,1864.4500000,366855
210120,000000,1858.8100000,1894.2400000,1852.5200000,1892.5500000,792712
220120,000000,1892.0000000,1903.8000000,1883.3400000,1887.4600000,1074505
230120,000000,1887.4600000,1889.9300000,1872.7000000,1884.2100000,674266
240120,000000,1884.5800000,1894.9600000,1847.4400000,1861.6200000,1068908
250120,000000,1861.6200000,1862.4400000,1858.8900000,1859.5000000,225343
270120,000000,1860.0000000,1860.0000000,1741.0000000,1828.8800000,728410
280120,000000,1828.4800000,1865.9800000,1828.0000000,1853.9400000,925259
290120,000000,1853.2500000,1875.0000000,1853.0000000,1856.6800000,377111
310120,000000,2085.3400000,2086.6600000,2002.3200000,2049.2400000,2251272
030220,000000,1970.8400000,2048.4000000,1961.0100000,2003.5500000,1705900
040220,000000,2004.2000000,2059.4100000,2002.1500000,2049.7800000,1722204
050220,000000,2049.6700000,2075.6200000,1958.4200000,2039.8600000,1435161
060220,000000,2039.8700000,2067.9900000,2024.6900000,2050.6100000,983079
070220,000000,2050.2300000,2098.6800000,2037.5100000,2079.2800000,1299349
080220,000000,2079.2800000,2082.4000000,2078.0000000,2078.5000000,123559
100220,000000,2055.3600000,2135.6000000,2055.3600000,2134.5500000,1092486
110220,000000,2133.9100000,2185.9700000,2131.5000000,2151.1000000,1505831
120220,000000,2150.8000000,2180.2500000,2150.3500000,2161.3400000,836772
130220,000000,2160.0000000,2170.1800000,2131.0000000,2150.9500000,814737
140220,000000,2149.8700000,2169.9900000,2125.8900000,2135.4800000,613430
150220,000000,2134.8700000,2135.5000000,2130.0000000,2135.3700000,162032
180220,000000,2128.5800000,2134.7600000,2105.8100000,2123.2000000,166
210220,000000,2129.0000000,2148.4200000,2087.8600000,2095.3700000,970788
220220,000000,2095.9700000,2096.7500000,2094.2100000,2095.9700000,266127
240220,000000,2025.3700000,2040.0000000,1980.0100000,2008.7400000,1653547
250220,000000,2009.2900000,2049.9900000,1958.4200000,1974.3300000,1565989
260220,000000,1972.7400000,2014.6600000,1920.0400000,1980.4900000,1441963
270220,000000,1979.5900000,1982.5000000,1882.8800000,1882.8800000,2015126
280220,000000,1884.3000000,1893.6700000,1769.0200000,1871.2300000,2444825
290220,000000,1884.8800000,1894.0000000,1870.0000000,1887.4900000,26714
020320,000000,1880.6700000,1984.8500000,1845.3900000,1954.1100000,1687460
030320,000000,1953.9500000,1996.0000000,1888.2600000,1908.8800000,2289323
040320,000000,1908.3600000,1978.0100000,1895.0000000,1976.4600000,1535273
050320,000000,1975.8300000,1990.0000000,1910.0000000,1924.0000000,1560139
060320,000000,1924.0300000,1930.0700000,1859.2200000,1901.9600000,1640972
070320,000000,1901.0900000,1902.8900000,1893.1000000,1898.2100000,325000
090320,000000,1865.7700000,1865.7700000,1700.9900000,1794.9800000,2293047
100320,000000,1795.5000000,1903.0000000,1785.0000000,1888.8800000,2035688
110320,000000,1886.0000000,1889.9900000,1801.6800000,1820.7000000,1616874
120320,000000,1820.4800000,1837.0000000,1654.0300000,1654.0300000,3329102
130320,000000,1653.4900000,1800.0000000,1626.0800000,1773.0200000,2713978
140320,000000,1772.5000000,1779.0000000,1770.0100000,1773.0000000,7741
160320,000000,1758.3700000,1759.1000000,1626.0500000,1728.0000000,2860092
170320,000000,1725.1000000,1857.3300000,1689.2500000,1793.0100000,3183808
180320,000000,1793.0000000,1841.9900000,1725.8900000,1831.2000000,2889737
190320,000000,1832.9500000,1945.0000000,1785.0000000,1872.2300000,2913170
200320,000000,1876.7300000,1997.0000000,1820.7000000,1837.8000000,3285136
210320,000000,1838.9900000,1840.8800000,1836.8900000,1836.8900000,2104
230320,000000,1800.0000000,1919.6800000,1779.8600000,1905.3000000,2194972
240320,000000,1905.3000000,1991.5100000,1900.5000000,1938.0200000,2332870
250320,000000,1937.1000000,1983.5000000,1885.8000000,1890.3200000,2054049
260320,000000,1891.1600000,1956.1500000,1865.2800000,1953.0000000,1948191
270320,000000,1953.0000000,1980.9900000,1896.5400000,1899.4800000,1738892
280320,000000,1899.0000000,1900.0000000,1898.5100000,1899.0000000,723
300320,000000,1923.4000000,1973.6300000,1888.0100000,1957.2900000,2015713
310320,000000,1956.6300000,1996.9900000,1943.5800000,1949.7300000,1559530
010420,000000,1949.7300000,1986.4200000,1893.0000000,1909.8600000,1230188
020420,000000,1909.0100000,1939.9900000,1890.0000000,1916.7500000,1169596
030420,000000,1917.8300000,1926.3300000,1889.2000000,1904.2000000,1105469
040420,000000,1904.0800000,1905.8000000,1898.3200000,1900.0000000,956
060420,000000,1950.6300000,1998.0700000,1913.6100000,1988.0000000,1737603
070420,000000,1988.0000000,2035.7200000,1983.0000000,2007.2600000,1362970
080420,000000,2006.5600000,2043.6900000,2002.8000000,2040.9400000,1119704
090420,000000,2040.5900000,2063.7700000,2017.6700000,2043.8300000,1236329
130420,000000,2081.9000000,2180.0000000,2010.9600000,2176.0000000,1611649
140420,000000,2176.9800000,2292.0000000,2174.5000000,2287.0100000,1986844
150420,000000,2287.0100000,2342.9400000,2221.0100000,2306.8100000,1552346
160420,000000,2309.0000000,2461.3000000,2299.5000000,2418.1000000,2685898
170420,000000,2419.7500000,2436.0000000,2316.2100000,2380.5000000,2190635
180420,000000,2379.6100000,2381.0000000,2364.0000000,2366.5000000,2326
200420,000000,2383.7000000,2445.0000000,2366.9300000,2395.0000000,1442162
210420,000000,2395.0000000,2428.2100000,2279.0100000,2346.4100000,1926295
220420,000000,2345.0000000,2393.9300000,2297.7800000,2360.0000000,1124223
230420,000000,2361.4500000,2424.2800000,2349.6000000,2400.0000000,1391389
240420,000000,2398.9300000,2422.0000000,2381.5600000,2412.7500000,970246
250420,000000,2412.0500000,2412.5000000,2408.0000000,2409.0000000,1806
270420,000000,2428.5600000,2474.5100000,2363.3300000,2373.8900000,1382194
280420,000000,2373.1500000,2397.4600000,2306.0000000,2326.9000000,1327721
290420,000000,2325.1000000,2417.0000000,2309.1000000,2413.5200000,1299331
300420,000000,2414.5000000,2475.0000000,2310.0100000,2342.9600000,2811010
010520,000000,2343.0100000,2382.8800000,2258.1700000,2278.8000000,2669760
020520,000000,2279.7900000,2285.0000000,2275.0000000,2281.5000000,3320
040520,000000,2275.0000000,2326.3900000,2221.0000000,2313.0000000,1278380
050520,000000,2310.5000000,2351.2500000,2307.3000000,2319.0000000,957259
060520,000000,2318.6000000,2357.6200000,2317.0900000,2350.0000000,831263
070520,000000,2347.9900000,2383.9400000,2343.1100000,2366.4100000,1031785
080520,000000,2366.4100000,2387.0900000,2356.9000000,2379.8200000,833774
090520,000000,2379.8200000,2379.9400000,2377.5000000,2379.3000000,225
110520,000000,2384.3700000,2419.8000000,2366.1000000,2408.0000000,876160
120520,000000,2407.8700000,2419.7100000,2348.0000000,2350.0000000,875520
130520,000000,2350.6200000,2407.7000000,2337.2700000,2370.7000000,1236545
140520,000000,2370.6700000,2391.3700000,2346.1100000,2386.8000000,1179409
150520,000000,2385.6900000,2411.0100000,2356.9700000,2398.5000000,1240390
160520,000000,2398.5000000,2402.0000000,2398.0000000,2402.0000000,1192
180520,000000,2411.6400000,2432.5400000,2384.0100000,2424.0000000,1156650
190520,000000,2422.5100000,2484.6800000,2421.0000000,2455.6400000,1094005
200520,000000,2455.0000000,2500.0000000,2452.2500000,2499.5100000,1138220
210520,000000,2499.5100000,2525.4500000,2442.6100000,2444.3300000,1502619
220520,000000,2444.5000000,2469.8400000,2430.0200000,2436.7000000,777206
230520,000000,2436.1100000,2437.5400000,2434.0300000,2435.9400000,790
260520,000000,2474.3700000,2482.3300000,2414.0900000,2426.9900000,1091271
270520,000000,2424.1100000,2448.2300000,2329.4000000,2410.9500000,1426475
280520,000000,2410.3800000,2437.2000000,2378.0100000,2402.0000000,971836
290520,000000,2405.1000000,2443.0000000,2390.1500000,2439.7900000,1336203
300520,000000,2439.7900000,2442.5000000,2436.0300000,2436.0300000,1116
010620,000000,2374.0100000,2476.5500000,2374.0100000,2467.0000000,804866
020620,000000,2466.3400000,2480.1600000,2445.5200000,2470.9600000,757450
030620,000000,2470.5000000,2488.1000000,2461.1700000,2476.4000000,869713
040620,000000,2476.4200000,2507.9200000,2450.0000000,2463.1200000,911746
050620,000000,2462.2000000,2488.6900000,2437.0000000,2480.0000000,1092172
060620,000000,2479.2500000,2482.0000000,2476.0000000,2480.0000000,211
080620,000000,2479.8300000,2529.9900000,2471.3700000,2524.5600000,1283436
090620,000000,2525.7000000,2626.8800000,2511.0000000,2601.0000000,1584330
100620,000000,2602.5900000,2670.0000000,2600.1500000,2645.5400000,1452020
110620,000000,2645.5400000,2671.5400000,2550.0000000,2564.6100000,1822826
120620,000000,2564.7900000,2621.4900000,2503.1600000,2542.0000000,1516479
130620,000000,2541.6500000,2543.3000000,2536.0000000,2536.9900000,1215
150620,000000,2500.9800000,2584.0000000,2465.7700000,2577.7000000,1181630
160620,000000,2578.7800000,2643.0000000,2576.0000000,2619.3600000,1070135
170620,000000,2617.0000000,2655.0000000,2614.1000000,2641.0000000,912646
180620,000000,2640.4900000,2659.6200000,2635.1700000,2655.5000000,745531
190620,000000,2655.6900000,2697.5100000,2654.6000000,2668.0800000,2470156
200620,000000,2668.3600000,2672.0000000,2668.0800000,2668.8500000,2025
220620,000000,2697.1900000,2717.0000000,2669.0300000,2715.0000000,964435
230620,000000,2715.4200000,2783.0900000,2714.0000000,2762.7000000,1215003
240620,000000,2762.7000000,2795.9400000,2720.3900000,2736.0000000,1203788
250620,000000,2736.9400000,2756.7900000,2703.7900000,2755.0000000,902030
260620,000000,2754.5800000,2821.9800000,2688.5900000,2690.5500000,2139469
270620,000000,2691.2500000,2695.0000000,2689.5900000,2694.5000000,1761
290620,000000,2709.0800000,2740.0000000,2630.1200000,2687.9700000,1077450
300620,000000,2688.6900000,2769.5000000,2674.9300000,2757.0000000,1254815
010720,000000,2757.4300000,2895.0000000,2748.0000000,2870.1000000,1755066
020720,000000,2871.0000000,2955.8900000,2867.1200000,2889.8400000,1824274
030720,000000,2890.0000000,2893.9000000,2888.6800000,2891.6700000,2989
060720,000000,2946.1700000,3069.0000000,2920.0000000,3066.0000000,1671406
070720,000000,3065.6000000,3073.6600000,2990.0100000,3006.8000000,1390436
080720,000000,3007.4000000,3091.2700000,3000.0100000,3091.2700000,1333744
090720,000000,3092.0000000,3196.0000000,3072.7900000,3182.0000000,1570414
100720,000000,3183.0000000,3214.4500000,3135.7000000,3203.0000000,1365243
110720,000000,3202.9900000,3207.0000000,3200.7500000,3206.0000000,1340
130720,000000,3239.7000000,3344.3100000,3067.2000000,3105.6000000,2053584
140720,000000,3105.5000000,3169.9900000,2950.0000000,3073.8600000,1989677
150720,000000,3074.9900000,3178.9300000,2973.4100000,3013.4000000,1572769
160720,000000,3013.9000000,3031.2000000,2900.0000000,2964.0000000,1515666
170720,000000,2964.0600000,3024.2400000,2948.7000000,2961.0000000,1411388
180720,000000,2961.0000000,2961.7500000,2959.0000000,2959.9900000,364
200720,000000,2958.9100000,3201.2800000,2954.2900000,3194.3000000,1907582
210720,000000,3196.8400000,3289.9900000,3107.0000000,3140.3900000,1480164
220720,000000,3140.6500000,3190.0000000,3065.2200000,3082.0000000,1027925
230720,000000,3083.9500000,3140.0000000,2970.2300000,2986.5500000,1534740
240720,000000,2985.2100000,3031.5700000,2887.0000000,3010.9800000,1527503
250720,000000,3009.0000000,3012.8000000,2998.2500000,3000.0000000,1432
