230118,000000,262.1100000,264.4100000,258.1600000,262.9000000,1149000
240118,000000,262.9000000,263.1000000,256.0000000,256.8800000,1377615
250118,000000,256.8600000,259.9900000,247.2500000,247.2800000,1779494
260118,000000,247.2900000,250.9400000,245.2500000,250.6300000,1260091
270118,000000,250.7900000,250.9000000,250.2000000,250.7500000,292142
290118,000000,249.0000000,249.3600000,243.5000000,245.4400000,1354220
300118,000000,245.4700000,245.4700000,237.2000000,240.9600000,1505167
310118,000000,240.9800000,259.6700000,240.5100000,248.0800000,2345983
010218,000000,248.2000000,248.2400000,238.1000000,238.7800000,1583211
020218,000000,238.7900000,243.2400000,232.8200000,235.5700000,1562287
030218,000000,235.4800000,235.4800000,235.0800000,235.0800000,212280
050218,000000,233.0000000,243.9600000,227.7000000,228.0900000,1825165
060218,000000,228.1000000,240.3900000,223.4000000,240.3000000,2453613
070218,000000,240.3800000,243.1900000,236.6100000,237.4700000,1606481
080218,000000,237.3800000,239.0000000,229.5100000,229.5700000,1481073
090218,000000,229.5700000,236.9200000,226.2100000,235.4900000,1614516
100218,000000,235.5000000,235.5000000,235.0100000,235.5000000,240359
120218,000000,237.3500000,245.4800000,236.1000000,244.4100000,1138486
130218,000000,244.2400000,246.0300000,240.2500000,245.9500000,768371
140218,000000,245.8600000,247.0000000,242.0200000,244.4400000,153761
150218,000000,249.9900000,251.8400000,244.4700000,251.8300000,776669
160218,000000,251.8300000,252.5000000,248.0400000,248.7800000,1165280
170218,000000,248.8900000,248.8900000,248.6900000,248.6900000,194718
200218,000000,247.0000000,255.7500000,247.0000000,249.6300000,1277850
210218,000000,249.6200000,253.3800000,248.4900000,248.6200000,990626
220218,000000,248.6200000,253.1600000,248.0000000,249.4700000,773033
230218,000000,249.3500000,255.0500000,249.3500000,253.6700000,724150
240218,000000,253.7100000,254.0000000,253.0000000,253.0000000,164743
260218,000000,254.0000000,254.4900000,251.0200000,252.9600000,854440
270218,000000,252.9500000,255.6700000,251.8000000,251.8000000,788706
280218,000000,251.8100000,254.3600000,246.0500000,246.4600000,1157019
010318,000000,246.4600000,249.1300000,240.0100000,243.3000000,1134486
020318,000000,243.3100000,249.6400000,242.5800000,249.6400000,178272
050318,000000,246.3400000,251.3100000,243.4700000,247.0600000,625536
060318,000000,246.9800000,251.2500000,246.9100000,250.9700000,849874
070318,000000,250.9600000,250.9600000,244.2800000,247.0900000,1199566
080318,000000,247.0500000,248.6000000,245.9600000,246.9500000,1045447
090318,000000,246.9500000,254.2600000,246.9000000,253.7700000,1066452
100318,000000,253.2400000,272.5000000,252.9200000,263.4800000,93378
120318,000000,262.5700000,264.2700000,258.6400000,263.1900000,1685402
130318,000000,262.8900000,273.7800000,254.9900000,263.0000000,2132443
140318,000000,262.8500000,262.8500000,255.1400000,260.6500000,1185531
150318,000000,260.7500000,270.0000000,260.5800000,264.5800000,1712682
160318,000000,264.5000000,268.3000000,254.4000000,255.5500000,4240914
170318,000000,254.8700000,255.8500000,254.8700000,255.8500000,158
190318,000000,252.0000000,256.2900000,242.8000000,245.9600000,2143212
200318,000000,245.2500000,248.0000000,241.2800000,242.5100000,1735413
210318,000000,242.4000000,250.5000000,240.0600000,246.0000000,1886624
220318,000000,245.7600000,246.7100000,241.5100000,243.5700000,1418743
230318,000000,244.0600000,245.1900000,240.4200000,242.1000000,2070195
240318,000000,241.6100000,242.4800000,241.6100000,242.4800000,458
260318,000000,243.0000000,248.7700000,240.5100000,247.7300000,1636333
270318,000000,247.5900000,254.2500000,241.7000000,245.1000000,2062860
280318,000000,244.0000000,246.8500000,235.6500000,237.9900000,1468601
290318,000000,236.5400000,240.8900000,234.7700000,235.1500000,1932686
300318,000000,235.4500000,235.5500000,235.0000000,235.2000000,243
020418,000000,235.5900000,236.1200000,225.4400000,227.3900000,1847480
030418,000000,227.5000000,236.9800000,227.2800000,236.7800000,1669991
040418,000000,236.1000000,236.1000000,235.5900000,235.5900000,15
160418,000000,247.7500000,249.8700000,245.7700000,249.5000000,987796
170418,000000,249.7500000,252.8500000,249.6500000,251.5000000,817161
180418,000000,250.5000000,251.4000000,247.5000000,249.7300000,628346
190418,000000,245.0000000,246.1400000,240.6200000,242.0000000,1244199
200418,000000,242.8500000,242.8500000,235.0100000,237.2400000,1592320
210418,000000,238.4200000,238.4200000,238.4200000,238.4200000,2
230418,000000,237.0000000,238.3200000,232.1300000,233.4700000,1343756
240418,000000,233.4500000,236.2400000,226.6500000,230.0000000,1529903
250418,000000,230.1000000,231.0200000,225.8600000,229.0000000,1101606
260418,000000,230.5000000,232.9000000,228.3000000,232.7800000,1242416
270418,000000,232.5000000,234.2000000,230.7400000,232.9300000,1111548
300418,000000,232.9600000,234.1300000,224.6000000,229.0000000,1172651
010518,000000,229.5000000,235.8500000,226.3600000,235.0000000,1275777
020518,000000,234.5000000,235.0000000,226.8000000,228.7400000,1704727
030518,000000,228.2400000,228.2400000,222.6800000,224.8700000,1718231
040518,000000,225.5000000,232.0400000,221.9400000,230.7100000,1973596
050518,000000,231.4800000,231.5000000,231.4800000,231.5000000,39
070518,000000,231.3100000,236.7500000,231.0000000,235.4900000,1433876
080518,000000,235.9000000,239.1100000,234.8600000,239.1100000,1711670
090518,000000,235.9500000,239.1500000,234.2800000,238.3000000,1416102
100518,000000,237.9800000,243.5700000,237.5700000,242.6000000,1167642
110518,000000,242.6300000,244.5100000,241.6300000,243.2800000,922490
120518,000000,243.0000000,243.0000000,243.0000000,243.0000000,38
140518,000000,245.4500000,248.4200000,243.8300000,244.6400000,944484
150518,000000,243.7500000,244.4000000,238.5000000,241.5800000,911832
160518,000000,241.8500000,242.5000000,239.0000000,240.3200000,1250648
170518,000000,238.1200000,241.5800000,238.0200000,239.4500000,933019
180518,000000,239.4300000,240.4400000,235.8800000,236.7100000,1182913
190518,000000,236.5800000,236.5800000,236.5800000,236.5800000,262
210518,000000,238.9900000,240.3800000,236.6500000,238.5700000,1058725
220518,000000,239.3700000,241.1000000,237.6000000,238.3700000,875407
230518,000000,238.7400000,240.6200000,235.7200000,240.5100000,1136543
240518,000000,240.9400000,244.3500000,240.0000000,243.5000000,870848
250518,000000,244.0000000,250.6800000,243.1500000,249.2000000,1006075
290518,000000,251.7000000,251.7000000,248.0000000,249.7400000,929113
300518,000000,250.0000000,252.0300000,249.3300000,250.0600000,936998
310518,000000,249.6600000,255.2900000,249.0100000,252.0700000,1204377
010618,000000,252.5700000,257.6900000,252.4800000,256.3400000,1008039
020618,000000,256.5000000,256.5000000,256.5000000,256.5000000,50
040618,000000,250.4800000,259.3500000,250.4800000,258.3700000,833924
050618,000000,258.7300000,261.3500000,258.0400000,259.9600000,1585606
060618,000000,259.9900000,263.8800000,259.7400000,263.8800000,1185049
070618,000000,263.8900000,268.3900000,261.8800000,264.6800000,1288802
080618,000000,264.7200000,264.9000000,253.7400000,257.5500000,2086797
090618,000000,257.5500000,257.5500000,257.4600000,257.4600000,721
110618,000000,257.9000000,261.8000000,256.3200000,260.5000000,1196568
120618,000000,260.5200000,261.7000000,258.4800000,261.4300000,981168
130618,000000,261.8000000,266.0600000,260.7400000,262.9000000,1208410
140618,000000,264.1100000,269.0300000,262.6600000,268.3500000,1572084
150618,000000,268.3500000,271.8000000,265.0100000,269.7400000,3470422
160618,000000,270.0800000,270.2000000,270.0800000,270.2000000,14
180618,000000,268.7900000,269.2400000,264.2400000,264.5000000,1521353
190618,000000,264.5500000,264.6000000,254.2500000,260.4300000,1366984
200618,000000,260.6000000,264.0200000,260.6000000,261.7400000,809992
210618,000000,262.0500000,262.4700000,258.4900000,259.6500000,658427
220618,000000,260.5100000,261.5000000,258.9700000,259.6900000,2230667
230618,000000,261.0500000,261.0500000,261.0500000,261.0500000,1
250618,000000,257.2100000,257.2100000,250.5900000,252.4200000,1196619
260618,000000,254.2900000,255.5500000,250.5700000,251.5400000,920701
270618,000000,251.5500000,255.1100000,246.8500000,247.2700000,1033783
280618,000000,247.1100000,247.5000000,242.2500000,245.0000000,1308499
290618,000000,245.2700000,246.9500000,242.5600000,242.6400000,2273218
020718,000000,241.8000000,242.2200000,237.4200000,241.9500000,1357442
030718,000000,241.0000000,243.6700000,238.7700000,238.7700000,499021
050718,000000,236.1100000,245.6100000,236.1100000,245.3500000,1112364
060718,000000,245.2900000,248.6000000,244.3900000,247.6800000,1029874
090718,000000,250.0000000,250.0000000,245.5800000,247.4300000,731099
100718,000000,247.4300000,251.8000000,247.0300000,250.0000000,643657
110718,000000,249.9700000,249.9700000,229.6500000,230.7500000,1373609
120718,000000,230.3100000,230.4800000,197.4500000,210.9000000,11576965
130718,000000,210.9000000,215.7300000,201.9000000,202.9000000,4103389
140718,000000,202.7600000,202.9200000,202.7000000,202.9000000,757
160718,000000,206.4800000,206.4800000,200.5700000,202.2500000,2781444
170718,000000,201.1000000,209.0700000,201.0400000,208.3000000,2307193
180718,000000,208.1500000,209.8500000,204.5000000,208.5500000,1997248
190718,000000,208.5500000,211.8000000,207.3600000,211.6000000,1444131
200718,000000,211.5000000,213.2800000,208.8800000,209.9100000,1668801
230718,000000,207.5000000,218.6600000,207.5000000,217.3000000,1806686
240718,000000,217.3000000,220.3500000,215.6900000,217.5000000,1634354
250718,000000,217.0000000,228.6500000,216.8000000,226.2500000,2073821
260718,000000,226.2000000,229.7900000,220.6700000,223.1500000,2056069
270718,000000,223.0100000,229.3000000,220.0700000,221.7000000,2338652
280718,000000,222.0000000,222.2000000,222.0000000,222.2000000,2
300718,000000,221.8000000,228.0000000,220.8300000,225.1900000,1664575
310718,000000,224.3000000,228.8400000,221.5400000,224.0000000,1692616
010818,000000,224.5000000,225.1400000,216.2000000,216.8000000,1500727
020818,000000,216.7000000,218.2700000,213.2500000,216.0200000,1422061
030818,000000,218.9000000,218.9000000,214.4000000,217.7500000,1004369
060818,000000,216.5100000,218.2800000,215.8600000,216.0600000,836115
070818,000000,217.2900000,221.8300000,217.1900000,220.2100000,1104068
080818,000000,220.9000000,221.2300000,218.9700000,219.5000000,642483
090818,000000,219.3700000,224.0000000,215.9100000,216.6700000,858179
100818,000000,216.5800000,216.5800000,210.4600000,212.5000000,1363832
110818,000000,212.2300000,212.2300000,212.2300000,212.2300000,4
130818,000000,211.4400000,213.9300000,210.4200000,211.5000000,1021862
140818,000000,214.8000000,214.8000000,206.8300000,207.4700000,1213028
150818,000000,213.0000000,213.0000000,202.7000000,206.9900000,1359198
160818,000000,207.3100000,210.0000000,206.7500000,209.1500000,965292
170818,000000,209.0000000,211.1700000,205.5100000,209.2700000,1443657
200818,000000,210.0000000,210.0000000,205.8600000,207.1000000,2050297
210818,000000,207.5000000,211.4600000,207.1500000,210.0000000,996143
220818,000000,209.5100000,212.4400000,207.4300000,207.6300000,986466
230818,000000,208.3300000,209.0200000,205.2800000,206.5900000,1403919
240818,000000,205.7200000,209.2900000,204.7000000,209.0000000,887611
250818,000000,209.1500000,209.1500000,209.1500000,209.1500000,28
270818,000000,215.9000000,215.9000000,208.1400000,213.4000000,828496
280818,000000,213.2400000,215.9500000,212.5500000,214.4000000,979738
290818,000000,214.4000000,216.2000000,213.6000000,214.8900000,690694
300818,000000,214.8900000,216.9400000,214.5200000,216.0000000,886166
310818,000000,216.0000000,219.3500000,215.2200000,219.0000000,991091
010918,000000,219.0000000,219.5600000,218.6000000,219.5600000,380
040918,000000,220.5200000,222.0000000,217.1200000,219.5100000,1356550
050918,000000,219.8700000,223.9900000,219.4900000,221.8600000,1297867
060918,000000,221.3600000,225.0000000,213.8900000,223.2000000,1818002
070918,000000,223.2000000,235.4100000,217.0000000,233.4400000,3175166
080918,000000,233.4800000,233.9500000,233.0300000,233.6000000,1410
100918,000000,235.1500000,241.0500000,232.0200000,240.6400000,2266233
110918,000000,241.0000000,241.4700000,230.4500000,232.0000000,1876454
120918,000000,232.2000000,232.2500000,222.8200000,230.0700000,1910514
130918,000000,229.5000000,239.2200000,229.5000000,236.0000000,1576190
140918,000000,236.0000000,238.0700000,233.7200000,235.6900000,1207699
170918,000000,238.1200000,240.5000000,234.3100000,234.5000000,1305018
180918,000000,234.8200000,241.4000000,231.6500000,239.5000000,2024660
190918,000000,239.7300000,242.4800000,239.7300000,241.7500000,1219796
200918,000000,241.6000000,246.0500000,241.6000000,245.8000000,1629420
210918,000000,244.8200000,249.4500000,243.8000000,248.1000000,7447590
220918,000000,248.0000000,248.0000000,247.1500000,247.9000000,506
240918,000000,250.0000000,253.0000000,246.0400000,249.4500000,1868782
250918,000000,249.4500000,251.2700000,245.8300000,247.6500000,1901503
260918,000000,247.6500000,248.0600000,243.6900000,244.9400000,1319930
270918,000000,245.0000000,247.8800000,244.6900000,246.4500000,1241329
280918,000000,246.4400000,246.9800000,243.8300000,246.7500000,1331709
290918,000000,246.7700000,246.7700000,246.7600000,246.7600000,324
011018,000000,248.0000000,252.1700000,247.8800000,249.4000000,1137547
021018,000000,249.5000000,251.7100000,246.6300000,246.6300000,1074061
031018,000000,249.5900000,251.3300000,247.0400000,249.9200000,891345
041018,000000,253.0900000,253.0900000,246.3000000,248.1700000,1061405
051018,000000,249.7500000,250.0800000,242.3700000,245.0700000,1483431
081018,000000,242.4700000,245.3900000,240.3800000,241.4000000,1523191
091018,000000,241.4000000,245.7000000,240.0300000,244.7000000,1092948
101018,000000,243.8100000,245.0600000,230.5500000,230.5500000,2462684
111018,000000,230.9000000,235.6000000,224.0000000,228.6800000,1761203
121018,000000,230.2700000,236.0000000,229.0400000,233.5000000,1501762
131018,000000,233.8000000,235.7000000,233.5000000,233.5000000,243
151018,000000,233.3300000,235.3300000,230.0400000,232.5300000,1332824
161018,000000,231.9500000,239.0000000,231.7700000,239.0000000,1182887
171018,000000,239.5000000,239.9900000,233.9200000,237.1700000,911357
181018,000000,235.2500000,237.2000000,226.5500000,228.0000000,1568363
191018,000000,230.0000000,232.4000000,226.8900000,227.9000000,1429154
221018,000000,231.0700000,232.3400000,227.9900000,228.6200000,1057827
231018,000000,228.1100000,229.5400000,219.3700000,226.5000000,1240675
241018,000000,226.5500000,227.9500000,217.8400000,218.7100000,1465611
251018,000000,219.1600000,223.3700000,215.0000000,221.0600000,1335588
261018,000000,219.4500000,219.6600000,209.2000000,214.8300000,1690449
271018,000000,213.4200000,213.4200000,213.2500000,213.2500000,351
301018,000000,212.3400000,221.5500000,209.1500000,220.7500000,1404140
311018,000000,220.7500000,226.0200000,219.0800000,222.6000000,1275288
011118,000000,222.6000000,234.1900000,220.5000000,224.0000000,1427364
021118,000000,223.3100000,226.9000000,217.7300000,220.8600000,1566298
031118,000000,221.9300000,221.9300000,221.9300000,221.9300000,1
051118,000000,222.1500000,222.1500000,213.6900000,219.9300000,822039
061118,000000,220.0900000,229.1600000,216.2000000,228.2500000,1027793
071118,000000,228.2500000,235.2200000,228.2500000,234.4100000,1063122
081118,000000,234.4000000,242.6200000,231.5100000,240.2500000,1141811
091118,000000,240.2500000,240.2500000,232.5500000,238.9900000,1185266
101118,000000,238.9900000,238.9900000,238.6500000,238.7500000,241491
121118,000000,237.3300000,237.3300000,220.3200000,223.6300000,1441663
131118,000000,223.6300000,229.8200000,222.4000000,224.7800000,1071847
141118,000000,224.8300000,230.5600000,224.8300000,226.2000000,976172
151118,000000,226.2000000,239.3400000,224.8200000,236.5500000,1416164
161118,000000,236.3400000,239.1800000,231.2000000,237.7200000,1470018
171118,000000,237.6100000,238.5500000,237.5000000,237.9000000,427655
191118,000000,237.4800000,241.0800000,228.5300000,229.1300000,956678
201118,000000,229.1300000,229.1400000,221.7300000,227.7200000,1188232
211118,000000,227.7100000,233.2500000,225.1200000,230.0200000,889014
221118,000000,230.0000000,231.0000000,229.5000000,229.5000000,264522
231118,000000,226.8000000,232.9900000,226.8000000,229.5000000,440659
261118,000000,234.0000000,238.1500000,231.5500000,235.3300000,759751
271118,000000,235.3100000,238.3300000,232.4800000,235.8900000,1179860
281118,000000,235.8300000,238.0000000,231.6300000,235.1800000,1158498
291118,000000,235.2200000,238.6400000,232.8000000,235.7800000,899257
301118,000000,235.7800000,238.2600000,233.3500000,237.4000000,1194471
011218,000000,237.2400000,238.2800000,236.9500000,237.2000000,407
031218,000000,243.4000000,247.0400000,240.0500000,242.1100000,1130341
041218,000000,242.0700000,242.0700000,231.6400000,232.2500000,1301065
051218,000000,232.0400000,233.9900000,232.0400000,233.9900000,487973
061218,000000,225.6000000,228.9900000,217.6700000,226.9900000,1468084
071218,000000,226.9800000,243.6300000,224.5100000,228.5600000,2543334
081218,000000,228.5600000,229.0000000,228.5600000,229.0000000,466342
101218,000000,227.8400000,240.3200000,226.0000000,239.2500000,1368433
111218,000000,239.2500000,250.2800000,237.0000000,246.8800000,2533067
121218,000000,246.8400000,260.1800000,246.0600000,255.0400000,2869879
131218,000000,254.9800000,264.1500000,253.0100000,258.2900000,2756243
141218,000000,258.3000000,261.6200000,254.5800000,254.7300000,2139924
151218,000000,254.8300000,254.8600000,254.8300000,254.8300000,305606
171218,000000,254.8400000,261.3500000,253.0000000,254.4300000,1961360
181218,000000,254.1300000,259.2100000,248.8100000,249.6700000,2840591
191218,000000,249.6700000,255.8500000,242.5500000,243.7200000,2823834
201218,000000,243.8900000,248.5000000,238.5100000,241.9800000,3292265
211218,000000,241.9900000,251.7200000,240.4300000,244.6200000,3424566
221218,000000,244.9100000,245.5800000,244.4000000,244.9500000,3407107
241218,000000,246.0500000,246.0500000,233.2100000,233.2100000,1259113
261218,000000,236.5500000,248.4600000,233.5200000,248.0200000,1158966
271218,000000,248.1400000,251.2200000,242.1000000,250.8500000,1424712
281218,000000,250.8500000,258.0800000,248.4600000,253.6000000,1130455
291218,000000,253.5900000,257.4200000,253.5400000,255.9900000,246547
311218,000000,258.6600000,258.6600000,250.9900000,254.2800000,819304
010119,000000,254.2800000,255.0000000,253.5000000,254.3000000,338784
020119,000000,249.1000000,254.7000000,246.7100000,253.4500000,1016040
030119,000000,253.5100000,253.6900000,230.3500000,230.8900000,2406312
040119,000000,230.9600000,236.4500000,230.4000000,233.0200000,2092408
050119,000000,233.2300000,233.2500000,232.7200000,233.0000000,391145
070119,000000,231.5200000,240.3000000,230.8000000,237.9700000,1868609
080119,000000,237.9800000,241.9000000,233.3900000,236.0300000,1224684
090119,000000,236.0700000,246.6800000,236.0000000,246.2400000,2099634
100119,000000,246.2800000,250.5700000,243.0000000,249.5800000,1250292
110119,000000,249.5200000,252.9200000,248.7800000,250.5800000,884498
120119,000000,250.5700000,250.5700000,250.5700000,250.5700000,142221
140119,000000,249.6700000,251.5900000,246.0000000,250.8100000,729424
150119,000000,250.8700000,262.2000000,250.7200000,256.4700000,1277577
160119,000000,256.4900000,258.1500000,251.3500000,251.6600000,919242
170119,000000,251.7000000,257.3600000,248.7500000,255.3800000,1214075
180119,000000,255.3300000,261.9400000,255.1900000,260.7100000,1323257
190119,000000,260.8200000,260.9000000,260.2300000,260.5000000,217163
220119,000000,260.4000000,260.4000000,254.9000000,258.4900000,985184
230119,000000,258.4800000,260.9100000,253.7000000,257.5200000,1222234
240119,000000,257.5200000,266.7700000,257.5200000,263.5000000,1307130
250119,000000,263.5500000,268.3100000,259.1200000,267.9100000,1109651
260119,000000,267.9400000,270.0000000,267.9400000,270.0000000,190270
280119,000000,267.9400000,268.8500000,258.3000000,267.5500000,917382
290119,000000,267.6200000,268.1500000,263.8300000,266.2100000,962138
300119,000000,266.3200000,273.7400000,265.0000000,270.7800000,1156981
310119,000000,270.8200000,273.4800000,266.3400000,268.0800000,740902
010219,000000,268.2500000,271.5000000,265.0200000,265.0200000,337343
020219,000000,266.8100000,266.9500000,266.8100000,266.9500000,226042
040219,000000,267.1400000,271.7100000,265.2400000,271.7100000,253
050219,000000,273.3600000,273.5900000,270.0700000,270.0800000,139
060219,000000,270.8400000,278.7200000,270.8400000,275.4900000,133
070219,000000,273.5000000,274.1000000,266.9700000,268.4000000,183
080219,000000,265.1100000,273.6100000,260.5100000,273.6100000,183
110219,000000,276.3200000,276.3200000,273.2300000,275.5300000,55
120219,000000,274.2600000,279.6600000,274.2600000,278.5000000,126
130219,000000,281.0000000,282.1500000,277.9700000,281.3100000,585575
140219,000000,281.3200000,283.0100000,278.9700000,281.5000000,552843
150219,000000,281.5000000,284.3900000,278.8500000,281.8900000,759134
160219,000000,281.9300000,281.9300000,281.4000000,281.4000000,169715
190219,000000,278.6200000,282.8200000,278.6200000,281.7300000,378356
200219,000000,281.6600000,286.6000000,281.6600000,283.4000000,585026
210219,000000,283.4200000,284.4900000,278.9600000,280.9400000,631468
220219,000000,280.9400000,281.2600000,274.6600000,276.5000000,860816
230219,000000,276.5000000,276.5000000,275.5500000,276.2000000,207581
250219,000000,275.7200000,280.9900000,275.7200000,278.5800000,460024
260219,000000,278.6000000,278.9500000,274.4500000,274.7900000,1065716
270219,000000,275.0000000,275.0200000,269.5800000,271.5000000,934887
280219,000000,271.4900000,275.7100000,268.6300000,275.4200000,1121328
010319,000000,275.3600000,278.1200000,271.1300000,272.7700000,1239253
020319,000000,272.7500000,272.7500000,272.0700000,272.0700000,188252
040319,000000,274.1900000,276.5900000,270.9100000,274.8900000,502987
050319,000000,274.8900000,280.4400000,274.2000000,276.9400000,827568
060319,000000,277.0100000,277.9800000,270.4800000,271.2900000,580423
070319,000000,271.3500000,272.3200000,264.0100000,265.4900000,833557
080319,000000,265.5100000,265.5100000,259.5000000,264.1900000,831581
090319,000000,264.1900000,264.1900000,264.1900000,264.1900000,147985
110319,000000,264.4200000,270.5500000,264.1500000,269.0600000,1050072
120319,000000,271.4000000,271.5000000,264.2000000,270.0000000,888502
130319,000000,270.0000000,273.0500000,269.0400000,271.8000000,891503
140319,000000,271.4700000,283.9700000,267.0100000,281.7000000,1409735
150319,000000,281.3000000,299.5000000,279.3000000,291.2500000,5645181
160319,000000,291.8000000,292.4500000,291.8000000,292.3000000,557
180319,000000,293.4300000,296.9800000,290.2100000,294.8700000,1888561
190319,000000,293.9500000,300.9700000,293.8800000,299.8000000,2150311
200319,000000,299.4600000,299.4600000,290.2900000,291.0000000,1581298
210319,000000,289.7500000,299.3600000,289.7500000,296.5000000,1065853
220319,000000,296.6000000,296.6000000,291.3900000,294.0000000,875737
230319,000000,292.9300000,292.9300000,292.6600000,292.6600000,218
250319,000000,291.4900000,294.2300000,288.6900000,292.1800000,1170704
260319,000000,294.0900000,299.4800000,293.5000000,296.5000000,1234905
270319,000000,295.6100000,298.9800000,292.4500000,295.2300000,842315
280319,000000,296.7500000,303.3000000,295.7600000,299.7100000,1088159
290319,000000,299.0800000,302.6500000,298.2800000,301.4900000,955895
010419,000000,299.6300000,306.7800000,299.6300000,305.9100000,932684
020419,000000,305.8100000,307.3300000,302.4700000,302.4700000,895606
030419,000000,304.2200000,307.4400000,301.8200000,304.2000000,667299
040419,000000,304.7900000,306.0000000,301.6700000,302.6600000,494250
050419,000000,302.0000000,304.4700000,301.8000000,303.9000000,577958
060419,000000,304.7800000,304.7800000,304.2800000,304.2800000,8
080419,000000,303.3100000,305.3500000,301.9600000,304.4800000,640236
090419,000000,305.1500000,305.1500000,300.2800000,303.2400000,491836
100419,000000,303.6000000,307.9500000,302.6100000,307.9500000,495999
110419,000000,307.7700000,310.2000000,306.2700000,308.2600000,667096
120419,000000,309.4100000,317.4400000,309.4100000,317.2100000,887810
130419,000000,317.0400000,317.4900000,317.0400000,317.4900000,11
150419,000000,317.0100000,318.5200000,313.2300000,316.9900000,611248
160419,000000,316.9600000,320.0000000,316.0900000,318.5000000,824587
170419,000000,318.5000000,321.0000000,317.7000000,320.9900000,669326
180419,000000,320.3100000,323.5400000,318.2000000,319.0000000,849181
220419,000000,320.5600000,320.6200000,314.2000000,315.3000000,492633
230419,000000,315.4500000,318.0400000,314.1700000,316.6900000,582068
240419,000000,314.2100000,319.5900000,312.2200000,312.2200000,776871
250419,000000,312.6500000,316.4400000,306.5800000,307.7500000,976983
260419,000000,308.0000000,310.9500000,305.2000000,309.9400000,733372
290419,000000,311.5400000,315.1600000,309.4200000,312.4100000,540597
300419,000000,312.7200000,322.4500000,312.0500000,321.2600000,805888
010519,000000,321.9900000,323.1500000,318.0100000,318.1400000,700885
020519,000000,318.0100000,322.1600000,314.3300000,315.9100000,825298
030519,000000,317.5000000,317.5000000,310.6900000,316.7800000,783381
040519,000000,315.5200000,315.5200000,315.5100000,315.5100000,200
060519,000000,314.3900000,314.3900000,304.0100000,310.5300000,633226
070519,000000,310.5300000,313.5100000,303.7300000,307.7100000,902657
080519,000000,307.7600000,307.7900000,303.1000000,303.7200000,701374
090519,000000,303.7200000,305.8500000,296.8500000,304.2500000,791876
100519,000000,304.6400000,305.3800000,296.5200000,303.9800000,814815
110519,000000,303.2700000,303.2700000,303.2700000,303.2700000,45
130519,000000,303.1700000,303.1700000,288.2000000,293.0000000,1636433
140519,000000,292.8300000,304.6200000,292.8300000,302.0400000,1253066
150519,000000,302.1000000,307.7700000,298.5000000,304.0400000,719809
160519,000000,304.3700000,304.3700000,294.7000000,300.0000000,1320039
170519,000000,298.1900000,298.1900000,288.4500000,289.7600000,1327919
180519,000000,289.8000000,289.9800000,289.8000000,289.9800000,212
200519,000000,291.1800000,293.5100000,268.6600000,272.8100000,2138457
210519,000000,273.8900000,279.7600000,272.4800000,275.3300000,948467
220519,000000,276.0000000,276.0000000,268.9600000,269.2200000,929364
230519,000000,269.2200000,269.2200000,258.1700000,260.1000000,1794757
240519,000000,262.3600000,265.7200000,255.0000000,255.0000000,1101150
250519,000000,255.0000000,255.7500000,254.9700000,255.7500000,452
280519,000000,257.3000000,258.4800000,250.0900000,254.7600000,2757564
290519,000000,255.9600000,256.3700000,251.5800000,254.2500000,1002846
300519,000000,254.6700000,257.3700000,254.1000000,255.0000000,576932
310519,000000,256.6000000,257.5100000,251.0800000,251.5000000,839821
030619,000000,249.1900000,258.3700000,249.1900000,254.4400000,1112121
040619,000000,255.0000000,268.7500000,255.0000000,266.5000000,1515312
050619,000000,266.7600000,271.9900000,262.3600000,265.7200000,853412
060619,000000,265.7200000,274.9900000,264.3200000,272.0000000,1187360
070619,000000,272.4900000,277.7900000,270.5500000,274.5000000,906761
080619,000000,274.8000000,274.9000000,274.6100000,274.6100000,410
100619,000000,275.7600000,284.7700000,274.7300000,283.0000000,954671
110619,000000,283.7800000,293.0900000,279.4400000,283.6100000,1282956
120619,000000,283.5000000,283.9800000,277.4100000,280.3900000,1084071
130619,000000,280.8000000,285.0000000,260.0000000,261.7800000,980018
140619,000000,261.7800000,268.0900000,253.0100000,265.5900000,2808730
150619,000000,265.6000000,266.1000000,265.4300000,266.1000000,498
170619,000000,266.7500000,268.7000000,261.3000000,266.0000000,1078405
180619,000000,266.0000000,283.0000000,264.0300000,278.9000000,1879616
190619,000000,278.9800000,280.3800000,273.7700000,278.0000000,1021575
200619,000000,277.8500000,285.4500000,277.1700000,279.0000000,1303296
210619,000000,279.1300000,281.0600000,273.8500000,273.8500000,2184210
220619,000000,273.3800000,273.5500000,273.3800000,273.5500000,315
240619,000000,275.0000000,280.0000000,274.0000000,280.0000000,795824
250619,000000,279.0700000,282.8800000,276.2000000,278.9900000,936524
260619,000000,279.3500000,284.1500000,277.6000000,281.4400000,996439
270619,000000,281.4000000,288.4800000,279.7700000,285.0000000,807537
280619,000000,283.9600000,289.9600000,283.9600000,288.8200000,1837428
290619,000000,289.8700000,289.8700000,288.5000000,288.5000000,101
010719,000000,295.6700000,305.6700000,294.4600000,300.3500000,1339870
020719,000000,300.4000000,302.1900000,293.9000000,295.3500000,637306
030719,000000,297.0000000,297.0000000,276.2500000,284.9000000,1658899
050719,000000,287.1600000,288.2000000,281.9700000,282.7100000,870831
060719,000000,282.6600000,282.8500000,282.6600000,282.8500000,15
080719,000000,283.6100000,284.3600000,274.3900000,274.9500000,1078472
090719,000000,275.0000000,275.9800000,271.9500000,275.5200000,938397
100719,000000,275.9800000,278.8000000,274.0200000,275.2000000,810233
110719,000000,274.5000000,277.4600000,272.9500000,275.9800000,661065
120719,000000,276.1000000,285.9900000,275.6600000,285.1000000,765045
130719,000000,284.4400000,284.9000000,284.4400000,284.9000000,88
150719,000000,284.0300000,295.6700000,284.0200000,288.5000000,990345
160719,000000,287.3500000,290.3500000,282.4400000,284.5000000,547207
170719,000000,284.9600000,287.3100000,283.0600000,283.8000000,535100
180719,000000,283.8000000,290.5000000,283.2800000,290.5000000,658765
190719,000000,290.4000000,293.1600000,286.8800000,289.4600000,823535
200719,000000,288.7900000,288.7900000,288.7900000,288.7900000,5
220719,000000,292.1500000,299.9900000,288.1100000,296.0000000,969452
230719,000000,296.8900000,303.5000000,294.4300000,301.5500000,679405
240719,000000,301.6000000,304.9000000,299.0600000,303.7000000,782516
250719,000000,303.6500000,305.6100000,299.3600000,302.1600000,679646
260719,000000,300.3800000,303.0100000,300.3800000,300.7000000,579326
290719,000000,299.5000000,302.5600000,296.8500000,301.7400000,475074
300719,000000,299.6000000,301.8300000,297.4600000,301.0000000,388800
310719,000000,299.5600000,301.9900000,286.7700000,289.7800000,848768
010819,000000,289.9500000,297.8200000,282.2700000,289.8600000,890897
020819,000000,288.0000000,288.0000000,275.9100000,278.5300000,961108
050819,000000,279.1400000,279.1400000,264.0800000,266.1400000,1130601
060819,000000,265.5000000,272.1800000,260.8000000,266.4700000,768482
070819,000000,266.4500000,272.7600000,262.0000000,267.1200000,849130
080819,000000,268.6500000,275.6900000,262.5100000,275.6900000,1064170
090819,000000,275.7000000,280.4400000,269.3100000,275.5900000,1216150
100819,000000,276.2700000,276.9900000,275.5500000,276.9900000,776
120819,000000,272.9200000,278.2000000,271.5200000,274.0200000,953252
130819,000000,277.5200000,285.4100000,272.0500000,283.9000000,908790
140819,000000,284.9000000,285.6800000,270.4400000,271.2500000,1034038
150819,000000,270.3000000,274.0100000,264.8500000,268.6300000,731219
160819,000000,268.6700000,275.7500000,268.6700000,273.8500000,789531
170819,000000,273.8800000,273.9000000,273.8800000,273.9000000,300
190819,000000,276.0000000,280.0500000,275.6000000,278.7800000,782590
200819,000000,277.0100000,284.9200000,275.6900000,280.3800000,792849
210819,000000,279.9000000,288.2600000,279.9000000,287.5000000,680013
220819,000000,287.5000000,289.4300000,284.4100000,287.0000000,501682
230819,000000,287.0000000,290.1900000,271.0700000,272.0000000,1203419
240819,000000,272.1400000,272.1400000,271.0000000,271.0000000,109
260819,000000,272.5800000,277.9400000,272.3500000,277.5000000,538417
270819,000000,278.8400000,280.2200000,274.7800000,275.7500000,640796
280819,000000,277.8300000,277.8300000,270.3800000,276.9900000,648343
290819,000000,280.5000000,285.4900000,279.3600000,283.3700000,619331
300819,000000,283.3700000,286.0000000,279.9000000,281.4600000,673013
310819,000000,282.2200000,282.3600000,282.2200000,282.3600000,292
030919,000000,281.6400000,281.7400000,270.9300000,273.5000000,897072
040919,000000,274.0500000,284.3400000,274.0500000,281.8000000,772214
050919,000000,282.8000000,293.6800000,282.8000000,290.9900000,776297
060919,000000,291.0000000,293.3500000,289.0400000,292.3300000,541982
070919,000000,293.0000000,293.0000000,292.8800000,292.8800000,19
090919,000000,294.0000000,297.2000000,290.3600000,293.3000000,696364
100919,000000,293.0000000,295.0000000,288.7900000,294.0000000,895043
110919,000000,294.0000000,298.7800000,292.4800000,298.4800000,800770
120919,000000,298.7000000,308.0000000,293.0000000,295.2400000,955623
130919,000000,295.4700000,299.0000000,283.9000000,289.8200000,1691307
140919,000000,289.7100000,290.0500000,289.6400000,289.8600000,273
160919,000000,287.0300000,291.2100000,285.8000000,288.6600000,850324
170919,000000,288.7500000,291.1300000,283.7400000,289.0600000,659844
180919,000000,288.4400000,290.8000000,283.8800000,287.7400000,644629
190919,000000,287.7400000,291.9400000,287.2300000,290.6900000,666336
200919,000000,291.6900000,291.6900000,281.7400000,284.2700000,2185959
210919,000000,284.2600000,284.2600000,284.2600000,284.2600000,121
230919,000000,286.4000000,287.1100000,282.0800000,285.5300000,510563
240919,000000,286.0000000,288.9000000,271.3500000,272.9900000,817589
250919,000000,272.8000000,277.1800000,270.0000000,276.0000000,1696392
260919,000000,275.7700000,278.6500000,272.6700000,275.5100000,769345
270919,000000,275.9000000,281.2800000,272.8000000,274.1400000,796293
280919,000000,274.7500000,274.7500000,274.2100000,274.2100000,65
300919,000000,276.5100000,277.9800000,272.6000000,276.0800000,709047
011019,000000,277.0000000,279.6000000,273.5000000,274.8500000,629401
021019,000000,274.7500000,275.8200000,268.3200000,270.0700000,716785
031019,000000,269.1100000,274.5000000,267.2900000,274.4300000,611728
041019,000000,276.0000000,281.9900000,275.0500000,281.9900000,913537
051019,000000,281.4100000,281.4100000,281.3000000,281.3000000,203
071019,000000,277.8900000,281.7000000,275.7000000,276.4500000,672456
081019,000000,275.6800000,277.8900000,268.9800000,272.4900000,826208
091019,000000,270.6400000,274.9400000,270.6400000,273.1400000,656689
101019,000000,275.0000000,278.7800000,269.8000000,275.9900000,611245
111019,000000,276.9900000,284.1000000,276.9900000,281.0000000,1037382
121019,000000,281.3000000,281.3000000,281.2000000,281.2000000,590
141019,000000,279.4800000,282.7000000,278.3500000,281.6600000,494000
151019,000000,284.3500000,290.6200000,281.6100000,287.6500000,756886
161019,000000,289.0000000,290.6200000,286.1400000,287.7700000,774996
171019,000000,288.2000000,291.7100000,287.0000000,288.6900000,494318
181019,000000,288.6900000,291.5200000,283.9700000,286.9500000,725256
211019,000000,289.1200000,291.9300000,285.0800000,289.6900000,465257
221019,000000,292.1800000,292.1800000,280.0000000,281.0100000,474640
231019,000000,280.2600000,284.4300000,278.7300000,282.0000000,878469
241019,000000,282.9900000,285.9500000,278.6700000,284.0500000,653575
251019,000000,283.7100000,291.3800000,281.9200000,289.2400000,839764
261019,000000,289.3000000,289.3000000,289.3000000,289.3000000,4
281019,000000,291.0500000,292.4800000,288.0700000,291.5500000,494256
291019,000000,291.5400000,293.5500000,288.0900000,288.1600000,482551
301019,000000,288.1300000,293.2400000,286.5000000,292.0000000,518390
311019,000000,292.0000000,294.0700000,287.7500000,293.5000000,887107
011119,000000,293.5000000,296.7500000,291.1400000,296.1300000,740613
021119,000000,296.7500000,296.7500000,296.1000000,296.1000000,14
041119,000000,298.8800000,305.4600000,294.6500000,305.0000000,731435
051119,000000,305.0100000,316.7800000,303.0000000,314.0500000,1240544
061119,000000,314.0400000,315.2500000,308.8000000,313.1600000,789958
071119,000000,313.1600000,319.5000000,310.6600000,311.8200000,810718
081119,000000,311.8200000,314.8000000,305.1600000,313.4000000,777921
091119,000000,313.4100000,313.6600000,313.3200000,313.6600000,157396
111119,000000,314.9800000,315.8000000,310.9300000,312.7400000,269339
121119,000000,312.7500000,316.4200000,310.5200000,315.5500000,492022
131119,000000,315.5300000,315.7000000,312.0000000,313.6100000,458698
141119,000000,313.6700000,314.0700000,306.1000000,308.9600000,656324
151119,000000,308.9700000,313.4200000,308.7800000,312.9000000,670959
161119,000000,312.9100000,312.9100000,312.7600000,312.8500000,194193
181119,000000,311.1200000,315.6900000,308.1800000,311.0500000,384739
191119,000000,311.0700000,325.6700000,311.0700000,317.7000000,1042725
201119,000000,317.7000000,318.1100000,309.0000000,311.6700000,765744
211119,000000,311.6700000,315.7100000,309.8000000,315.3300000,777589
221119,000000,315.2500000,319.4800000,313.7300000,314.9300000,563754
231119,000000,314.9200000,315.1900000,314.4400000,315.1900000,131263
251119,000000,313.1300000,320.1600000,313.1300000,319.6900000,371238
261119,000000,319.6200000,320.5600000,316.0500000,316.2600000,929815
271119,000000,316.2700000,319.9000000,316.2700000,318.4400000,1468676
281119,000000,318.4400000,318.4400000,317.2600000,318.4400000,306838
291119,000000,320.4800000,320.4800000,315.0000000,316.2100000,261555
021219,000000,318.8900000,319.1800000,310.5600000,310.7000000,544197
031219,000000,310.9300000,313.0700000,303.1800000,306.3700000,790234
041219,000000,306.5200000,311.3700000,306.5200000,309.7300000,605154
051219,000000,309.7200000,313.0000000,307.7600000,311.1700000,443513
061219,000000,311.1900000,316.3500000,311.1900000,315.9800000,524158
071219,000000,316.0500000,317.2500000,315.4500000,317.2500000,224168
091219,000000,318.2200000,319.4400000,313.7900000,314.4000000,421274
101219,000000,314.3800000,316.7000000,312.1200000,315.1800000,597302
111219,000000,315.0600000,321.3300000,312.8800000,319.7100000,615933
121219,000000,319.7200000,330.2100000,318.5800000,327.4200000,1138475
131219,000000,327.5000000,337.0000000,310.6800000,315.2700000,1930001
141219,000000,315.4200000,315.6300000,314.9000000,315.4000000,283268
161219,000000,317.6400000,327.5800000,316.0100000,323.0200000,823259
171219,000000,323.0200000,327.1000000,321.8100000,323.7400000,1122059
181219,000000,323.8000000,331.2000000,323.0700000,327.4400000,974191
191219,000000,327.4400000,338.4800000,323.7200000,324.0700000,1048561
201219,000000,324.0700000,325.2000000,316.9100000,318.6200000,1601277
211219,000000,319.0000000,319.0000000,318.7900000,319.0000000,859326
231219,000000,320.0500000,322.3600000,317.6000000,319.5300000,430271
241219,000000,319.5300000,320.9900000,318.0900000,320.4900000,674903
251219,000000,320.5000000,320.5300000,320.5000000,320.5300000,7
261219,000000,325.3000000,325.3100000,316.8200000,317.9500000,332450
271219,000000,317.9800000,320.4300000,315.2400000,316.5200000,571843
281219,000000,316.5200000,316.7000000,316.0000000,316.5300000,180542
301219,000000,317.4600000,319.0400000,312.7900000,313.3600000,304257
311219,000000,313.4600000,316.3600000,312.7000000,315.9500000,481700
010120,000000,316.0200000,317.8500000,316.0000000,316.0500000,234275
020120,000000,316.2000000,322.5000000,316.2000000,322.5000000,510667
030120,000000,322.3900000,322.6800000,314.0900000,314.0900000,704960
040120,000000,314.1900000,315.0000000,313.5000000,314.2300000,255148
060120,000000,315.4800000,315.4800000,309.5000000,313.7700000,360698
070120,000000,313.7200000,316.5700000,312.0000000,312.4400000,1040373
080120,000000,312.6400000,315.1200000,306.0000000,308.6400000,959659
090120,000000,308.7400000,312.9000000,303.0600000,306.1700000,1317866
100120,000000,306.2600000,309.0600000,298.7800000,298.9400000,1232888
110120,000000,299.2200000,300.0800000,298.7000000,299.0000000,345410
130120,000000,301.6900000,303.8000000,299.5900000,301.0600000,452482
140120,000000,301.1800000,309.1500000,300.0000000,308.2200000,810278
150120,000000,308.1800000,310.0000000,300.7000000,303.1200000,915628
160120,000000,303.1400000,307.8000000,301.8300000,307.0500000,702769
170120,000000,307.0500000,309.1000000,304.1200000,308.7300000,1179911
180120,000000,308.7900000,308.9800000,307.5100000,308.9000000,374184
210120,000000,307.6400000,309.5100000,306.0000000,308.1300000,461496
220120,000000,308.0700000,317.9200000,307.1900000,312.9400000,1193333
230120,000000,312.9300000,319.7700000,310.8200000,319.7300000,1056616
240120,000000,319.6500000,331.9500000,318.6400000,324.0000000,1624647
250120,000000,324.0000000,324.9800000,323.5000000,323.5000000,248220
270120,000000,319.8100000,322.3000000,308.6500000,308.9200000,882326
280120,000000,309.0300000,319.2600000,308.5200000,318.3200000,949503
290120,000000,318.3100000,325.3000000,316.7600000,320.3700000,598765
310120,000000,313.8800000,314.9700000,307.3800000,307.6800000,136165
030220,000000,303.9700000,308.1200000,303.7100000,305.2300000,494242
040220,000000,305.2300000,314.5900000,304.2500000,311.7800000,722435
050220,000000,311.6000000,319.8900000,309.4500000,317.5300000,831462
060220,000000,317.4000000,319.8700000,314.2000000,319.6900000,1084704
070220,000000,319.6900000,319.6900000,314.8400000,315.4200000,613668
080220,000000,315.2300000,315.7000000,314.8700000,315.6900000,178409
100220,000000,310.0000000,316.9000000,310.0000000,314.2000000,429643
110220,000000,314.3600000,320.7900000,314.0000000,320.1700000,651214
120220,000000,320.1600000,325.0800000,318.5100000,324.5200000,548097
130220,000000,324.7000000,325.4600000,320.0300000,323.9800000,553515
140220,000000,323.9700000,327.7200000,317.1000000,317.7700000,595533
150220,000000,317.7700000,318.8400000,317.7700000,318.0000000,222551
180220,000000,317.0100000,320.6700000,310.0000000,311.0000000,151
210220,000000,309.2400000,310.9100000,302.2800000,304.5000000,638253
220220,000000,304.5000000,306.0000000,304.4800000,305.0000000,303834
240220,000000,304.7800000,304.7800000,283.0900000,291.5900000,1009211
250220,000000,291.6000000,299.9800000,281.0700000,282.6800000,1346450
260220,000000,282.6800000,288.2500000,273.2800000,286.1500000,968254
270220,000000,285.8800000,290.9300000,273.6000000,274.0300000,1299813
280220,000000,273.9500000,274.1800000,241.9600000,271.4300000,1594932
290220,000000,273.5000000,275.0000000,272.8500000,275.0000000,828
020320,000000,280.0500000,285.3600000,268.8000000,285.3600000,760499
030320,000000,285.4000000,288.4500000,271.5700000,274.2100000,1305540
040320,000000,274.2500000,285.7200000,273.5000000,285.4800000,1024087
050320,000000,285.4500000,285.5700000,272.3800000,274.0500000,999513
060320,000000,274.0400000,279.8000000,262.5100000,269.8400000,1206609
070320,000000,269.8300000,270.6800000,266.2100000,269.3700000,417630
090320,000000,262.0900000,264.6300000,244.2700000,247.0000000,1827722
100320,000000,246.1300000,263.6800000,243.4000000,261.0000000,1821151
110320,000000,264.0000000,264.0000000,242.5000000,246.0000000,1433047
120320,000000,247.8700000,248.3000000,203.9600000,208.1200000,2534552
130320,000000,208.2000000,234.6300000,197.4600000,230.0100000,2864715
140320,000000,231.0000000,233.0000000,230.0000000,232.0000000,3039
160320,000000,224.0000000,228.5200000,180.2100000,190.5700000,2921628
170320,000000,190.5000000,200.0000000,181.5900000,198.5000000,2615004
180320,000000,197.3800000,197.9400000,155.7500000,169.8900000,3621590
190320,000000,169.2000000,207.4200000,164.0000000,192.6200000,1980365
200320,000000,193.4400000,208.5100000,187.9100000,191.0000000,2676382
210320,000000,191.0000000,191.0000000,191.0000000,191.0000000,63
230320,000000,184.6900000,201.0300000,177.9300000,195.1500000,1657071
240320,000000,195.3300000,218.7600000,195.3300000,212.7600000,2133876
250320,000000,212.0100000,244.0000000,207.0000000,219.4000000,2299590
260320,000000,219.2500000,244.8900000,214.9500000,243.1700000,2005134
270320,000000,243.6400000,245.0000000,230.0000000,231.5000000,1467560
280320,000000,231.9700000,232.0000000,231.0200000,232.0000000,67
300320,000000,231.9900000,241.3700000,226.2400000,238.8500000,1264085
310320,000000,238.7900000,252.6100000,235.2200000,235.2200000,1737154
010420,000000,236.5400000,236.5400000,219.6100000,224.9000000,1708198
020420,000000,225.0000000,238.0000000,220.0000000,236.1100000,1446526
030420,000000,235.1000000,242.8700000,230.5900000,236.3600000,885103
040420,000000,234.8800000,234.8800000,234.8800000,234.8800000,6
060420,000000,244.2800000,253.3800000,241.8000000,251.9500000,1410642
070420,000000,251.0000000,265.5000000,251.0000000,252.0000000,1527546
080420,000000,257.9000000,262.1900000,249.5300000,260.2600000,949392
090420,000000,260.6900000,267.5000000,251.4500000,255.7500000,1069024
130420,000000,251.3700000,264.0000000,251.3700000,258.4600000,778360
140420,000000,259.6500000,268.4000000,259.3000000,266.7500000,893719
150420,000000,266.7600000,269.0500000,256.1600000,257.4400000,922148
160420,000000,257.4400000,261.9900000,254.2000000,259.9500000,934688
170420,000000,260.0000000,272.8400000,258.9300000,266.0200000,1158415
180420,000000,265.5000000,265.5000000,265.3000000,265.3000000,311
200420,000000,263.9700000,268.3000000,257.8400000,259.0100000,995572
210420,000000,258.7500000,259.0000000,246.8500000,248.8000000,975086
220420,000000,248.8000000,262.1800000,247.2000000,260.9800000,983633
230420,000000,259.1200000,265.2000000,255.5000000,257.6100000,943551
240420,000000,257.0000000,265.0500000,256.2000000,264.7000000,761184
250420,000000,264.3700000,264.7000000,264.2300000,264.2300000,1274
270420,000000,266.5600000,271.2100000,264.0100000,268.4500000,635998
280420,000000,267.2500000,276.4000000,264.0000000,264.5200000,649111
290420,000000,264.5200000,278.6700000,264.5200000,277.7700000,1211246
300420,000000,277.7700000,280.0000000,268.7500000,271.0000000,979236
010520,000000,271.0000000,274.9900000,258.2200000,261.2900000,1032786
020520,000000,261.0000000,261.4500000,260.2000000,260.2000000,51
040520,000000,263.0100000,263.0100000,255.3600000,261.1900000,642292
050520,000000,261.7000000,268.9400000,261.7000000,264.4500000,855468
060520,000000,267.2700000,270.3900000,263.1600000,264.1800000,713373
070520,000000,264.4500000,270.4600000,263.3800000,268.9900000,720484
080520,000000,268.4800000,275.5500000,268.3300000,273.7900000,688039
090520,000000,274.4900000,275.2800000,274.4900000,275.2800000,349
110520,000000,275.7700000,277.2800000,271.3500000,275.7800000,766746
120520,000000,274.2700000,278.8700000,267.0500000,267.0500000,727442
130520,000000,266.0000000,272.0000000,259.3200000,263.5200000,803922
140520,000000,263.5200000,266.9500000,254.8300000,266.6000000,762333
150520,000000,265.1500000,268.8600000,256.8500000,260.0000000,672781
160520,000000,260.2500000,260.2500000,260.0000000,260.0000000,227
180520,000000,265.4600000,276.7400000,263.5500000,273.5300000,1033574
190520,000000,272.2000000,276.2000000,271.5600000,272.4000000,684769
200520,000000,272.4100000,281.3100000,271.7500000,279.9000000,779125
210520,000000,279.7300000,280.8800000,274.0000000,274.6000000,547260
220520,000000,274.0100000,277.5200000,270.0000000,277.5200000,728233
230520,000000,276.7000000,276.7000000,276.7000000,276.7000000,2
260520,000000,277.5900000,287.1000000,277.5900000,281.9000000,1029083
270520,000000,282.3000000,288.4700000,274.3900000,288.4000000,801574
280520,000000,289.3000000,290.0000000,282.4500000,284.1200000,786589
290520,000000,284.1500000,293.2000000,280.9900000,292.0600000,1044699
010620,000000,292.0200000,294.0000000,287.3500000,289.7600000,659754
020620,000000,290.8300000,299.3700000,289.0100000,297.1000000,1254492
030620,000000,299.0000000,310.7500000,298.9400000,310.6500000,1322762
040620,000000,310.0000000,313.0000000,298.5000000,300.0000000,1175694
050620,000000,300.2100000,328.1100000,298.6800000,317.7500000,1687656
060620,000000,315.8500000,316.7500000,315.8500000,316.7500000,4
080620,000000,320.9000000,323.8700000,313.3300000,318.0000000,898600
090620,000000,317.5200000,318.9600000,310.8600000,315.1700000,794173
100620,000000,315.1700000,319.1600000,313.5000000,315.9700000,775250
110620,000000,314.7500000,314.7500000,293.4000000,295.0000000,1866337
120620,000000,296.0000000,303.9700000,292.7300000,300.2100000,1345007
130620,000000,300.1400000,302.9900000,295.0000000,298.0000000,10
150620,000000,287.5200000,306.6000000,287.5200000,305.0000000,1184341
160620,000000,304.7500000,314.5600000,303.6200000,310.4800000,1306231
170620,000000,310.1900000,316.7300000,308.4200000,314.5000000,705747
180620,000000,311.7600000,319.4700000,311.5100000,319.4700000,884903
190620,000000,318.1900000,319.9800000,302.7700000,304.9400000,3070788
200620,000000,304.9400000,305.3900000,303.8000000,304.5000000,292
220620,000000,305.0000000,314.1800000,302.2900000,313.5400000,1092358
230620,000000,312.3600000,318.4200000,311.2900000,311.3100000,779100
240620,000000,311.0000000,312.3600000,304.4900000,308.1800000,953089
250620,000000,306.9600000,309.7400000,302.3100000,309.7400000,633624
260620,000000,309.4400000,315.7800000,303.1500000,308.0000000,1373893
270620,000000,307.4600000,308.3800000,307.4500000,308.3800000,228
290620,000000,305.9700000,312.7000000,304.4700000,311.0000000,584177
300620,000000,311.9000000,317.0500000,307.0000000,315.6400000,1063922
010720,000000,314.1500000,316.8200000,311.8100000,313.4900000,648459
020720,000000,312.7400000,319.3200000,312.5000000,317.0000000,713293
030720,000000,315.5100000,315.5100000,315.5100000,315.5100000,3
060720,000000,316.2900000,321.3300000,315.6000000,318.7300000,781655
070720,000000,318.7900000,319.0000000,312.5400000,313.6000000,638742
080720,000000,313.9800000,319.8700000,312.9800000,319.5000000,759755
090720,000000,318.1100000,324.3200000,315.2400000,321.4000000,766850
100720,000000,320.6700000,322.9600000,315.3500000,320.0000000,545022
110720,000000,317.0400000,320.0000000,317.0000000,317.0000000,42
130720,000000,320.7000000,323.6500000,310.5500000,312.0000000,779453
140720,000000,311.6200000,316.2300000,305.2000000,314.6200000,738511
150720,000000,314.6200000,318.4500000,310.1900000,312.6500000,614686
160720,000000,311.0000000,314.4200000,307.3000000,309.6000000,588651
170720,000000,312.2300000,316.0100000,309.5000000,312.7100000,619198
180720,000000,313.4000000,314.8300000,313.4000000,314.8300000,132
200720,000000,310.3700000,317.8400000,310.2500000,316.8800000,639382
210720,000000,317.1300000,320.0000000,312.6400000,316.9400000,611992
220720,000000,315.5100000,318.4700000,310.3700000,314.9800000,559559
230720,000000,314.5400000,317.4400000,308.1000000,310.0000000,797236
240720,000000,310.0000000,312.8300000,304.0800000,305.7800000,626018
250720,000000,305.5000000,305.7800000,305.3100000,305.7800000,102
