230118,000000,967.8000000,973.7000000,932.1000000,935.4000000,803260
240118,000000,935.0000000,937.8000000,921.6000000,930.0000000,581510
250118,000000,931.0000000,950.0000000,927.1000000,950.0000000,990810
260118,000000,948.9000000,952.7000000,937.6000000,952.7000000,491940
290118,000000,952.3000000,960.4000000,934.1000000,936.9000000,698960
300118,000000,935.0000000,941.9000000,926.0000000,929.8000000,505990
310118,000000,927.0000000,931.1000000,919.1000000,919.1000000,649010
010218,000000,922.0000000,941.8000000,916.8000000,941.8000000,750530
020218,000000,944.0000000,959.6000000,915.2000000,918.0000000,1003860
050218,000000,917.7000000,931.0000000,911.9000000,923.8000000,711250
060218,000000,910.0000000,922.0000000,905.0000000,912.9000000,1018050
070218,000000,919.9000000,932.2000000,915.5000000,932.2000000,410540
080218,000000,929.8000000,929.8000000,909.2000000,917.8000000,609950
090218,000000,908.0000000,912.4000000,899.1000000,907.0000000,952420
120218,000000,910.6000000,921.8000000,907.1000000,913.5000000,478390
130218,000000,917.5000000,944.0000000,917.1000000,941.6000000,910670
140218,000000,943.9000000,945.9000000,927.8000000,930.0000000,925410
150218,000000,938.0000000,953.0000000,932.6000000,949.2000000,674070
160218,000000,951.7000000,963.4000000,941.0000000,949.2000000,738210
190218,000000,952.9000000,959.0000000,945.0000000,945.3000000,247000
200218,000000,944.9000000,952.0000000,936.2000000,940.0000000,389170
210218,000000,940.8000000,942.7000000,931.5000000,942.4000000,525090
220218,000000,940.0000000,944.5000000,927.5000000,936.0000000,581710
260218,000000,937.9000000,952.4000000,937.8000000,949.9000000,955790
270218,000000,948.0000000,948.5000000,937.7000000,939.7000000,440100
280218,000000,936.4000000,939.0000000,918.4000000,918.4000000,807610
010318,000000,917.0000000,921.6000000,912.5000000,914.2000000,376550
020318,000000,911.4000000,919.6000000,882.7000000,897.3000000,1457960
050318,000000,897.3000000,906.3000000,896.0000000,903.2000000,955400
060318,000000,906.8000000,909.5000000,892.5000000,897.0000000,847870
070318,000000,894.4000000,894.4000000,884.5000000,891.0000000,1074690
090318,000000,891.1000000,891.1000000,876.4000000,886.5000000,674250
120318,000000,890.6000000,896.7000000,882.7000000,886.0000000,886770
130318,000000,886.8000000,889.0000000,875.9000000,884.5000000,1063100
140318,000000,884.5000000,899.7000000,878.8000000,895.0000000,1283460
150318,000000,894.9000000,897.0000000,881.9000000,890.8000000,841010
160318,000000,892.7000000,907.1000000,883.3000000,907.1000000,1403720
190318,000000,904.4000000,911.0000000,884.8000000,884.8000000,1148000
200318,000000,889.3000000,895.4000000,866.2000000,873.6000000,2101570
210318,000000,873.0000000,884.6000000,868.6000000,880.1000000,1047000
220318,000000,881.0000000,884.4000000,873.3000000,877.8000000,1169750
230318,000000,870.0000000,882.0000000,863.1000000,882.0000000,799300
260318,000000,883.4000000,883.5000000,867.3000000,867.3000000,701280
270318,000000,873.1000000,881.5000000,865.4000000,865.4000000,559240
280318,000000,865.0000000,873.8000000,863.9000000,865.8000000,587690
290318,000000,869.0000000,874.1000000,865.8000000,869.4000000,1044460
300318,000000,872.8000000,874.6000000,870.3000000,872.4000000,112710
020418,000000,873.8000000,883.0000000,869.5000000,870.0000000,341190
030418,000000,872.8000000,875.6000000,867.0000000,874.1000000,303970
040418,000000,872.9000000,874.0000000,867.7000000,868.1000000,398160
050418,000000,872.4000000,884.6000000,871.5000000,881.7000000,652200
060418,000000,879.0000000,895.1000000,877.7000000,890.2000000,801840
090418,000000,886.0000000,888.9000000,786.7000000,837.0000000,2503790
100418,000000,839.1000000,923.0000000,838.0000000,902.9000000,2047990
110418,000000,901.3000000,913.2000000,880.3000000,901.5000000,1348870
120418,000000,901.7000000,910.0000000,884.0000000,903.8000000,649040
130418,000000,900.3000000,908.0000000,880.7000000,881.0000000,752590
160418,000000,880.0000000,901.6000000,875.3000000,895.0000000,1006830
170418,000000,908.0000000,930.4000000,907.6000000,922.7000000,1834140
180418,000000,922.9000000,952.0000000,922.9000000,946.5000000,1318650
190418,000000,948.9000000,954.9000000,937.1000000,948.5000000,922200
200418,000000,949.2000000,954.5000000,946.3000000,953.7000000,452810
230418,000000,953.7000000,962.0000000,949.2000000,962.0000000,866240
240418,000000,962.0000000,967.8000000,956.0000000,965.2000000,579360
250418,000000,962.3000000,981.2000000,955.0000000,978.4000000,990640
260418,000000,978.4000000,996.4000000,975.2000000,996.4000000,610290
270418,000000,997.5000000,1010.0000000,990.0000000,993.9000000,881230
280418,000000,992.0000000,993.6000000,985.3000000,987.0000000,87320
300418,000000,992.0000000,1018.0000000,988.4000000,1011.9000000,663520
020518,000000,1014.5000000,1014.6000000,997.0000000,1000.0000000,511860
030518,000000,997.0000000,999.5000000,976.5000000,982.1000000,592130
040518,000000,981.7000000,989.4000000,973.2000000,975.5000000,522710
070518,000000,980.9000000,987.0000000,978.3000000,978.3000000,271590
080518,000000,978.1000000,992.0000000,967.0000000,991.0000000,1154930
100518,000000,992.0000000,996.6000000,972.5000000,973.7000000,715470
110518,000000,975.1000000,989.5000000,973.8000000,986.2000000,406100
140518,000000,983.0000000,998.2000000,975.5000000,998.2000000,576440
150518,000000,996.2000000,996.8000000,979.0000000,986.0000000,629610
160518,000000,980.1000000,997.0000000,980.0000000,995.0000000,622710
170518,000000,994.7000000,998.7000000,987.2000000,987.2000000,503930
180518,000000,987.0000000,998.0000000,985.8000000,994.3000000,506140
210518,000000,997.4000000,1001.1000000,986.9000000,986.9000000,488010
220518,000000,987.5000000,993.2000000,981.5000000,986.6000000,548340
230518,000000,985.0000000,988.9000000,978.3000000,978.3000000,403070
240518,000000,980.8000000,995.3000000,978.4000000,995.3000000,433760
250518,000000,992.8000000,1023.5000000,991.7000000,1012.0000000,740920
280518,000000,1014.0000000,1016.0000000,1002.6000000,1006.0000000,236290
290518,000000,1011.0000000,1022.0000000,1001.5000000,1008.6000000,608010
300518,000000,1006.1000000,1017.9000000,1002.1000000,1002.1000000,639760
310518,000000,1004.0000000,1014.2000000,993.5000000,1002.8000000,1170230
010618,000000,1002.0000000,1007.8000000,994.8000000,994.8000000,435430
040618,000000,1000.2000000,1017.0000000,998.5000000,1013.3000000,395410
050618,000000,1010.5000000,1025.5000000,1010.5000000,1023.4000000,521640
060618,000000,1025.9000000,1038.0000000,1025.9000000,1031.0000000,428890
070618,000000,1034.4000000,1041.3000000,1026.7000000,1033.3000000,386990
080618,000000,1034.1000000,1037.1000000,1015.0000000,1015.0000000,1025210
090618,000000,1019.9000000,1029.0000000,1019.9000000,1025.0000000,69620
110618,000000,1024.5000000,1051.2000000,1024.5000000,1041.8000000,495190
130618,000000,1043.0000000,1055.3000000,1040.5000000,1040.5000000,605200
140618,000000,1042.0000000,1044.5000000,1020.5000000,1025.9000000,809590
150618,000000,1025.3000000,1048.0000000,1025.3000000,1039.4000000,1718440
180618,000000,978.3000000,1000.0000000,960.0000000,964.6000000,1460770
190618,000000,964.7000000,964.8000000,935.4000000,958.8000000,1025160
200618,000000,964.4000000,974.9000000,955.5000000,960.0000000,793810
210618,000000,963.5000000,972.0000000,950.0000000,960.5000000,554900
220618,000000,964.4000000,973.3000000,957.4000000,961.7000000,598270
250618,000000,964.9000000,967.5000000,943.0000000,944.0000000,525640
260618,000000,945.1000000,951.7000000,940.5000000,942.4000000,257270
270618,000000,946.8000000,947.0000000,925.3000000,925.3000000,691380
280618,000000,926.7000000,930.0000000,907.9000000,910.4000000,802870
290618,000000,918.7000000,933.4000000,915.1000000,930.1000000,670570
020718,000000,926.9000000,945.5000000,918.0000000,931.0000000,558710
030718,000000,936.5000000,938.4000000,923.3000000,934.7000000,375100
040718,000000,934.0000000,935.3000000,921.1000000,930.9000000,418510
050718,000000,930.1000000,942.3000000,923.3000000,942.3000000,979640
060718,000000,941.4000000,946.9000000,932.2000000,941.9000000,577330
090718,000000,942.1000000,968.8000000,942.1000000,962.9000000,757580
100718,000000,967.0000000,974.9000000,959.6000000,967.0000000,608380
110718,000000,962.1000000,971.0000000,951.7000000,955.0000000,803250
120718,000000,950.6000000,961.4000000,938.3000000,960.0000000,482410
130718,000000,958.9000000,968.4000000,948.1000000,961.6000000,518860
160718,000000,962.0000000,963.7000000,946.3000000,953.1000000,400730
170718,000000,949.5000000,967.8000000,942.7000000,961.3000000,556460
180718,000000,961.5000000,982.8000000,960.5000000,980.7000000,832430
190718,000000,1010.4000000,1015.6000000,975.6000000,984.0000000,1683120
200718,000000,984.4000000,988.6000000,971.5000000,972.5000000,646470
230718,000000,973.8000000,987.8000000,972.3000000,983.0000000,684210
240718,000000,986.3000000,996.2000000,977.0000000,989.9000000,886260
250718,000000,984.0000000,993.7000000,979.9000000,991.2000000,766220
260718,000000,994.0000000,1001.1000000,988.9000000,997.5000000,820070
270718,000000,997.8000000,1014.7000000,996.1000000,1014.7000000,734530
300718,000000,1013.0000000,1013.9000000,1004.7000000,1009.0000000,397850
310718,000000,1006.2000000,1020.3000000,1006.2000000,1020.3000000,674840
010818,000000,1020.0000000,1025.0000000,1012.0000000,1013.4000000,866430
020818,000000,1013.0000000,1014.9000000,984.7000000,996.1000000,990250
030818,000000,996.8000000,1025.7000000,985.8000000,1024.5000000,771940
060818,000000,1025.9000000,1028.6000000,1013.0000000,1024.0000000,627310
070818,000000,1025.0000000,1025.7000000,1015.2000000,1021.4000000,394210
080818,000000,1021.2000000,1024.9000000,1001.8000000,1024.9000000,783870
090818,000000,1022.0000000,1032.0000000,1002.6000000,1018.8000000,1017140
100818,000000,990.0000000,1000.0000000,971.1000000,986.1000000,1773030
130818,000000,985.2000000,1023.4000000,978.1000000,1019.9000000,1136160
140818,000000,1023.7000000,1030.0000000,1011.2000000,1024.5000000,829570
150818,000000,1025.2000000,1028.9000000,1003.4000000,1022.8000000,735210
160818,000000,1019.0000000,1025.0000000,1011.5000000,1018.0000000,524730
170818,000000,1020.0000000,1027.8000000,1013.0000000,1020.2000000,451950
200818,000000,1024.8000000,1047.4000000,1021.4000000,1045.0000000,657180
210818,000000,1045.3000000,1053.4000000,1036.0000000,1049.4000000,482880
220818,000000,1049.6000000,1058.8000000,1033.4000000,1058.8000000,723650
230818,000000,1057.7000000,1069.0000000,1046.3000000,1049.5000000,628450
240818,000000,1055.6000000,1075.0000000,1043.5000000,1075.0000000,543540
270818,000000,1075.1000000,1097.0000000,1065.0000000,1093.1000000,607460
280818,000000,1090.0000000,1098.3000000,1083.5000000,1084.0000000,515230
290818,000000,1088.2000000,1106.0000000,1076.9000000,1097.0000000,512170
300818,000000,1103.0000000,1103.0000000,1080.4000000,1086.5000000,479820
310818,000000,1081.6000000,1089.4000000,1075.4000000,1086.1000000,552900
030918,000000,1089.0000000,1103.7000000,1087.8000000,1093.8000000,310710
040918,000000,1092.2000000,1100.9000000,1086.6000000,1086.6000000,374170
050918,000000,1081.5000000,1092.5000000,1067.6000000,1067.6000000,358820
060918,000000,1068.0000000,1078.0000000,1059.0000000,1059.0000000,331560
070918,000000,1066.5000000,1070.9000000,1053.0000000,1057.0000000,431780
100918,000000,1060.8000000,1068.4000000,1053.6000000,1065.0000000,618890
110918,000000,1065.0000000,1080.8000000,1051.1000000,1077.5000000,1287390
120918,000000,1080.0000000,1086.0000000,1064.6000000,1083.0000000,594680
130918,000000,1085.1000000,1095.6000000,1078.4000000,1095.6000000,503180
140918,000000,1095.0000000,1098.0000000,1086.3000000,1087.0000000,381990
170918,000000,1089.9000000,1095.5000000,1079.1000000,1079.2000000,389240
180918,000000,1079.0000000,1087.9000000,1071.6000000,1078.2000000,625550
190918,000000,1082.4000000,1090.3000000,1080.5000000,1082.4000000,621480
200918,000000,1082.3000000,1113.0000000,1082.3000000,1098.5000000,1359210
210918,000000,1103.5000000,1115.0000000,1099.5000000,1115.0000000,1304710
240918,000000,1072.5000000,1093.0000000,1062.5000000,1072.0000000,1159800
250918,000000,1070.6000000,1076.4000000,1059.3000000,1073.2000000,689600
260918,000000,1075.0000000,1081.7000000,1064.0000000,1064.0000000,647230
270918,000000,1065.9000000,1091.5000000,1065.0000000,1091.5000000,773240
280918,000000,1095.2000000,1096.9000000,1074.1000000,1091.3000000,827530
011018,000000,1092.6000000,1094.1000000,1078.9000000,1083.4000000,408330
021018,000000,1085.2000000,1087.5000000,1071.9000000,1078.7000000,332470
031018,000000,1081.0000000,1100.0000000,1079.2000000,1099.6000000,596990
041018,000000,1092.4000000,1118.6000000,1090.2000000,1109.1000000,620010
051018,000000,1110.0000000,1116.0000000,1094.2000000,1094.2000000,531640
081018,000000,1095.9000000,1104.7000000,1088.1000000,1089.9000000,490200
091018,000000,1091.9000000,1112.1000000,1087.3000000,1103.2000000,439160
101018,000000,1106.5000000,1114.3000000,1087.0000000,1092.8000000,681120
111018,000000,1080.6000000,1083.7000000,1054.2000000,1065.0000000,1223810
121018,000000,1067.1000000,1078.9000000,1050.2000000,1057.0000000,619710
151018,000000,1057.0000000,1064.1000000,1030.0000000,1030.0000000,713030
161018,000000,1023.0000000,1046.9000000,1022.1000000,1044.0000000,615200
171018,000000,1050.1000000,1078.7000000,1049.5000000,1073.0000000,632950
181018,000000,1072.4000000,1078.0000000,1045.7000000,1054.8000000,616690
191018,000000,1060.7000000,1070.1000000,1049.3000000,1049.3000000,587870
221018,000000,1054.9000000,1060.6000000,1045.0000000,1054.5000000,462220
231018,000000,1048.5000000,1050.6000000,1014.3000000,1018.9000000,1269140
241018,000000,1027.0000000,1036.6000000,1009.0000000,1009.1000000,1046290
251018,000000,1001.9000000,1016.6000000,994.2000000,1015.5000000,743820
261018,000000,1010.0000000,1012.2000000,987.5000000,994.5000000,626970
291018,000000,995.2000000,1005.1000000,988.0000000,1001.4000000,528190
301018,000000,998.0000000,1000.5000000,986.5000000,996.8000000,373170
311018,000000,1000.9000000,1030.0000000,999.4000000,1030.0000000,766010
011118,000000,1027.5000000,1028.4000000,1012.7000000,1026.0000000,484530
021118,000000,1028.8000000,1045.5000000,1026.2000000,1040.5000000,957110
061118,000000,1041.0000000,1054.0000000,1026.4000000,1032.6000000,674480
071118,000000,1030.0000000,1050.2000000,1027.5000000,1042.6000000,555130
081118,000000,1045.1000000,1046.4000000,1021.0000000,1025.6000000,581590
091118,000000,1017.2000000,1039.3000000,1015.5000000,1039.3000000,692790
121118,000000,1038.9000000,1046.0000000,1029.8000000,1033.5000000,546970
131118,000000,1027.2000000,1041.3000000,1025.1000000,1037.0000000,555960
141118,000000,1037.0000000,1043.0000000,1024.1000000,1024.9000000,526400
151118,000000,1029.5000000,1037.4000000,1023.0000000,1023.5000000,630870
161118,000000,1027.0000000,1033.9000000,1021.5000000,1024.1000000,487240
191118,000000,1025.1000000,1030.4000000,1007.0000000,1010.0000000,890510
201118,000000,1007.8000000,1010.9000000,999.4000000,1005.0000000,697290
211118,000000,1005.0000000,1017.0000000,1001.0000000,1015.8000000,642260
221118,000000,1012.7000000,1014.0000000,1004.4000000,1006.6000000,736380
231118,000000,1006.6000000,1010.9000000,1002.0000000,1002.0000000,636290
261118,000000,1004.8000000,1008.8000000,991.6000000,998.0000000,859160
271118,000000,999.2000000,1008.4000000,986.4000000,986.4000000,1250260
281118,000000,988.9000000,998.2000000,985.5000000,997.1000000,880230
291118,000000,1000.4000000,1008.0000000,996.1000000,1003.0000000,880860
301118,000000,1005.1000000,1006.2000000,991.2000000,1002.7000000,1720540
031218,000000,974.5000000,988.4000000,967.5000000,978.0000000,1468330
041218,000000,979.1000000,979.9000000,959.0000000,964.3000000,1284020
051218,000000,962.5000000,974.8000000,960.1000000,960.6000000,671770
061218,000000,960.8000000,961.3000000,950.3000000,952.5000000,637380
071218,000000,958.5000000,966.3000000,948.7000000,955.1000000,584380
101218,000000,950.6000000,959.9000000,947.7000000,947.7000000,373520
111218,000000,949.3000000,952.8000000,931.0000000,940.0000000,834460
121218,000000,940.0000000,941.6000000,926.7000000,937.9000000,560290
131218,000000,937.1000000,941.0000000,925.6000000,940.4000000,474600
141218,000000,939.0000000,939.6000000,926.5000000,936.2000000,427730
171218,000000,935.1000000,958.8000000,931.4000000,957.9000000,719370
181218,000000,950.0000000,964.5000000,948.0000000,957.3000000,743590
191218,000000,952.6000000,969.4000000,950.2000000,969.4000000,835180
201218,000000,960.0000000,967.0000000,955.0000000,962.5000000,553670
211218,000000,957.1000000,961.0000000,938.6000000,945.0000000,662680
241218,000000,944.7000000,948.2000000,926.9000000,934.8000000,495420
251218,000000,926.0000000,930.0000000,910.0000000,926.8000000,335440
261218,000000,926.9000000,934.8000000,904.7000000,915.0000000,398790
271218,000000,929.9000000,930.0000000,920.9000000,929.5000000,779760
281218,000000,933.5000000,949.5000000,931.5000000,937.7000000,464960
291218,000000,940.0000000,944.9000000,937.8000000,942.9000000,81590
030119,000000,941.5000000,942.6000000,926.3000000,934.2000000,601260
040119,000000,934.0000000,949.7000000,931.1000000,949.7000000,335270
080119,000000,950.5000000,960.0000000,941.3000000,952.7000000,563930
090119,000000,953.1000000,973.5000000,950.0000000,972.6000000,1027020
100119,000000,972.6000000,973.4000000,958.6000000,970.0000000,725000
110119,000000,970.2000000,972.5000000,961.5000000,972.5000000,709610
140119,000000,967.2000000,969.6000000,956.2000000,960.5000000,557100
150119,000000,959.9000000,964.0000000,951.8000000,954.8000000,549480
160119,000000,954.9000000,959.2000000,947.1000000,953.1000000,509980
170119,000000,953.0000000,954.8000000,945.2000000,953.2000000,656000
180119,000000,953.7000000,961.8000000,950.3000000,954.8000000,425460
210119,000000,956.4000000,956.9000000,948.2000000,950.0000000,273150
220119,000000,951.5000000,952.3000000,946.0000000,952.3000000,416150
230119,000000,950.0000000,952.2000000,943.3000000,945.8000000,412850
240119,000000,944.0000000,944.7000000,923.7000000,926.0000000,952730
250119,000000,929.0000000,951.0000000,922.3000000,951.0000000,674660
280119,000000,951.0000000,953.0000000,942.2000000,952.5000000,438420
290119,000000,953.1000000,959.3000000,947.0000000,956.9000000,490310
300119,000000,955.2000000,976.6000000,953.3000000,976.2000000,951930
310119,000000,979.3000000,1006.0000000,976.7000000,998.5000000,1962330
010219,000000,1000.2000000,1014.8000000,988.6000000,1014.8000000,1140970
040219,000000,1015.2000000,1030.0000000,1014.8000000,1029.0000000,1101890
050219,000000,1029.0000000,1039.8000000,1022.0000000,1028.8000000,1133730
060219,000000,1028.0000000,1028.8000000,1012.4000000,1019.0000000,935200
070219,000000,1016.0000000,1030.0000000,1010.2000000,1026.0000000,755750
080219,000000,1022.0000000,1030.0000000,1020.8000000,1022.2000000,460140
110219,000000,1021.4000000,1035.0000000,1021.4000000,1031.4000000,729990
120219,000000,1033.8000000,1039.2000000,1023.0000000,1035.0000000,499440
130219,000000,1033.0000000,1037.4000000,1010.8000000,1011.8000000,830590
140219,000000,1002.8000000,1023.2000000,1001.6000000,1014.0000000,841580
150219,000000,1015.0000000,1027.0000000,1013.2000000,1024.2000000,436380
180219,000000,1023.0000000,1028.0000000,1005.4000000,1013.0000000,373190
190219,000000,1013.2000000,1014.6000000,997.2000000,999.0000000,340640
200219,000000,998.8000000,1010.8000000,995.8000000,1007.8000000,694910
210219,000000,1007.4000000,1008.2000000,990.4000000,992.4000000,622670
220219,000000,994.0000000,1002.4000000,994.0000000,1001.6000000,464170
250219,000000,1002.0000000,1029.8000000,1002.0000000,1029.8000000,928620
260219,000000,1025.2000000,1035.0000000,1021.2000000,1035.0000000,528980
270219,000000,1035.0000000,1039.6000000,1022.6000000,1033.4000000,508290
280219,000000,1036.6000000,1037.2000000,1019.0000000,1028.8000000,774280
010319,000000,1028.6000000,1031.8000000,1021.6000000,1029.0000000,442480
040319,000000,1032.0000000,1048.6000000,1029.2000000,1041.6000000,1119680
050319,000000,1041.0000000,1048.0000000,1024.0000000,1033.4000000,815080
060319,000000,1035.6000000,1038.6000000,1022.2000000,1029.6000000,433780
070319,000000,1029.6000000,1034.0000000,1019.4000000,1020.8000000,365360
110319,000000,1019.2000000,1026.8000000,1011.2000000,1025.8000000,342630
120319,000000,1026.0000000,1031.2000000,1018.0000000,1021.6000000,436360
130319,000000,1017.8000000,1023.6000000,1013.0000000,1014.0000000,571840
140319,000000,1017.2000000,1019.8000000,1004.4000000,1007.8000000,451870
150319,000000,1008.6000000,1041.0000000,1005.2000000,1036.8000000,2078400
180319,000000,1034.8000000,1036.8000000,1020.2000000,1034.2000000,1094610
190319,000000,1034.8000000,1038.4000000,1016.4000000,1019.8000000,1013280
200319,000000,1021.2000000,1021.8000000,1007.0000000,1013.4000000,648930
210319,000000,1015.6000000,1022.2000000,1011.0000000,1017.2000000,595930
220319,000000,1018.0000000,1019.8000000,1010.4000000,1013.6000000,401570
250319,000000,1012.0000000,1016.2000000,1006.8000000,1008.4000000,424610
260319,000000,1011.0000000,1014.8000000,1008.4000000,1014.8000000,275950
270319,000000,1014.8000000,1016.0000000,1006.0000000,1006.0000000,305420
280319,000000,1006.0000000,1030.0000000,1004.4000000,1027.8000000,732940
290319,000000,1026.4000000,1035.8000000,1022.2000000,1028.0000000,752020
010419,000000,1030.0000000,1038.0000000,1021.6000000,1028.2000000,626150
020419,000000,1031.6000000,1045.4000000,1028.4000000,1041.8000000,575480
030419,000000,1043.6000000,1059.8000000,1043.0000000,1058.4000000,749500
040419,000000,1058.0000000,1058.0000000,1041.4000000,1052.0000000,556220
050419,000000,1053.0000000,1053.0000000,1043.2000000,1043.2000000,308840
080419,000000,1045.8000000,1054.0000000,1043.0000000,1043.0000000,410130
090419,000000,1037.2000000,1050.0000000,1034.0000000,1044.0000000,707550
100419,000000,1046.0000000,1052.4000000,1034.4000000,1034.4000000,865070
110419,000000,1035.6000000,1038.6000000,1022.6000000,1023.6000000,461630
120419,000000,1026.8000000,1048.4000000,1023.0000000,1039.2000000,592810
150419,000000,1039.2000000,1042.8000000,1030.6000000,1038.0000000,448030
160419,000000,1039.8000000,1046.6000000,1034.8000000,1046.6000000,520600
170419,000000,1046.6000000,1053.4000000,1033.4000000,1037.0000000,777960
180419,000000,1037.0000000,1038.8000000,1032.0000000,1035.4000000,472990
190419,000000,1041.8000000,1049.8000000,1041.6000000,1047.6000000,204440
220419,000000,1050.0000000,1055.0000000,1048.0000000,1054.0000000,186480
230419,000000,1052.0000000,1052.6000000,1036.0000000,1040.4000000,903340
240419,000000,1039.0000000,1054.0000000,1035.2000000,1053.0000000,567600
250419,000000,1053.0000000,1058.2000000,1045.0000000,1045.0000000,576720
260419,000000,1045.0000000,1059.4000000,1038.6000000,1059.4000000,545030
290419,000000,1059.4000000,1065.8000000,1055.4000000,1058.0000000,364010
300419,000000,1058.2000000,1060.4000000,1045.2000000,1045.2000000,581930
020519,000000,1049.4000000,1060.0000000,1046.6000000,1053.6000000,421000
030519,000000,1058.4000000,1061.2000000,1049.0000000,1055.0000000,850420
060519,000000,1026.6000000,1034.0000000,1024.0000000,1032.6000000,451660
070519,000000,1032.0000000,1043.4000000,1030.4000000,1034.0000000,773720
080519,000000,1035.0000000,1037.4000000,1028.4000000,1028.4000000,429280
100519,000000,1022.8000000,1030.6000000,998.6000000,998.6000000,1479000
130519,000000,999.8000000,1006.0000000,986.4000000,988.0000000,780730
140519,000000,993.0000000,1000.0000000,980.0000000,980.0000000,895040
150519,000000,980.2000000,988.6000000,974.4000000,976.0000000,736920
160519,000000,978.8000000,982.0000000,972.2000000,972.2000000,704040
170519,000000,975.0000000,978.4000000,967.0000000,973.2000000,649520
200519,000000,977.0000000,992.0000000,975.8000000,978.6000000,717950
210519,000000,985.0000000,1004.2000000,980.0000000,995.8000000,923230
220519,000000,997.0000000,1013.8000000,993.6000000,1008.4000000,987910
230519,000000,1007.8000000,1008.0000000,992.4000000,996.0000000,616470
240519,000000,996.0000000,1007.8000000,994.0000000,998.2000000,626890
270519,000000,1000.0000000,1007.0000000,1000.0000000,1002.2000000,162470
280519,000000,1002.4000000,1029.8000000,1001.8000000,1029.8000000,1600850
290519,000000,1026.6000000,1039.0000000,1019.6000000,1039.0000000,628780
300519,000000,1039.0000000,1050.4000000,1032.8000000,1048.2000000,708620
310519,000000,1044.6000000,1045.0000000,1026.2000000,1036.4000000,679770
030619,000000,1029.6000000,1042.0000000,1024.0000000,1040.0000000,696040
040619,000000,1039.6000000,1045.0000000,1035.0000000,1043.8000000,920130
050619,000000,1042.0000000,1045.8000000,1030.6000000,1033.4000000,382420
060619,000000,1036.4000000,1052.8000000,1034.6000000,1048.8000000,660930
070619,000000,1050.0000000,1054.6000000,1048.6000000,1050.0000000,625530
100619,000000,1052.2000000,1060.0000000,1050.2000000,1060.0000000,484910
110619,000000,1060.0000000,1084.8000000,1057.0000000,1084.8000000,1043640
130619,000000,1085.0000000,1109.0000000,1081.2000000,1106.0000000,1227100
140619,000000,1109.6000000,1121.6000000,1103.8000000,1121.0000000,1462750
170619,000000,1090.2000000,1096.8000000,1059.0000000,1059.6000000,1392980
180619,000000,1059.0000000,1082.2000000,1053.4000000,1081.4000000,1031500
190619,000000,1083.0000000,1093.6000000,1075.2000000,1083.8000000,718190
200619,000000,1090.0000000,1101.8000000,1085.4000000,1099.2000000,1228410
210619,000000,1095.0000000,1098.0000000,1086.4000000,1097.4000000,781020
240619,000000,1095.0000000,1100.0000000,1078.6000000,1083.0000000,466500
250619,000000,1082.0000000,1095.4000000,1077.2000000,1095.4000000,300100
260619,000000,1098.0000000,1104.0000000,1094.0000000,1094.0000000,690320
270619,000000,1097.6000000,1100.8000000,1086.2000000,1087.6000000,437570
280619,000000,1080.0000000,1080.0000000,1065.0000000,1067.6000000,714760
010719,000000,1071.0000000,1085.0000000,1070.8000000,1070.8000000,641540
020719,000000,1070.0000000,1082.0000000,1066.2000000,1075.0000000,829570
030719,000000,1075.8000000,1080.8000000,1068.0000000,1078.4000000,605220
040719,000000,1078.0000000,1078.4000000,1057.8000000,1065.0000000,568440
050719,000000,1065.6000000,1066.4000000,1048.4000000,1051.8000000,605350
080719,000000,1048.2000000,1066.8000000,1044.0000000,1066.0000000,602860
090719,000000,1064.4000000,1074.4000000,1061.0000000,1071.4000000,422960
100719,000000,1071.4000000,1080.4000000,1059.4000000,1079.4000000,699810
110719,000000,1079.0000000,1079.4000000,1048.0000000,1054.2000000,744570
120719,000000,1055.0000000,1058.2000000,1038.0000000,1044.4000000,761730
150719,000000,1050.0000000,1054.8000000,1040.6000000,1043.6000000,420440
160719,000000,1047.6000000,1056.2000000,1043.8000000,1049.4000000,607930
170719,000000,1052.0000000,1054.8000000,1046.2000000,1054.6000000,274270
180719,000000,1052.0000000,1073.0000000,1049.2000000,1063.8000000,865370
190719,000000,1063.0000000,1069.4000000,1042.2000000,1043.4000000,590330
220719,000000,1048.2000000,1059.6000000,1040.2000000,1056.0000000,352550
230719,000000,1056.8000000,1061.6000000,1045.4000000,1051.0000000,458290
240719,000000,1051.0000000,1051.8000000,1032.8000000,1033.8000000,573250
250719,000000,1038.6000000,1050.0000000,1031.2000000,1038.8000000,691850
260719,000000,1039.0000000,1040.6000000,1025.2000000,1026.8000000,544460
290719,000000,1029.6000000,1032.0000000,1022.4000000,1029.0000000,264570
300719,000000,1032.0000000,1036.4000000,1020.2000000,1024.0000000,549480
310719,000000,1022.0000000,1029.6000000,1018.4000000,1028.8000000,398120
010819,000000,1025.0000000,1028.0000000,1016.0000000,1019.0000000,341630
020819,000000,1014.0000000,1050.0000000,1000.4000000,1000.4000000,922050
050819,000000,1002.2000000,1011.0000000,990.2000000,992.0000000,1290410
060819,000000,996.0000000,1000.2000000,986.2000000,989.0000000,1481200
070819,000000,992.6000000,996.8000000,984.2000000,987.2000000,818910
080819,000000,993.8000000,995.4000000,989.2000000,989.2000000,605390
090819,000000,990.6000000,992.8000000,970.6000000,970.6000000,1133250
120819,000000,969.8000000,977.6000000,968.8000000,969.6000000,689400
130819,000000,969.6000000,971.4000000,951.0000000,954.0000000,1138560
140819,000000,957.0000000,959.6000000,938.6000000,947.4000000,1392230
150819,000000,950.0000000,959.4000000,939.0000000,943.0000000,1039950
160819,000000,949.0000000,949.6000000,926.8000000,928.4000000,791620
190819,000000,933.4000000,952.0000000,926.0000000,946.0000000,1244860
200819,000000,947.0000000,964.0000000,947.0000000,957.4000000,1083940
210819,000000,960.0000000,962.4000000,951.8000000,954.2000000,494950
220819,000000,954.0000000,956.2000000,941.2000000,944.0000000,713750
230819,000000,946.4000000,951.8000000,942.4000000,946.0000000,618620
260819,000000,941.6000000,951.8000000,937.2000000,947.0000000,399820
270819,000000,949.4000000,953.0000000,941.4000000,953.0000000,1068490
280819,000000,952.6000000,962.6000000,950.2000000,958.8000000,1058090
290819,000000,959.6000000,980.4000000,958.0000000,979.0000000,926030
300819,000000,980.0000000,1002.8000000,979.6000000,1002.8000000,1289107
020919,000000,1001.2000000,1008.8000000,993.0000000,1003.0000000,868398
030919,000000,1003.0000000,1005.0000000,982.4000000,990.6000000,1090838
040919,000000,992.8000000,999.4000000,983.2000000,986.6000000,909203
050919,000000,990.2000000,1005.0000000,988.8000000,1001.6000000,1083525
060919,000000,1001.0000000,1001.0000000,988.2000000,992.8000000,712597
090919,000000,1000.0000000,1001.6000000,994.0000000,998.2000000,676166
100919,000000,999.0000000,1006.0000000,993.6000000,1005.0000000,878233
110919,000000,1005.0000000,1023.8000000,1001.0000000,1022.0000000,1157795
120919,000000,1021.0000000,1022.8000000,1006.4000000,1018.6000000,1005839
130919,000000,1018.0000000,1019.0000000,1005.4000000,1014.0000000,1200629
160919,000000,991.0000000,1000.0000000,977.6000000,1000.0000000,1376385
170919,000000,998.0000000,999.6000000,990.2000000,998.8000000,806747
180919,000000,996.4000000,1003.6000000,980.4000000,986.8000000,976747
190919,000000,986.6000000,993.6000000,966.0000000,967.0000000,1713921
200919,000000,967.0000000,969.0000000,956.8000000,965.0000000,1124169
230919,000000,965.4000000,966.6000000,953.2000000,954.6000000,816818
240919,000000,956.0000000,965.4000000,940.8000000,942.2000000,1407675
250919,000000,941.2000000,948.6000000,935.0000000,945.0000000,1036139
260919,000000,947.0000000,953.2000000,942.6000000,950.8000000,673226
270919,000000,950.0000000,951.4000000,941.0000000,944.4000000,512047
300919,000000,946.0000000,950.2000000,933.2000000,933.2000000,968272
011019,000000,935.8000000,938.8000000,921.0000000,923.8000000,1315981
021019,000000,922.0000000,928.4000000,901.0000000,901.6000000,1720272
031019,000000,902.8000000,903.0000000,876.2000000,882.2000000,2285697
041019,000000,886.4000000,894.4000000,869.8000000,876.8000000,1436134
071019,000000,878.0000000,892.8000000,862.2000000,880.0000000,1589936
081019,000000,884.6000000,897.2000000,874.2000000,878.8000000,1533377
091019,000000,880.0000000,887.8000000,870.6000000,873.0000000,1019948
101019,000000,877.2000000,896.0000000,870.2000000,894.0000000,982710
111019,000000,898.4000000,906.4000000,889.6000000,893.4000000,1146541
141019,000000,898.0000000,899.6000000,879.0000000,881.0000000,692093
151019,000000,878.8000000,881.8000000,864.0000000,871.4000000,1705886
161019,000000,873.8000000,888.8000000,872.0000000,887.0000000,1106368
171019,000000,889.0000000,898.2000000,887.6000000,894.0000000,1051536
181019,000000,892.2000000,892.4000000,878.0000000,881.0000000,2398789
211019,000000,879.6000000,882.0000000,870.2000000,871.0000000,1291436
221019,000000,873.0000000,882.2000000,871.2000000,878.0000000,1109983
231019,000000,876.6000000,879.2000000,871.2000000,876.0000000,1013147
241019,000000,878.0000000,880.6000000,872.4000000,877.2000000,969785
251019,000000,876.0000000,879.4000000,872.6000000,878.4000000,1147107
281019,000000,880.0000000,898.2000000,878.2000000,886.0000000,1380104
291019,000000,889.0000000,906.2000000,881.6000000,903.4000000,1206496
301019,000000,903.0000000,905.6000000,890.4000000,895.0000000,1102900
311019,000000,897.0000000,902.0000000,880.2000000,882.2000000,1286300
011119,000000,885.2000000,893.2000000,882.2000000,893.2000000,631345
051119,000000,895.6000000,916.0000000,895.0000000,914.0000000,1552507
061119,000000,914.0000000,926.0000000,914.0000000,923.6000000,1616019
071119,000000,923.0000000,938.4000000,916.2000000,931.2000000,1805527
081119,000000,930.6000000,930.6000000,905.0000000,909.6000000,2352150
111119,000000,908.8000000,916.2000000,893.6000000,895.0000000,1905754
121119,000000,898.0000000,904.2000000,893.8000000,900.0000000,1396821
131119,000000,897.8000000,900.8000000,888.2000000,889.8000000,1279956
141119,000000,891.2000000,893.8000000,875.2000000,880.8000000,1654540
151119,000000,881.4000000,886.8000000,877.2000000,881.4000000,1062963
181119,000000,883.6000000,894.6000000,880.0000000,884.0000000,1273513
191119,000000,886.6000000,904.6000000,884.4000000,904.6000000,1935055
201119,000000,898.0000000,906.8000000,895.4000000,903.0000000,1198863
211119,000000,898.0000000,902.4000000,891.0000000,895.6000000,1239065
221119,000000,895.4000000,902.0000000,891.8000000,901.8000000,884250
251119,000000,903.8000000,919.0000000,903.0000000,917.0000000,1658957
261119,000000,915.0000000,920.8000000,906.0000000,909.6000000,2550027
271119,000000,913.0000000,915.0000000,906.0000000,911.2000000,796968
281119,000000,910.8000000,910.8000000,898.8000000,907.8000000,832097
291119,000000,907.6000000,909.4000000,900.0000000,908.0000000,1729597
021219,000000,884.2000000,891.0000000,878.6000000,885.0000000,1981557
031219,000000,881.8000000,885.8000000,870.4000000,874.6000000,1272662
041219,000000,877.2000000,878.4000000,865.0000000,875.4000000,960923
051219,000000,877.0000000,885.0000000,868.8000000,880.8000000,991366
061219,000000,881.0000000,885.0000000,878.0000000,883.0000000,626536
091219,000000,884.8000000,891.6000000,881.2000000,891.6000000,775515
101219,000000,891.6000000,892.0000000,885.0000000,888.8000000,1268365
111219,000000,889.6000000,897.8000000,886.8000000,896.6000000,958717
121219,000000,897.8000000,907.0000000,896.4000000,901.0000000,1351747
131219,000000,904.6000000,920.0000000,904.0000000,918.4000000,1500151
161219,000000,920.2000000,929.4000000,915.6000000,923.0000000,1015910
171219,000000,924.4000000,930.0000000,917.2000000,930.0000000,1273469
181219,000000,929.0000000,930.0000000,922.2000000,928.6000000,914723
191219,000000,928.8000000,928.8000000,914.6000000,928.4000000,1130058
201219,000000,926.6000000,928.0000000,919.0000000,926.4000000,567076
231219,000000,926.0000000,930.0000000,920.4000000,930.0000000,581211
241219,000000,929.2000000,936.0000000,925.6000000,927.4000000,387465
251219,000000,928.4000000,929.0000000,922.2000000,926.2000000,185208
261219,000000,927.4000000,929.8000000,924.2000000,929.4000000,262210
271219,000000,929.8000000,943.0000000,929.6000000,938.2000000,691949
301219,000000,940.6000000,943.8000000,936.0000000,937.6000000,477188
030120,000000,940.6000000,947.4000000,938.4000000,945.8000000,571782
060120,000000,945.0000000,945.6000000,923.2000000,929.0000000,737166
080120,000000,925.0000000,931.6000000,918.0000000,927.2000000,674513
090120,000000,927.0000000,937.0000000,927.0000000,928.2000000,1025618
100120,000000,932.0000000,937.4000000,928.4000000,937.4000000,461332
130120,000000,942.0000000,960.2000000,936.0000000,960.2000000,1324147
140120,000000,960.2000000,976.2000000,959.2000000,967.8000000,1739800
150120,000000,967.0000000,967.6000000,950.0000000,960.2000000,1423308
160120,000000,962.0000000,971.0000000,960.2000000,963.4000000,770934
170120,000000,964.8000000,978.0000000,961.0000000,977.2000000,1177289
200120,000000,979.0000000,1000.0000000,960.0000000,990.6000000,1248372
210120,000000,990.0000000,990.0000000,971.4000000,978.6000000,1110776
220120,000000,978.6000000,986.2000000,956.4000000,959.2000000,1197304
230120,000000,954.0000000,968.4000000,946.0000000,962.0000000,986630
240120,000000,964.4000000,973.0000000,955.8000000,956.2000000,534118
270120,000000,948.2000000,953.0000000,925.4000000,930.0000000,1292674
280120,000000,933.8000000,942.6000000,923.6000000,938.6000000,728600
290120,000000,945.0000000,947.6000000,933.6000000,941.2000000,628124
300120,000000,935.8000000,942.4000000,928.4000000,931.0000000,724703
310120,000000,940.0000000,941.2000000,911.4000000,911.4000000,1809154
030220,000000,909.6000000,918.2000000,904.2000000,904.2000000,1984283
040220,000000,908.2000000,924.8000000,908.0000000,912.4000000,1381123
050220,000000,916.0000000,934.6000000,912.0000000,923.4000000,1165669
060220,000000,927.2000000,934.6000000,918.2000000,925.0000000,1017521
070220,000000,927.0000000,935.4000000,920.0000000,935.4000000,904976
100220,000000,934.4000000,937.0000000,919.2000000,922.0000000,846016
110220,000000,926.8000000,932.4000000,923.0000000,923.4000000,955644
120220,000000,926.0000000,943.0000000,920.2000000,938.0000000,1336279
130220,000000,935.0000000,936.0000000,926.0000000,926.0000000,621619
140220,000000,929.8000000,933.2000000,921.4000000,928.0000000,507660
170220,000000,930.0000000,933.6000000,922.2000000,924.6000000,514272
180220,000000,922.8000000,924.4000000,913.2000000,914.6000000,834090
190220,000000,917.2000000,920.4000000,908.4000000,914.0000000,1104028
200220,000000,914.6000000,927.6000000,911.4000000,915.8000000,1259609
210220,000000,912.8000000,915.0000000,908.0000000,908.0000000,1180596
250220,000000,899.0000000,909.6000000,890.0000000,890.0000000,1656071
260220,000000,888.8000000,896.8000000,881.0000000,886.4000000,1848279
270220,000000,883.2000000,892.0000000,865.4000000,865.4000000,2320032
280220,000000,848.2000000,855.6000000,807.4000000,814.6000000,3881413
020320,000000,832.2000000,846.8000000,799.4000000,810.6000000,2444357
030320,000000,830.0000000,834.8000000,817.4000000,820.4000000,1955684
040320,000000,818.6000000,834.6000000,812.0000000,827.0000000,1263704
050320,000000,836.2000000,839.8000000,823.4000000,830.0000000,1702691
060320,000000,819.0000000,826.2000000,792.6000000,808.6000000,2150230
100320,000000,772.2000000,856.6000000,770.0000000,829.0000000,4343401
110320,000000,844.4000000,848.8000000,814.4000000,824.0000000,2470344
120320,000000,804.0000000,805.0000000,771.6000000,776.8000000,3265617
130320,000000,775.2000000,825.0000000,773.0000000,809.6000000,3031011
160320,000000,820.4000000,827.2000000,770.0000000,818.8000000,2179882
170320,000000,814.2000000,830.6000000,777.0000000,800.4000000,1918609
180320,000000,780.0000000,805.0000000,775.8000000,780.0000000,1904615
190320,000000,780.8000000,820.0000000,762.0000000,812.0000000,2197928
200320,000000,824.8000000,845.8000000,800.4000000,812.6000000,2195085
230320,000000,790.0000000,818.0000000,780.0000000,793.6000000,1424507
240320,000000,814.0000000,849.8000000,809.4000000,843.8000000,1875146
250320,000000,851.2000000,892.0000000,828.0000000,853.4000000,2297785
260320,000000,849.2000000,853.0000000,819.2000000,848.8000000,1330661
270320,000000,841.2000000,847.6000000,819.0000000,825.4000000,1021225
300320,000000,813.8000000,843.6000000,807.2000000,843.6000000,1003313
310320,000000,848.4000000,873.0000000,837.4000000,866.6000000,2173260
010420,000000,851.0000000,863.2000000,845.0000000,848.4000000,1202476
020420,000000,855.2000000,872.0000000,838.0000000,859.6000000,1166362
030420,000000,859.0000000,885.0000000,856.6000000,882.0000000,2013651
060420,000000,887.2000000,898.0000000,876.6000000,892.8000000,1050311
070420,000000,899.8000000,904.0000000,882.4000000,888.0000000,1638442
080420,000000,884.0000000,899.2000000,878.0000000,899.2000000,814115
090420,000000,900.2000000,905.0000000,885.2000000,905.0000000,1320865
100420,000000,903.0000000,903.0000000,892.8000000,900.0000000,307140
130420,000000,899.0000000,900.6000000,881.4000000,882.2000000,511902
140420,000000,890.0000000,901.4000000,887.8000000,899.0000000,953085
150420,000000,895.0000000,896.0000000,853.4000000,861.2000000,1297541
160420,000000,863.0000000,882.2000000,854.0000000,857.4000000,1391727
170420,000000,869.4000000,877.2000000,862.2000000,864.6000000,601314
200420,000000,862.2000000,880.8000000,858.6000000,874.2000000,995440
210420,000000,871.8000000,871.8000000,850.4000000,866.0000000,1412422
220420,000000,865.4000000,879.0000000,861.2000000,868.6000000,1454204
230420,000000,873.6000000,874.6000000,860.0000000,870.0000000,995733
240420,000000,869.4000000,870.8000000,861.0000000,862.4000000,998086
270420,000000,866.8000000,874.8000000,863.2000000,869.0000000,890310
280420,000000,869.0000000,886.0000000,864.2000000,870.0000000,1260038
290420,000000,875.8000000,890.8000000,870.6000000,875.6000000,1196939
300420,000000,880.0000000,892.4000000,870.4000000,889.6000000,1425158
040520,000000,881.0000000,881.2000000,866.0000000,871.0000000,878775
050520,000000,876.2000000,880.8000000,870.4000000,873.2000000,540599
060520,000000,877.2000000,883.4000000,870.0000000,870.6000000,817592
070520,000000,872.8000000,881.6000000,869.2000000,869.2000000,1105964
080520,000000,872.8000000,873.8000000,866.6000000,871.4000000,516150
120520,000000,863.0000000,867.6000000,853.4000000,853.4000000,1364184
130520,000000,852.0000000,853.6000000,838.0000000,838.0000000,989968
140520,000000,837.8000000,841.0000000,818.4000000,823.4000000,1567504
150520,000000,828.6000000,842.6000000,824.2000000,824.2000000,1153729
180520,000000,831.6000000,861.0000000,831.4000000,861.0000000,1124552
190520,000000,861.4000000,868.4000000,855.0000000,862.4000000,1003017
200520,000000,861.2000000,885.2000000,855.0000000,884.4000000,1121892
210520,000000,884.4000000,895.8000000,862.0000000,863.6000000,1392091
220520,000000,857.2000000,875.0000000,854.2000000,872.0000000,1177229
250520,000000,874.0000000,909.0000000,873.0000000,908.0000000,1508252
260520,000000,909.4000000,923.0000000,905.0000000,905.0000000,1991582
270520,000000,911.8000000,923.0000000,906.4000000,919.4000000,1229239
280520,000000,922.2000000,940.0000000,915.4000000,940.0000000,1340639
290520,000000,937.0000000,940.0000000,922.4000000,934.6000000,1983073
010620,000000,940.2000000,946.2000000,928.0000000,939.0000000,963071
020620,000000,938.4000000,948.0000000,937.4000000,945.0000000,988334
030620,000000,950.6000000,954.6000000,941.6000000,954.6000000,1458229
040620,000000,950.8000000,953.2000000,934.4000000,940.6000000,1156830
050620,000000,945.4000000,951.8000000,942.4000000,949.0000000,696456
080620,000000,952.2000000,956.6000000,944.0000000,944.0000000,1138314
090620,000000,946.6000000,954.0000000,938.0000000,948.0000000,1287544
100620,000000,949.0000000,952.8000000,942.6000000,950.4000000,1205084
110620,000000,944.8000000,950.0000000,936.2000000,939.0000000,2364992
150620,000000,885.2000000,892.4000000,876.4000000,879.2000000,2116874
160620,000000,884.8000000,897.0000000,880.0000000,880.0000000,1490933
170620,000000,884.2000000,889.2000000,876.6000000,883.6000000,1300048
180620,000000,884.4000000,884.8000000,869.2000000,874.4000000,1384889
190620,000000,879.4000000,882.6000000,871.6000000,872.2000000,1807317
220620,000000,873.2000000,874.0000000,862.2000000,870.6000000,1162560
230620,000000,870.4000000,878.0000000,868.0000000,872.0000000,753352
250620,000000,866.0000000,867.4000000,856.4000000,861.4000000,1224858
260620,000000,863.4000000,864.8000000,847.2000000,851.6000000,1321799
290620,000000,850.0000000,855.0000000,841.0000000,854.8000000,871282
300620,000000,855.4000000,870.8000000,852.6000000,864.0000000,1291231
020720,000000,868.0000000,874.8000000,863.6000000,869.0000000,653764
030720,000000,868.6000000,887.8000000,866.0000000,884.2000000,896375
060720,000000,892.0000000,906.0000000,890.2000000,901.0000000,1599608
070720,000000,902.4000000,903.6000000,881.4000000,892.2000000,869804
080720,000000,892.2000000,897.4000000,886.0000000,894.0000000,499286
090720,000000,894.0000000,896.8000000,867.8000000,876.2000000,1012496
100720,000000,868.2000000,882.4000000,866.8000000,880.2000000,615531
130720,000000,883.0000000,889.0000000,870.6000000,872.8000000,571640
140720,000000,875.0000000,879.2000000,862.4000000,876.0000000,896282
150720,000000,880.0000000,891.0000000,875.4000000,883.8000000,839250
160720,000000,877.6000000,884.6000000,874.0000000,879.8000000,644067
170720,000000,880.2000000,884.0000000,875.4000000,878.2000000,427054
200720,000000,878.6000000,887.6000000,874.0000000,887.6000000,750426
210720,000000,890.4000000,902.4000000,890.4000000,894.2000000,1074955
220720,000000,896.0000000,899.6000000,886.6000000,896.6000000,886166
230720,000000,899.8000000,901.6000000,889.0000000,889.6000000,896868
240720,000000,889.6000000,897.0000000,885.2000000,894.2000000,611121
