230118,000000,11530.0000000,11530.0000000,11106.0000000,11198.0000000,278808
240118,000000,11190.0000000,11378.0000000,10965.0000000,11325.0000000,247705
250118,000000,11416.0000000,11537.0000000,11350.0000000,11537.0000000,258310
260118,000000,11519.0000000,11519.0000000,11221.0000000,11420.0000000,174078
290118,000000,11501.0000000,11709.0000000,11421.0000000,11539.0000000,205635
300118,000000,11417.0000000,11519.0000000,11366.0000000,11483.0000000,166015
310118,000000,11443.0000000,11664.0000000,11404.0000000,11608.0000000,174582
010218,000000,11607.0000000,11750.0000000,11547.0000000,11639.0000000,172332
020218,000000,11647.0000000,11695.0000000,11400.0000000,11496.0000000,193465
050218,000000,11435.0000000,11670.0000000,11250.0000000,11581.0000000,169178
060218,000000,11288.0000000,11491.0000000,11265.0000000,11308.0000000,304098
070218,000000,11452.0000000,11512.0000000,11205.0000000,11268.0000000,189242
080218,000000,11238.0000000,11250.0000000,11020.0000000,11110.0000000,162791
090218,000000,10949.0000000,11349.0000000,10906.0000000,11101.0000000,212729
120218,000000,11259.0000000,11291.0000000,11122.0000000,11147.0000000,133028
130218,000000,11196.0000000,11500.0000000,11122.0000000,11500.0000000,213817
140218,000000,11509.0000000,11761.0000000,11460.0000000,11761.0000000,264569
150218,000000,11800.0000000,11970.0000000,11760.0000000,11785.0000000,314641
160218,000000,11799.0000000,11799.0000000,10422.0000000,10810.0000000,1140145
190218,000000,10801.0000000,11281.0000000,10510.0000000,11171.0000000,579464
200218,000000,11198.0000000,11244.0000000,10950.0000000,11060.0000000,362069
210218,000000,11000.0000000,11640.0000000,10999.0000000,11300.0000000,514813
220218,000000,11261.0000000,11400.0000000,11107.0000000,11380.0000000,259847
260218,000000,11572.0000000,11926.0000000,11437.0000000,11874.0000000,401751
270218,000000,11894.0000000,11898.0000000,11505.0000000,11550.0000000,265483
280218,000000,11498.0000000,11500.0000000,11135.0000000,11159.0000000,346788
010318,000000,11095.0000000,11278.0000000,11021.0000000,11173.0000000,196051
020318,000000,11151.0000000,11249.0000000,11037.0000000,11248.0000000,138051
050318,000000,11272.0000000,11394.0000000,11131.0000000,11199.0000000,158138
060318,000000,11210.0000000,11396.0000000,10760.0000000,11161.0000000,534505
070318,000000,11136.0000000,11176.0000000,11011.0000000,11160.0000000,155521
090318,000000,11125.0000000,11287.0000000,10913.0000000,11077.0000000,166491
120318,000000,11146.0000000,11209.0000000,11025.0000000,11157.0000000,109904
130318,000000,11145.0000000,11147.0000000,11035.0000000,11101.0000000,98959
140318,000000,11079.0000000,11079.0000000,10800.0000000,10881.0000000,212257
150318,000000,10840.0000000,10933.0000000,10725.0000000,10890.0000000,182512
160318,000000,10851.0000000,10993.0000000,10762.0000000,10927.0000000,211813
190318,000000,10944.0000000,11021.0000000,10893.0000000,10911.0000000,81889
200318,000000,10941.0000000,10966.0000000,10760.0000000,10950.0000000,147443
210318,000000,10920.0000000,11044.0000000,10860.0000000,10932.0000000,110218
220318,000000,10943.0000000,11067.0000000,10875.0000000,11003.0000000,93682
230318,000000,10930.0000000,10998.0000000,10760.0000000,10998.0000000,138348
260318,000000,10953.0000000,10953.0000000,10750.0000000,10750.0000000,106616
270318,000000,10802.0000000,10845.0000000,10669.0000000,10728.0000000,122127
280318,000000,10698.0000000,10782.0000000,10628.0000000,10695.0000000,96375
290318,000000,10711.0000000,10795.0000000,10660.0000000,10795.0000000,120716
300318,000000,10780.0000000,10800.0000000,10740.0000000,10760.0000000,28214
020418,000000,10789.0000000,11011.0000000,10761.0000000,10800.0000000,95715
030418,000000,10810.0000000,10874.0000000,10718.0000000,10830.0000000,119329
040418,000000,10826.0000000,10887.0000000,10680.0000000,10735.0000000,163220
050418,000000,10774.0000000,10819.0000000,10662.0000000,10744.0000000,142418
060418,000000,10692.0000000,10753.0000000,10620.0000000,10733.0000000,129337
090418,000000,10625.0000000,10625.0000000,8824.0000000,9170.0000000,1298083
100418,000000,9230.0000000,9998.0000000,9100.0000000,9813.0000000,680610
110418,000000,9814.0000000,10343.0000000,9661.0000000,9888.0000000,412355
120418,000000,9906.0000000,10376.0000000,9659.0000000,10376.0000000,420980
130418,000000,10366.0000000,10570.0000000,10250.0000000,10490.0000000,319024
160418,000000,10280.0000000,10678.0000000,9778.0000000,9900.0000000,579076
170418,000000,10290.0000000,10370.0000000,10061.0000000,10229.0000000,278988
180418,000000,10258.0000000,10672.0000000,10210.0000000,10672.0000000,368760
190418,000000,10754.0000000,11075.0000000,10520.0000000,10685.0000000,416156
200418,000000,10679.0000000,10730.0000000,10525.0000000,10615.0000000,129796
230418,000000,10601.0000000,10890.0000000,10405.0000000,10875.0000000,333516
240418,000000,10910.0000000,10932.0000000,10727.0000000,10860.0000000,127168
250418,000000,10796.0000000,10888.0000000,10720.0000000,10803.0000000,126721
260418,000000,10808.0000000,10988.0000000,10757.0000000,10988.0000000,177560
270418,000000,10987.0000000,11000.0000000,10777.0000000,10989.0000000,140197
280418,000000,10919.0000000,10950.0000000,10881.0000000,10948.0000000,22618
300418,000000,10964.0000000,10985.0000000,10806.0000000,10814.0000000,78809
020518,000000,10820.0000000,11115.0000000,10801.0000000,11040.0000000,149840
030518,000000,11008.0000000,11098.0000000,10856.0000000,10856.0000000,128858
040518,000000,10902.0000000,11030.0000000,10875.0000000,10996.0000000,107378
070518,000000,11035.0000000,11210.0000000,11035.0000000,11150.0000000,99132
080518,000000,11152.0000000,11154.0000000,10873.0000000,11094.0000000,225966
100518,000000,11055.0000000,11065.0000000,10665.0000000,10730.0000000,345520
110518,000000,10760.0000000,10828.0000000,10664.0000000,10729.0000000,113762
140518,000000,10754.0000000,10789.0000000,10628.0000000,10778.0000000,117355
150518,000000,10751.0000000,10935.0000000,10665.0000000,10915.0000000,206911
160518,000000,10899.0000000,11010.0000000,10780.0000000,10800.0000000,170427
170518,000000,10830.0000000,10839.0000000,10732.0000000,10790.0000000,195354
180518,000000,10797.0000000,10846.0000000,10706.0000000,10732.0000000,130726
210518,000000,10758.0000000,11047.0000000,10755.0000000,10922.0000000,170114
220518,000000,10916.0000000,11075.0000000,10832.0000000,10998.0000000,138358
230518,000000,10933.0000000,11019.0000000,10850.0000000,10850.0000000,124498
240518,000000,10885.0000000,10977.0000000,10821.0000000,10880.0000000,90475
250518,000000,10999.0000000,11109.0000000,10941.0000000,11090.0000000,190618
280518,000000,11053.0000000,11174.0000000,11052.0000000,11170.0000000,51426
290518,000000,11168.0000000,11197.0000000,11043.0000000,11144.0000000,105206
300518,000000,11142.0000000,11259.0000000,11012.0000000,11066.0000000,171614
310518,000000,11100.0000000,11182.0000000,11023.0000000,11111.0000000,245953
010618,000000,11142.0000000,11363.0000000,11075.0000000,11150.0000000,165994
040618,000000,11197.0000000,11474.0000000,11197.0000000,11474.0000000,116086
050618,000000,11480.0000000,11590.0000000,11418.0000000,11551.0000000,97712
060618,000000,11531.0000000,11640.0000000,11421.0000000,11640.0000000,131746
070618,000000,11623.0000000,11739.0000000,11520.0000000,11644.0000000,103477
080618,000000,11631.0000000,11735.0000000,11355.0000000,11355.0000000,182436
090618,000000,11400.0000000,11490.0000000,11391.0000000,11484.0000000,16876
110618,000000,11458.0000000,11590.0000000,11380.0000000,11500.0000000,54751
130618,000000,11490.0000000,11565.0000000,11273.0000000,11275.0000000,140210
140618,000000,11265.0000000,11295.0000000,11085.0000000,11161.0000000,135294
150618,000000,11179.0000000,11252.0000000,11058.0000000,11066.0000000,188657
180618,000000,11050.0000000,11165.0000000,11011.0000000,11051.0000000,99594
190618,000000,11021.0000000,11200.0000000,10861.0000000,11126.0000000,184966
200618,000000,11159.0000000,11350.0000000,11156.0000000,11243.0000000,176454
210618,000000,11265.0000000,11342.0000000,11210.0000000,11224.0000000,113790
220618,000000,11265.0000000,11383.0000000,11200.0000000,11222.0000000,121661
250618,000000,11202.0000000,11487.0000000,11201.0000000,11285.0000000,126374
260618,000000,11313.0000000,11400.0000000,11207.0000000,11222.0000000,60173
270618,000000,11222.0000000,11270.0000000,11053.0000000,11100.0000000,229640
280618,000000,11260.0000000,11300.0000000,11080.0000000,11115.0000000,153275
290618,000000,11184.0000000,11399.0000000,11151.0000000,11399.0000000,160774
020718,000000,11330.0000000,11624.0000000,11304.0000000,11600.0000000,158965
030718,000000,11613.0000000,11645.0000000,11464.0000000,11540.0000000,106270
040718,000000,11560.0000000,11602.0000000,11438.0000000,11458.0000000,110461
050718,000000,11470.0000000,11600.0000000,11381.0000000,11566.0000000,241173
060718,000000,11560.0000000,11747.0000000,11531.0000000,11698.0000000,149734
090718,000000,11755.0000000,11884.0000000,11650.0000000,11799.0000000,181338
100718,000000,11807.0000000,11868.0000000,11650.0000000,11725.0000000,174441
110718,000000,11646.0000000,11646.0000000,11260.0000000,11260.0000000,355000
120718,000000,11350.0000000,11389.0000000,11201.0000000,11359.0000000,206059
130718,000000,11349.0000000,11480.0000000,11301.0000000,11398.0000000,298267
160718,000000,10928.0000000,10969.0000000,10631.0000000,10680.0000000,281145
170718,000000,10670.0000000,10671.0000000,10470.0000000,10610.0000000,182829
180718,000000,10625.0000000,10667.0000000,10475.0000000,10574.0000000,192828
190718,000000,10561.0000000,10590.0000000,10280.0000000,10350.0000000,162923
200718,000000,10350.0000000,10447.0000000,10174.0000000,10255.0000000,178420
230718,000000,10278.0000000,10434.0000000,10220.0000000,10314.0000000,99138
240718,000000,10340.0000000,10790.0000000,10339.0000000,10760.0000000,281489
250718,000000,10691.0000000,10882.0000000,10569.0000000,10845.0000000,148605
260718,000000,10870.0000000,10939.0000000,10737.0000000,10827.0000000,146084
270718,000000,10800.0000000,10871.0000000,10669.0000000,10848.0000000,107166
300718,000000,10805.0000000,10935.0000000,10740.0000000,10866.0000000,98045
310718,000000,10830.0000000,10939.0000000,10725.0000000,10882.0000000,136070
010818,000000,10860.0000000,10903.0000000,10760.0000000,10782.0000000,80910
020818,000000,10746.0000000,10781.0000000,10592.0000000,10700.0000000,125443
030818,000000,10669.0000000,10814.0000000,10517.0000000,10814.0000000,110333
060818,000000,10783.0000000,10840.0000000,10652.0000000,10770.0000000,77610
070818,000000,10774.0000000,10847.0000000,10715.0000000,10830.0000000,84117
080818,000000,10828.0000000,10850.0000000,10650.0000000,10830.0000000,182941
090818,000000,10820.0000000,10999.0000000,10735.0000000,10999.0000000,276457
100818,000000,10619.0000000,10800.0000000,10486.0000000,10800.0000000,431858
130818,000000,10750.0000000,11100.0000000,10737.0000000,11005.0000000,295663
140818,000000,11109.0000000,11191.0000000,10926.0000000,10990.0000000,245931
150818,000000,10971.0000000,11000.0000000,10861.0000000,11000.0000000,251384
160818,000000,11009.0000000,11067.0000000,10844.0000000,10901.0000000,143168
170818,000000,10928.0000000,10978.0000000,10780.0000000,10821.0000000,152695
200818,000000,10862.0000000,11000.0000000,10839.0000000,10950.0000000,154072
210818,000000,10974.0000000,11015.0000000,10891.0000000,10930.0000000,120862
220818,000000,10947.0000000,11074.0000000,10896.0000000,11074.0000000,199742
230818,000000,11031.0000000,11137.0000000,10921.0000000,10950.0000000,149316
240818,000000,10932.0000000,11035.0000000,10910.0000000,11015.0000000,93064
270818,000000,11026.0000000,11072.0000000,10986.0000000,11072.0000000,65820
280818,000000,11063.0000000,11337.0000000,11060.0000000,11250.0000000,279486
290818,000000,11251.0000000,11382.0000000,11230.0000000,11338.0000000,126932
300818,000000,11379.0000000,11385.0000000,11214.0000000,11262.0000000,136054
310818,000000,11240.0000000,11309.0000000,11182.0000000,11220.0000000,124629
030918,000000,11223.0000000,11323.0000000,11200.0000000,11287.0000000,63290
040918,000000,11270.0000000,11324.0000000,11157.0000000,11250.0000000,92965
050918,000000,11224.0000000,11239.0000000,11136.0000000,11136.0000000,94272
060918,000000,11155.0000000,11305.0000000,11125.0000000,11206.0000000,101798
070918,000000,11222.0000000,11298.0000000,11118.0000000,11200.0000000,100699
100918,000000,11219.0000000,11368.0000000,11211.0000000,11365.0000000,113156
110918,000000,11356.0000000,11480.0000000,11290.0000000,11456.0000000,176097
120918,000000,11449.0000000,11568.0000000,11421.0000000,11565.0000000,115092
130918,000000,11565.0000000,11670.0000000,11526.0000000,11637.0000000,99700
140918,000000,11637.0000000,11637.0000000,11505.0000000,11525.0000000,92119
170918,000000,11511.0000000,11540.0000000,11353.0000000,11540.0000000,116474
180918,000000,11527.0000000,11630.0000000,11510.0000000,11587.0000000,106185
190918,000000,11601.0000000,11790.0000000,11540.0000000,11651.0000000,225458
200918,000000,11652.0000000,11838.0000000,11594.0000000,11705.0000000,277363
210918,000000,11740.0000000,12073.0000000,11730.0000000,12073.0000000,331812
240918,000000,12040.0000000,12144.0000000,11757.0000000,11916.0000000,218102
250918,000000,11914.0000000,11979.0000000,11801.0000000,11957.0000000,166789
260918,000000,11957.0000000,11997.0000000,11880.0000000,11886.0000000,104974
270918,000000,11871.0000000,11930.0000000,11757.0000000,11830.0000000,325058
280918,000000,11170.0000000,11459.0000000,11101.0000000,11388.0000000,317920
011018,000000,11431.0000000,11529.0000000,11251.0000000,11307.0000000,156742
021018,000000,11339.0000000,11393.0000000,11156.0000000,11229.0000000,124747
031018,000000,11228.0000000,11506.0000000,11227.0000000,11365.0000000,168181
041018,000000,11401.0000000,11444.0000000,11307.0000000,11416.0000000,99876
051018,000000,11380.0000000,11410.0000000,11247.0000000,11292.0000000,88974
081018,000000,11340.0000000,11399.0000000,11290.0000000,11321.0000000,78345
091018,000000,11342.0000000,11509.0000000,11326.0000000,11403.0000000,89898
101018,000000,11421.0000000,11650.0000000,11351.0000000,11376.0000000,183545
111018,000000,11219.0000000,11285.0000000,11114.0000000,11253.0000000,180037
121018,000000,11290.0000000,11326.0000000,11143.0000000,11170.0000000,150198
151018,000000,11150.0000000,11176.0000000,11011.0000000,11088.0000000,169325
161018,000000,11098.0000000,11264.0000000,11055.0000000,11264.0000000,135545
171018,000000,11283.0000000,11470.0000000,11254.0000000,11430.0000000,110710
181018,000000,11422.0000000,11422.0000000,11257.0000000,11360.0000000,107078
191018,000000,11370.0000000,11486.0000000,11285.0000000,11378.0000000,140883
221018,000000,11391.0000000,11580.0000000,11280.0000000,11291.0000000,136874
231018,000000,11288.0000000,11289.0000000,11061.0000000,11061.0000000,129429
241018,000000,11111.0000000,11230.0000000,11025.0000000,11025.0000000,168684
251018,000000,10993.0000000,11075.0000000,10870.0000000,10902.0000000,190974
261018,000000,10873.0000000,10914.0000000,10570.0000000,10650.0000000,202852
291018,000000,10627.0000000,10770.0000000,10555.0000000,10679.0000000,97766
301018,000000,10652.0000000,10767.0000000,10611.0000000,10702.0000000,110119
311018,000000,10749.0000000,11000.0000000,10740.0000000,11000.0000000,154129
011118,000000,10949.0000000,11250.0000000,10910.0000000,11250.0000000,188590
021118,000000,11265.0000000,11470.0000000,11235.0000000,11470.0000000,284375
061118,000000,11430.0000000,11588.0000000,11322.0000000,11565.0000000,134656
071118,000000,11535.0000000,11695.0000000,11461.0000000,11695.0000000,149078
081118,000000,11684.0000000,11750.0000000,11571.0000000,11698.0000000,121480
091118,000000,11643.0000000,11693.0000000,11530.0000000,11689.0000000,169243
121118,000000,11699.0000000,11705.0000000,11595.0000000,11608.0000000,74807
131118,000000,11611.0000000,11717.0000000,11560.0000000,11608.0000000,96519
141118,000000,11589.0000000,11685.0000000,11521.0000000,11683.0000000,93515
151118,000000,11690.0000000,11869.0000000,11633.0000000,11701.0000000,135336
161118,000000,11743.0000000,11812.0000000,11578.0000000,11714.0000000,117358
191118,000000,11720.0000000,11849.0000000,11691.0000000,11746.0000000,105827
201118,000000,11706.0000000,11760.0000000,11595.0000000,11742.0000000,103690
211118,000000,11682.0000000,11840.0000000,11661.0000000,11820.0000000,110951
221118,000000,11802.0000000,11900.0000000,11750.0000000,11876.0000000,105438
231118,000000,11849.0000000,11984.0000000,11788.0000000,11954.0000000,129828
261118,000000,11973.0000000,12026.0000000,11617.0000000,11959.0000000,214901
271118,000000,11955.0000000,12379.0000000,11947.0000000,12379.0000000,260618
281118,000000,12355.0000000,12795.0000000,12321.0000000,12770.0000000,247594
291118,000000,12789.0000000,12970.0000000,12651.0000000,12691.0000000,219783
301118,000000,12676.0000000,12789.0000000,12553.0000000,12738.0000000,233165
031218,000000,12788.0000000,12992.0000000,12702.0000000,12817.0000000,132482
041218,000000,12767.0000000,12887.0000000,12472.0000000,12666.0000000,204995
051218,000000,12571.0000000,12820.0000000,12479.0000000,12820.0000000,143284
061218,000000,12731.0000000,12774.0000000,12572.0000000,12699.0000000,91934
071218,000000,12720.0000000,12754.0000000,12650.0000000,12745.0000000,96854
101218,000000,12692.0000000,12811.0000000,12622.0000000,12630.0000000,101123
111218,000000,12631.0000000,12783.0000000,12531.0000000,12738.0000000,120649
121218,000000,12704.0000000,12934.0000000,12703.0000000,12890.0000000,129987
131218,000000,12910.0000000,13232.0000000,12875.0000000,13220.0000000,203205
141218,000000,13220.0000000,13220.0000000,13054.0000000,13160.0000000,101160
171218,000000,13111.0000000,13490.0000000,13111.0000000,13349.0000000,144352
181218,000000,13207.0000000,13324.0000000,13133.0000000,13212.0000000,135592
191218,000000,13212.0000000,13219.0000000,12941.0000000,13125.0000000,154167
201218,000000,13100.0000000,13217.0000000,12905.0000000,13217.0000000,169434
211218,000000,13161.0000000,13177.0000000,12913.0000000,13014.0000000,157185
241218,000000,12980.0000000,13010.0000000,12721.0000000,12783.0000000,61714
251218,000000,12701.0000000,12702.0000000,12461.0000000,12555.0000000,58603
261218,000000,12562.0000000,12893.0000000,12562.0000000,12867.0000000,69024
271218,000000,12994.0000000,12996.0000000,12816.0000000,12889.0000000,98838
281218,000000,12960.0000000,13155.0000000,12894.0000000,13073.0000000,83531
291218,000000,13102.0000000,13131.0000000,12951.0000000,13039.0000000,18317
030119,000000,13000.0000000,13043.0000000,12851.0000000,12993.0000000,63452
040119,000000,13025.0000000,13075.0000000,12934.0000000,13070.0000000,57820
080119,000000,13070.0000000,13128.0000000,13030.0000000,13128.0000000,79698
090119,000000,13173.0000000,13317.0000000,13163.0000000,13229.0000000,90363
100119,000000,13202.0000000,13343.0000000,13137.0000000,13343.0000000,106284
110119,000000,13353.0000000,13545.0000000,13308.0000000,13437.0000000,129027
140119,000000,13355.0000000,13435.0000000,13277.0000000,13389.0000000,85958
150119,000000,13400.0000000,13461.0000000,13223.0000000,13389.0000000,139932
160119,000000,13353.0000000,13382.0000000,13142.0000000,13180.0000000,83156
170119,000000,13199.0000000,13309.0000000,13069.0000000,13282.0000000,143976
180119,000000,13333.0000000,13379.0000000,13211.0000000,13359.0000000,86861
210119,000000,13374.0000000,13375.0000000,13309.0000000,13353.0000000,46564
220119,000000,13310.0000000,13338.0000000,13233.0000000,13306.0000000,105346
230119,000000,13319.0000000,13402.0000000,13256.0000000,13378.0000000,108986
240119,000000,13378.0000000,13444.0000000,13285.0000000,13369.0000000,114348
250119,000000,13376.0000000,13472.0000000,13272.0000000,13312.0000000,123256
280119,000000,13316.0000000,13336.0000000,13061.0000000,13089.0000000,104391
290119,000000,13105.0000000,13260.0000000,13001.0000000,13260.0000000,117506
300119,000000,13225.0000000,13639.0000000,13192.0000000,13639.0000000,236051
310119,000000,13666.0000000,13900.0000000,13596.0000000,13596.0000000,226741
010219,000000,13616.0000000,13758.0000000,13500.0000000,13534.0000000,133100
040219,000000,13552.0000000,13626.0000000,13480.0000000,13500.0000000,76451
050219,000000,13570.0000000,13694.0000000,13500.0000000,13588.0000000,89103
060219,000000,13598.0000000,13788.0000000,13586.0000000,13690.0000000,117491
070219,000000,13668.0000000,13716.0000000,13564.0000000,13650.0000000,91645
080219,000000,13608.0000000,13738.0000000,13584.0000000,13732.0000000,65997
110219,000000,13730.0000000,13788.0000000,13684.0000000,13702.0000000,91143
120219,000000,13756.0000000,13790.0000000,13720.0000000,13780.0000000,85415
130219,000000,13780.0000000,13792.0000000,13542.0000000,13552.0000000,97025
140219,000000,13486.0000000,13758.0000000,13468.0000000,13740.0000000,128039
150219,000000,13752.0000000,13888.0000000,13676.0000000,13750.0000000,135417
180219,000000,13742.0000000,13748.0000000,13556.0000000,13660.0000000,97401
190219,000000,13670.0000000,13800.0000000,13584.0000000,13800.0000000,106275
200219,000000,13820.0000000,14258.0000000,13804.0000000,14250.0000000,217943
210219,000000,14258.0000000,14260.0000000,13964.0000000,14052.0000000,132150
220219,000000,14050.0000000,14182.0000000,13996.0000000,14122.0000000,94794
250219,000000,14140.0000000,14606.0000000,14140.0000000,14594.0000000,245234
260219,000000,14574.0000000,14658.0000000,14370.0000000,14420.0000000,202283
270219,000000,14440.0000000,14530.0000000,14182.0000000,14302.0000000,127077
280219,000000,14300.0000000,14322.0000000,14090.0000000,14114.0000000,177176
010319,000000,14168.0000000,14240.0000000,14066.0000000,14100.0000000,101980
040319,000000,14116.0000000,14116.0000000,13788.0000000,13794.0000000,162279
050319,000000,13732.0000000,13804.0000000,13632.0000000,13770.0000000,113709
060319,000000,13838.0000000,14526.0000000,13836.0000000,14442.0000000,318135
070319,000000,14450.0000000,14596.0000000,14350.0000000,14442.0000000,241044
110319,000000,14370.0000000,14434.0000000,14046.0000000,14100.0000000,342530
120319,000000,14226.0000000,14468.0000000,14176.0000000,14380.0000000,261665
130319,000000,13778.0000000,14002.0000000,13756.0000000,13850.0000000,1368432
140319,000000,13880.0000000,14000.0000000,13850.0000000,13952.0000000,366727
150319,000000,13992.0000000,14226.0000000,13992.0000000,14226.0000000,297534
180319,000000,14226.0000000,14300.0000000,14104.0000000,14284.0000000,249641
190319,000000,14312.0000000,14420.0000000,14250.0000000,14350.0000000,233152
200319,000000,14396.0000000,14434.0000000,14226.0000000,14316.0000000,243811
210319,000000,14310.0000000,14350.0000000,14156.0000000,14290.0000000,220056
220319,000000,14302.0000000,14328.0000000,14176.0000000,14280.0000000,155486
250319,000000,14234.0000000,14336.0000000,14106.0000000,14280.0000000,172965
260319,000000,14338.0000000,14400.0000000,14240.0000000,14300.0000000,245477
270319,000000,14100.0000000,14154.0000000,13776.0000000,13874.0000000,438712
280319,000000,13846.0000000,13898.0000000,13402.0000000,13436.0000000,375847
290319,000000,13450.0000000,13730.0000000,13420.0000000,13720.0000000,217543
010419,000000,13724.0000000,14064.0000000,13712.0000000,13994.0000000,168274
020419,000000,14000.0000000,14194.0000000,13990.0000000,14160.0000000,185002
030419,000000,14200.0000000,14290.0000000,14070.0000000,14186.0000000,233489
040419,000000,14188.0000000,14288.0000000,14124.0000000,14288.0000000,130748
050419,000000,14280.0000000,14400.0000000,14266.0000000,14332.0000000,160328
080419,000000,14340.0000000,14420.0000000,14258.0000000,14348.0000000,94543
090419,000000,14322.0000000,14416.0000000,14258.0000000,14400.0000000,131548
100419,000000,14376.0000000,14528.0000000,14332.0000000,14440.0000000,96495
110419,000000,14442.0000000,14448.0000000,14152.0000000,14230.0000000,107545
120419,000000,14202.0000000,14458.0000000,14172.0000000,14418.0000000,115381
150419,000000,14390.0000000,14438.0000000,14326.0000000,14392.0000000,56807
160419,000000,14410.0000000,14600.0000000,14354.0000000,14558.0000000,144860
170419,000000,14530.0000000,14630.0000000,14476.0000000,14600.0000000,90030
180419,000000,14552.0000000,14598.0000000,14382.0000000,14510.0000000,113793
190419,000000,14474.0000000,14548.0000000,14474.0000000,14510.0000000,23756
220419,000000,14552.0000000,14588.0000000,14524.0000000,14528.0000000,23481
230419,000000,14534.0000000,14544.0000000,14334.0000000,14430.0000000,84439
240419,000000,14410.0000000,14444.0000000,14198.0000000,14316.0000000,105280
250419,000000,14288.0000000,14480.0000000,14182.0000000,14470.0000000,122177
260419,000000,14442.0000000,14726.0000000,14382.0000000,14720.0000000,137694
290419,000000,14690.0000000,14796.0000000,14450.0000000,14490.0000000,79539
300419,000000,14506.0000000,14530.0000000,14212.0000000,14342.0000000,155499
020519,000000,14318.0000000,14320.0000000,14200.0000000,14280.0000000,62995
030519,000000,14280.0000000,14380.0000000,14200.0000000,14238.0000000,100809
060519,000000,14188.0000000,14400.0000000,14080.0000000,14400.0000000,84223
070519,000000,14378.0000000,14438.0000000,14152.0000000,14152.0000000,118491
080519,000000,14158.0000000,14200.0000000,14090.0000000,14108.0000000,144681
100519,000000,14096.0000000,14134.0000000,13868.0000000,13922.0000000,122977
130519,000000,13896.0000000,14064.0000000,13896.0000000,13970.0000000,115219
140519,000000,14060.0000000,14164.0000000,13930.0000000,13954.0000000,126633
150519,000000,13976.0000000,14014.0000000,13800.0000000,13800.0000000,134517
160519,000000,13826.0000000,13898.0000000,13560.0000000,13560.0000000,131969
170519,000000,13600.0000000,13780.0000000,13568.0000000,13590.0000000,118085
200519,000000,13602.0000000,13634.0000000,13352.0000000,13358.0000000,156668
210519,000000,13418.0000000,13598.0000000,13406.0000000,13548.0000000,168780
220519,000000,13548.0000000,13884.0000000,13524.0000000,13782.0000000,159947
230519,000000,13752.0000000,13752.0000000,13466.0000000,13520.0000000,140580
240519,000000,13570.0000000,13724.0000000,13570.0000000,13602.0000000,107179
270519,000000,13648.0000000,13726.0000000,13642.0000000,13710.0000000,36807
280519,000000,13730.0000000,13846.0000000,13638.0000000,13640.0000000,281511
290519,000000,13660.0000000,13766.0000000,13650.0000000,13708.0000000,118373
300519,000000,13752.0000000,13762.0000000,13636.0000000,13700.0000000,121141
310519,000000,13668.0000000,13718.0000000,13610.0000000,13718.0000000,146271
030619,000000,13704.0000000,13808.0000000,13676.0000000,13770.0000000,128174
040619,000000,13756.0000000,13818.0000000,13700.0000000,13796.0000000,190460
050619,000000,13798.0000000,13818.0000000,13694.0000000,13772.0000000,156490
060619,000000,13760.0000000,13850.0000000,13728.0000000,13850.0000000,150920
070619,000000,13888.0000000,13940.0000000,13770.0000000,13802.0000000,194901
100619,000000,13830.0000000,13852.0000000,13516.0000000,13852.0000000,404801
110619,000000,13866.0000000,14392.0000000,13808.0000000,14304.0000000,326132
130619,000000,14360.0000000,14676.0000000,14342.0000000,14676.0000000,223855
140619,000000,14602.0000000,14736.0000000,14564.0000000,14602.0000000,127935
170619,000000,14590.0000000,14700.0000000,14458.0000000,14506.0000000,120974
180619,000000,14506.0000000,14750.0000000,14504.0000000,14750.0000000,147032
190619,000000,14770.0000000,14868.0000000,14654.0000000,14868.0000000,184458
200619,000000,14300.0000000,14310.0000000,14112.0000000,14224.0000000,324208
210619,000000,14206.0000000,14426.0000000,14180.0000000,14180.0000000,268062
240619,000000,14220.0000000,14332.0000000,14180.0000000,14272.0000000,80865
250619,000000,14246.0000000,14256.0000000,13870.0000000,14060.0000000,152948
260619,000000,14024.0000000,14198.0000000,14024.0000000,14148.0000000,115349
270619,000000,14148.0000000,14190.0000000,14016.0000000,14168.0000000,80306
280619,000000,14170.0000000,14374.0000000,14114.0000000,14308.0000000,105406
010719,000000,14358.0000000,14452.0000000,14208.0000000,14236.0000000,101928
020719,000000,14232.0000000,14420.0000000,14140.0000000,14420.0000000,109194
030719,000000,14378.0000000,14524.0000000,14324.0000000,14432.0000000,115894
040719,000000,14418.0000000,14456.0000000,14262.0000000,14280.0000000,90137
050719,000000,14282.0000000,14450.0000000,14240.0000000,14450.0000000,101188
080719,000000,14396.0000000,14430.0000000,14312.0000000,14366.0000000,63982
090719,000000,14356.0000000,14400.0000000,14254.0000000,14292.0000000,84789
100719,000000,14318.0000000,14414.0000000,14106.0000000,14270.0000000,136600
110719,000000,14314.0000000,14318.0000000,14086.0000000,14146.0000000,73269
120719,000000,14124.0000000,14198.0000000,14030.0000000,14194.0000000,51765
150719,000000,14264.0000000,14284.0000000,14134.0000000,14266.0000000,52137
160719,000000,14236.0000000,14446.0000000,14190.0000000,14440.0000000,127191
170719,000000,14420.0000000,14688.0000000,14354.0000000,14480.0000000,135336
180719,000000,14452.0000000,14770.0000000,14432.0000000,14770.0000000,188136
190719,000000,14770.0000000,15218.0000000,14742.0000000,14902.0000000,230651
220719,000000,14946.0000000,14964.0000000,14652.0000000,14652.0000000,99931
230719,000000,14690.0000000,14798.0000000,14574.0000000,14668.0000000,85028
240719,000000,14730.0000000,14738.0000000,14534.0000000,14648.0000000,78563
250719,000000,14642.0000000,14642.0000000,14508.0000000,14590.0000000,105075
260719,000000,14590.0000000,14590.0000000,14340.0000000,14392.0000000,186562
290719,000000,14396.0000000,14544.0000000,14380.0000000,14416.0000000,65364
300719,000000,14454.0000000,14510.0000000,14326.0000000,14510.0000000,96333
310719,000000,14508.0000000,14696.0000000,14424.0000000,14646.0000000,109038
010819,000000,14582.0000000,14628.0000000,14382.0000000,14448.0000000,91318
020819,000000,14332.0000000,14532.0000000,14262.0000000,14320.0000000,127755
050819,000000,14320.0000000,14366.0000000,14072.0000000,14192.0000000,168471
060819,000000,14206.0000000,14530.0000000,14196.0000000,14482.0000000,165444
070819,000000,14454.0000000,14820.0000000,14422.0000000,14700.0000000,191668
080819,000000,14846.0000000,15136.0000000,14842.0000000,15084.0000000,324393
090819,000000,15040.0000000,15180.0000000,14790.0000000,14800.0000000,179523
120819,000000,14820.0000000,15080.0000000,14718.0000000,15024.0000000,182429
130819,000000,14970.0000000,15140.0000000,14850.0000000,14858.0000000,161416
140819,000000,14890.0000000,14984.0000000,14732.0000000,14804.0000000,141457
150819,000000,14848.0000000,14956.0000000,14752.0000000,14924.0000000,151203
160819,000000,14978.0000000,15014.0000000,14652.0000000,14652.0000000,130296
190819,000000,14720.0000000,14884.0000000,14704.0000000,14758.0000000,110266
200819,000000,14832.0000000,15190.0000000,14780.0000000,15150.0000000,230752
210819,000000,15186.0000000,15188.0000000,15052.0000000,15120.0000000,127090
220819,000000,15120.0000000,15500.0000000,15056.0000000,15460.0000000,238907
230819,000000,15488.0000000,15558.0000000,15382.0000000,15382.0000000,157118
260819,000000,15318.0000000,15466.0000000,15232.0000000,15340.0000000,117314
270819,000000,15380.0000000,15444.0000000,15268.0000000,15386.0000000,248228
280819,000000,15450.0000000,15468.0000000,15350.0000000,15430.0000000,257535
290819,000000,15478.0000000,15586.0000000,15434.0000000,15558.0000000,189768
300819,000000,15556.0000000,16250.0000000,15522.0000000,16088.0000000,757482
020919,000000,16252.0000000,16588.0000000,16252.0000000,16500.0000000,365306
030919,000000,16504.0000000,16588.0000000,16260.0000000,16340.0000000,250470
040919,000000,16440.0000000,16544.0000000,16400.0000000,16500.0000000,162458
050919,000000,16550.0000000,16572.0000000,16190.0000000,16390.0000000,220888
060919,000000,16400.0000000,16400.0000000,16114.0000000,16198.0000000,155065
090919,000000,16218.0000000,16230.0000000,15934.0000000,15940.0000000,174494
100919,000000,15960.0000000,16000.0000000,15806.0000000,15944.0000000,185657
110919,000000,15958.0000000,16050.0000000,15858.0000000,16004.0000000,190832
120919,000000,16022.0000000,16062.0000000,15802.0000000,15950.0000000,206931
130919,000000,15960.0000000,15964.0000000,15650.0000000,15650.0000000,174899
160919,000000,15680.0000000,15866.0000000,15498.0000000,15846.0000000,194780
170919,000000,15802.0000000,15938.0000000,15736.0000000,15830.0000000,132167
180919,000000,15820.0000000,16100.0000000,15788.0000000,16100.0000000,149840
190919,000000,16100.0000000,16148.0000000,15908.0000000,15954.0000000,159653
200919,000000,15982.0000000,16128.0000000,15908.0000000,16128.0000000,131364
230919,000000,16110.0000000,16350.0000000,16094.0000000,16308.0000000,161173
240919,000000,16322.0000000,16328.0000000,16076.0000000,16096.0000000,131028
250919,000000,16072.0000000,16272.0000000,16022.0000000,16272.0000000,124998
260919,000000,16300.0000000,16426.0000000,16246.0000000,16388.0000000,109930
270919,000000,16388.0000000,16564.0000000,16346.0000000,16468.0000000,116041
300919,000000,16530.0000000,16696.0000000,16456.0000000,16686.0000000,181326
011019,000000,16740.0000000,16750.0000000,16492.0000000,16720.0000000,151445
021019,000000,16720.0000000,16722.0000000,16570.0000000,16670.0000000,162980
031019,000000,16650.0000000,16716.0000000,16502.0000000,16602.0000000,188537
041019,000000,15824.0000000,15940.0000000,15784.0000000,15894.0000000,172628
071019,000000,15896.0000000,16174.0000000,15822.0000000,16048.0000000,159225
081019,000000,16018.0000000,16062.0000000,15902.0000000,16030.0000000,101896
091019,000000,16034.0000000,16264.0000000,16006.0000000,16104.0000000,167780
101019,000000,16140.0000000,16188.0000000,16002.0000000,16140.0000000,115049
111019,000000,16142.0000000,16162.0000000,16026.0000000,16078.0000000,90471
141019,000000,16054.0000000,16080.0000000,15908.0000000,15940.0000000,100842
151019,000000,15910.0000000,16034.0000000,15834.0000000,16022.0000000,127529
161019,000000,16024.0000000,16192.0000000,16024.0000000,16156.0000000,112008
171019,000000,16156.0000000,16190.0000000,16052.0000000,16170.0000000,86747
181019,000000,16120.0000000,16274.0000000,16090.0000000,16250.0000000,84183
211019,000000,16250.0000000,16344.0000000,16152.0000000,16306.0000000,82348
221019,000000,16304.0000000,16530.0000000,16082.0000000,16462.0000000,306233
231019,000000,16500.0000000,16544.0000000,16372.0000000,16544.0000000,92470
241019,000000,16544.0000000,17130.0000000,16490.0000000,17130.0000000,198979
251019,000000,17160.0000000,17290.0000000,16952.0000000,17200.0000000,184899
281019,000000,17200.0000000,18400.0000000,17200.0000000,17714.0000000,473005
291019,000000,17756.0000000,17950.0000000,17504.0000000,17948.0000000,194847
301019,000000,17900.0000000,18192.0000000,17830.0000000,18192.0000000,192787
311019,000000,18230.0000000,18336.0000000,17780.0000000,17888.0000000,243973
011119,000000,17892.0000000,18220.0000000,17720.0000000,18186.0000000,196359
051119,000000,18204.0000000,18244.0000000,17980.0000000,18140.0000000,113796
061119,000000,18102.0000000,18304.0000000,18004.0000000,18304.0000000,178543
071119,000000,18508.0000000,18736.0000000,18304.0000000,18706.0000000,293142
081119,000000,18774.0000000,18798.0000000,18402.0000000,18520.0000000,184265
111119,000000,18502.0000000,18638.0000000,17994.0000000,18112.0000000,318338
121119,000000,18022.0000000,18088.0000000,17530.0000000,17642.0000000,330474
131119,000000,17590.0000000,17612.0000000,17364.0000000,17422.0000000,183910
141119,000000,17390.0000000,17770.0000000,17230.0000000,17426.0000000,235553
151119,000000,17450.0000000,17726.0000000,17450.0000000,17680.0000000,137393
181119,000000,17692.0000000,17838.0000000,17318.0000000,17358.0000000,235863
191119,000000,17306.0000000,17636.0000000,17212.0000000,17592.0000000,190315
201119,000000,17542.0000000,17646.0000000,17382.0000000,17646.0000000,111145
211119,000000,17634.0000000,17744.0000000,17502.0000000,17658.0000000,126301
221119,000000,17590.0000000,17758.0000000,17414.0000000,17476.0000000,143725
251119,000000,17504.0000000,17568.0000000,17260.0000000,17344.0000000,150013
261119,000000,17356.0000000,17482.0000000,17220.0000000,17240.0000000,294737
271119,000000,17230.0000000,17320.0000000,17106.0000000,17212.0000000,101869
281119,000000,17178.0000000,17270.0000000,16508.0000000,17172.0000000,151160
291119,000000,17106.0000000,17152.0000000,17000.0000000,17046.0000000,107417
021219,000000,17020.0000000,17240.0000000,16910.0000000,17094.0000000,214560
031219,000000,17112.0000000,17460.0000000,17066.0000000,17304.0000000,221952
041219,000000,17304.0000000,17446.0000000,17200.0000000,17246.0000000,120189
051219,000000,17318.0000000,17632.0000000,17262.0000000,17622.0000000,169337
061219,000000,17648.0000000,18048.0000000,17636.0000000,18048.0000000,221216
091219,000000,18064.0000000,18468.0000000,18006.0000000,18420.0000000,201160
101219,000000,18440.0000000,18478.0000000,18024.0000000,18478.0000000,207573
111219,000000,18484.0000000,18712.0000000,18376.0000000,18678.0000000,196298
121219,000000,18720.0000000,19158.0000000,18664.0000000,18928.0000000,272732
131219,000000,18980.0000000,19494.0000000,18940.0000000,19474.0000000,275788
161219,000000,19502.0000000,19978.0000000,19418.0000000,19722.0000000,318964
171219,000000,19750.0000000,19796.0000000,19412.0000000,19504.0000000,289785
181219,000000,19500.0000000,19626.0000000,19222.0000000,19626.0000000,275737
191219,000000,19604.0000000,19850.0000000,19600.0000000,19796.0000000,209531
201219,000000,19808.0000000,19926.0000000,19758.0000000,19776.0000000,157692
231219,000000,19676.0000000,19748.0000000,19490.0000000,19676.0000000,186882
241219,000000,19624.0000000,19680.0000000,19524.0000000,19630.0000000,88564
251219,000000,19678.0000000,19890.0000000,19378.0000000,19890.0000000,113868
261219,000000,19344.0000000,19356.0000000,19106.0000000,19220.0000000,192076
271219,000000,19220.0000000,19350.0000000,19220.0000000,19292.0000000,110556
301219,000000,19324.0000000,19388.0000000,19102.0000000,19102.0000000,124473
030120,000000,19234.0000000,19472.0000000,19140.0000000,19448.0000000,130839
060120,000000,19462.0000000,19620.0000000,19372.0000000,19588.0000000,96604
080120,000000,19584.0000000,19850.0000000,19468.0000000,19850.0000000,139096
090120,000000,19864.0000000,19906.0000000,19642.0000000,19838.0000000,173365
100120,000000,19822.0000000,19906.0000000,19668.0000000,19878.0000000,104679
130120,000000,19920.0000000,20380.0000000,19850.0000000,20362.0000000,234482
140120,000000,20410.0000000,20546.0000000,19918.0000000,20000.0000000,287525
150120,000000,20048.0000000,20458.0000000,20012.0000000,20396.0000000,230275
160120,000000,20500.0000000,20900.0000000,20424.0000000,20900.0000000,207544
170120,000000,20894.0000000,21538.0000000,20838.0000000,21524.0000000,349382
200120,000000,21752.0000000,22100.0000000,21650.0000000,21850.0000000,269883
210120,000000,21750.0000000,21768.0000000,21450.0000000,21450.0000000,179962
220120,000000,21600.0000000,21686.0000000,21176.0000000,21310.0000000,197566
230120,000000,21316.0000000,21622.0000000,21010.0000000,21146.0000000,202590
240120,000000,21206.0000000,21552.0000000,21150.0000000,21188.0000000,154171
270120,000000,20940.0000000,21168.0000000,20820.0000000,21100.0000000,220570
280120,000000,21132.0000000,21416.0000000,21004.0000000,21282.0000000,196857
290120,000000,21364.0000000,21468.0000000,21200.0000000,21230.0000000,190280
300120,000000,21132.0000000,21240.0000000,20870.0000000,20880.0000000,165613
310120,000000,21082.0000000,21186.0000000,20584.0000000,20800.0000000,194915
030220,000000,20718.0000000,20778.0000000,20366.0000000,20410.0000000,224953
040220,000000,20540.0000000,21124.0000000,20540.0000000,20898.0000000,398154
050220,000000,21060.0000000,21400.0000000,20870.0000000,21316.0000000,302601
060220,000000,21514.0000000,21666.0000000,21230.0000000,21240.0000000,211320
070220,000000,21150.0000000,21362.0000000,21054.0000000,21200.0000000,196925
100220,000000,21316.0000000,21456.0000000,21162.0000000,21442.0000000,182111
110220,000000,21558.0000000,21942.0000000,21480.0000000,21910.0000000,186438
120220,000000,21952.0000000,21994.0000000,21754.0000000,21966.0000000,161297
130220,000000,21926.0000000,22000.0000000,21470.0000000,21510.0000000,234784
140220,000000,21552.0000000,21628.0000000,21204.0000000,21530.0000000,150937
170220,000000,21600.0000000,21818.0000000,21562.0000000,21790.0000000,96072
180220,000000,21780.0000000,21946.0000000,21702.0000000,21818.0000000,143754
190220,000000,22132.0000000,22698.0000000,22130.0000000,22520.0000000,310638
200220,000000,22560.0000000,22622.0000000,22180.0000000,22342.0000000,234967
210220,000000,22200.0000000,22434.0000000,22184.0000000,22220.0000000,119264
250220,000000,21712.0000000,22088.0000000,21550.0000000,21554.0000000,274415
260220,000000,21502.0000000,22200.0000000,21322.0000000,21826.0000000,394215
270220,000000,21700.0000000,22028.0000000,21160.0000000,21238.0000000,343654
280220,000000,20708.0000000,21118.0000000,19960.0000000,20250.0000000,639304
020320,000000,20648.0000000,20994.0000000,19660.0000000,20160.0000000,525581
030320,000000,20562.0000000,20940.0000000,20300.0000000,20714.0000000,363017
040320,000000,20654.0000000,20898.0000000,20502.0000000,20756.0000000,242393
050320,000000,20880.0000000,20998.0000000,20524.0000000,20780.0000000,257197
060320,000000,20476.0000000,21886.0000000,19714.0000000,21762.0000000,811875
100320,000000,21098.0000000,23656.0000000,20500.0000000,21230.0000000,896539
110320,000000,21710.0000000,22474.0000000,20066.0000000,20238.0000000,596686
120320,000000,19770.0000000,20000.0000000,17776.0000000,18500.0000000,849376
130320,000000,18192.0000000,19588.0000000,17652.0000000,18038.0000000,775711
160320,000000,18218.0000000,18218.0000000,16014.0000000,17090.0000000,703694
170320,000000,16854.0000000,17418.0000000,16224.0000000,17180.0000000,615532
180320,000000,16870.0000000,16916.0000000,15500.0000000,15500.0000000,589293
190320,000000,15604.0000000,16298.0000000,14200.0000000,16252.0000000,787104
200320,000000,16836.0000000,17732.0000000,16312.0000000,16358.0000000,714753
230320,000000,15750.0000000,16580.0000000,15278.0000000,16240.0000000,450036
240320,000000,17102.0000000,19984.0000000,17100.0000000,19028.0000000,1220944
250320,000000,19628.0000000,20350.0000000,18522.0000000,19930.0000000,864211
260320,000000,20240.0000000,20254.0000000,19000.0000000,20100.0000000,494969
270320,000000,20090.0000000,20274.0000000,19020.0000000,19306.0000000,458369
300320,000000,19088.0000000,19520.0000000,18796.0000000,19462.0000000,286392
310320,000000,19788.0000000,19900.0000000,19162.0000000,19518.0000000,429848
010420,000000,19124.0000000,19244.0000000,18830.0000000,18952.0000000,272721
020420,000000,19420.0000000,19492.0000000,18566.0000000,18998.0000000,464881
030420,000000,18900.0000000,19260.0000000,18756.0000000,19032.0000000,246436
060420,000000,19208.0000000,19590.0000000,19080.0000000,19590.0000000,247875
070420,000000,19830.0000000,20132.0000000,19616.0000000,19780.0000000,377870
080420,000000,19600.0000000,20164.0000000,19504.0000000,20164.0000000,299485
090420,000000,20352.0000000,21254.0000000,20284.0000000,21138.0000000,353351
100420,000000,20998.0000000,20998.0000000,20530.0000000,20650.0000000,136469
130420,000000,20660.0000000,20898.0000000,19980.0000000,20100.0000000,188498
140420,000000,20316.0000000,20872.0000000,20246.0000000,20702.0000000,261637
150420,000000,20600.0000000,20732.0000000,19380.0000000,19646.0000000,341868
160420,000000,19800.0000000,20034.0000000,19300.0000000,19520.0000000,348084
170420,000000,19902.0000000,19936.0000000,19606.0000000,19718.0000000,199003
200420,000000,19740.0000000,20112.0000000,19608.0000000,20036.0000000,151219
210420,000000,19740.0000000,19924.0000000,18520.0000000,19240.0000000,426217
220420,000000,18996.0000000,19790.0000000,18938.0000000,19614.0000000,311699
230420,000000,19800.0000000,20486.0000000,19516.0000000,20216.0000000,316382
240420,000000,20080.0000000,20520.0000000,19870.0000000,20150.0000000,272105
270420,000000,20282.0000000,20470.0000000,19912.0000000,20034.0000000,192575
280420,000000,20064.0000000,20330.0000000,19874.0000000,20054.0000000,259049
290420,000000,20152.0000000,20848.0000000,20030.0000000,20596.0000000,234468
300420,000000,20724.0000000,20876.0000000,20306.0000000,20478.0000000,227509
040520,000000,20244.0000000,20292.0000000,19866.0000000,20126.0000000,192362
050520,000000,20302.0000000,20452.0000000,19958.0000000,20034.0000000,145156
060520,000000,20128.0000000,20334.0000000,19920.0000000,19940.0000000,206889
070520,000000,19986.0000000,20324.0000000,19962.0000000,20224.0000000,251832
080520,000000,20320.0000000,20370.0000000,20130.0000000,20144.0000000,128435
120520,000000,20358.0000000,21126.0000000,20276.0000000,21016.0000000,414602
130520,000000,20912.0000000,20974.0000000,20650.0000000,20762.0000000,228415
140520,000000,20680.0000000,20862.0000000,20000.0000000,20104.0000000,285755
150520,000000,20340.0000000,20754.0000000,20206.0000000,20206.0000000,238573
180520,000000,20624.0000000,21500.0000000,20550.0000000,21474.0000000,352172
190520,000000,21552.0000000,21970.0000000,21360.0000000,21920.0000000,348898
200520,000000,21922.0000000,23158.0000000,21802.0000000,22952.0000000,419320
210520,000000,22952.0000000,23150.0000000,22452.0000000,22536.0000000,373130
220520,000000,21788.0000000,22388.0000000,21524.0000000,22002.0000000,342748
250520,000000,22000.0000000,22418.0000000,21786.0000000,22394.0000000,186802
260520,000000,22620.0000000,22840.0000000,22034.0000000,22118.0000000,224726
270520,000000,22078.0000000,22680.0000000,21724.0000000,22110.0000000,313578
280520,000000,22252.0000000,22614.0000000,22188.0000000,22544.0000000,243410
290520,000000,22476.0000000,22478.0000000,22012.0000000,22110.0000000,333057
010620,000000,22378.0000000,22412.0000000,21826.0000000,22026.0000000,234756
020620,000000,22120.0000000,22360.0000000,21912.0000000,22220.0000000,292985
030620,000000,22366.0000000,22394.0000000,21700.0000000,21824.0000000,376577
040620,000000,21566.0000000,21614.0000000,19738.0000000,20000.0000000,1703240
050620,000000,20110.0000000,20816.0000000,19950.0000000,20400.0000000,1203686
080620,000000,20510.0000000,20844.0000000,20150.0000000,20502.0000000,497838
090620,000000,20530.0000000,20642.0000000,20102.0000000,20248.0000000,283720
100620,000000,20320.0000000,20360.0000000,19870.0000000,20240.0000000,416427
110620,000000,19948.0000000,20000.0000000,19134.0000000,19482.0000000,816031
150620,000000,19188.0000000,19188.0000000,18712.0000000,19058.0000000,466536
160620,000000,19370.0000000,19912.0000000,19300.0000000,19472.0000000,443108
170620,000000,19516.0000000,19632.0000000,19174.0000000,19256.0000000,285680
180620,000000,19256.0000000,19256.0000000,18780.0000000,18926.0000000,370906
190620,000000,19036.0000000,19414.0000000,18920.0000000,19004.0000000,392896
220620,000000,18980.0000000,19150.0000000,18644.0000000,19122.0000000,245040
230620,000000,19016.0000000,19750.0000000,19016.0000000,19636.0000000,368176
250620,000000,19402.0000000,19892.0000000,19234.0000000,19850.0000000,350480
260620,000000,19898.0000000,20142.0000000,19546.0000000,19678.0000000,271995
290620,000000,19598.0000000,19598.0000000,18986.0000000,19196.0000000,450103
300620,000000,19194.0000000,19238.0000000,18650.0000000,18784.0000000,454507
020720,000000,18726.0000000,18898.0000000,18530.0000000,18754.0000000,368746
030720,000000,18750.0000000,19118.0000000,18726.0000000,19000.0000000,238430
060720,000000,19204.0000000,19378.0000000,17896.0000000,18260.0000000,872044
070720,000000,17950.0000000,18710.0000000,17926.0000000,18574.0000000,525455
080720,000000,18622.0000000,19036.0000000,18570.0000000,18970.0000000,350829
090720,000000,19004.0000000,19078.0000000,18422.0000000,18596.0000000,417266
100720,000000,18472.0000000,18712.0000000,18402.0000000,18550.0000000,234086
130720,000000,18446.0000000,18522.0000000,17902.0000000,17946.0000000,506663
140720,000000,17874.0000000,17890.0000000,17350.0000000,17826.0000000,543886
150720,000000,17862.0000000,18194.0000000,17692.0000000,17978.0000000,344038
160720,000000,17838.0000000,18222.0000000,17728.0000000,18112.0000000,254865
170720,000000,18102.0000000,18378.0000000,18102.0000000,18350.0000000,196006
200720,000000,18344.0000000,18464.0000000,18142.0000000,18394.0000000,227889
210720,000000,18430.0000000,18686.0000000,18320.0000000,18380.0000000,358149
220720,000000,18400.0000000,18400.0000000,18078.0000000,18234.0000000,283528
230720,000000,18296.0000000,18978.0000000,18236.0000000,18724.0000000,468926
240720,000000,18708.0000000,19094.0000000,18488.0000000,19060.0000000,360500
