230118,000000,204.4500000,206.3400000,204.2000000,204.9900000,470342
240118,000000,204.9000000,207.0500000,204.5600000,206.3000000,524774
250118,000000,206.2200000,207.0000000,203.9100000,205.3800000,461044
260118,000000,205.4000000,207.2900000,204.4400000,207.1900000,335844
270118,000000,207.0000000,207.0000000,207.0000000,207.0000000,50
290118,000000,207.2000000,207.5600000,204.7900000,204.8700000,341410
300118,000000,204.8700000,204.9300000,191.6000000,201.8800000,864425
310118,000000,201.9400000,205.0400000,200.2400000,200.9100000,583123
010218,000000,200.9600000,202.2300000,198.4200000,199.8900000,524074
020218,000000,199.6600000,200.0000000,193.4800000,193.8500000,715997
030218,000000,193.8800000,194.2700000,193.7700000,193.9000000,674
050218,000000,190.5000000,194.3100000,180.3600000,183.1000000,1623411
060218,000000,183.2200000,191.9300000,175.5200000,191.1600000,1652586
070218,000000,191.5000000,194.5600000,189.7800000,191.3000000,757946
080218,000000,191.4800000,193.0000000,180.9400000,181.1900000,895630
090218,000000,181.4500000,185.8400000,175.7900000,184.0200000,1303741
100218,000000,184.1200000,184.8600000,184.0000000,184.0600000,90
120218,000000,186.1600000,187.0900000,183.4300000,184.1300000,792221
130218,000000,184.0600000,184.6500000,180.9500000,183.7100000,480358
140218,000000,183.5400000,184.8500000,181.2100000,181.5200000,11629
150218,000000,186.2800000,187.0500000,183.2800000,185.2300000,642866
160218,000000,184.9600000,187.9700000,184.3300000,186.7800000,863795
170218,000000,187.4000000,188.6800000,186.7500000,187.9700000,5736
200218,000000,187.7400000,195.0000000,186.3200000,186.7000000,981357
210218,000000,186.6900000,187.9900000,182.8800000,183.1100000,847543
220218,000000,182.9300000,186.2000000,182.3000000,185.4100000,599814
230218,000000,185.4300000,188.4000000,185.0000000,188.3700000,578536
240218,000000,188.0500000,188.3500000,188.0500000,188.2400000,353
260218,000000,189.0000000,189.7700000,187.8800000,188.4200000,501454
270218,000000,188.5000000,189.1900000,184.9600000,184.9600000,633126
280218,000000,184.8800000,186.6200000,182.2900000,182.2900000,779192
010318,000000,182.4000000,184.3600000,178.2600000,179.6100000,822695
020318,000000,179.8900000,180.1400000,178.2200000,178.8000000,78
050318,000000,178.3900000,182.2600000,177.9900000,181.8000000,747002
060318,000000,181.7900000,183.2500000,179.5500000,181.6700000,615316
070318,000000,181.6700000,181.6700000,176.8200000,178.5700000,542253
080318,000000,178.7500000,179.9500000,176.7500000,177.9900000,475682
090318,000000,177.8500000,182.2400000,177.6300000,182.1100000,567631
100318,000000,182.1000000,182.1000000,181.6500000,182.0400000,92
120318,000000,184.0600000,184.0600000,179.5500000,179.7500000,493186
130318,000000,180.2400000,180.9000000,177.8600000,178.3800000,505509
140318,000000,178.4000000,179.5000000,175.8800000,177.3400000,479699
150318,000000,177.0000000,179.8400000,176.7200000,178.2800000,386880
160318,000000,177.2600000,180.3900000,177.2600000,178.0000000,374161
170318,000000,178.8400000,178.8400000,178.8400000,178.8400000,100
190318,000000,178.1300000,179.3100000,176.0100000,177.1100000,715369
200318,000000,177.5400000,178.8900000,177.1600000,178.7800000,387272
210318,000000,178.0000000,180.1400000,177.6800000,178.0300000,335058
220318,000000,178.3000000,179.6400000,175.1000000,175.3000000,459868
230318,000000,175.4000000,177.5000000,171.5700000,172.0800000,563169
240318,000000,172.3500000,172.8900000,172.1200000,172.8700000,348
260318,000000,174.7800000,176.8000000,173.5000000,176.0000000,455136
270318,000000,176.4800000,178.7300000,173.6600000,175.0000000,484087
280318,000000,174.7000000,177.4900000,173.3600000,174.8500000,431457
290318,000000,174.8000000,178.6300000,174.7700000,178.2100000,575516
300318,000000,178.2200000,178.4500000,178.2100000,178.4400000,362
020418,000000,177.8100000,177.8100000,170.4400000,172.9000000,722979
030418,000000,173.0400000,174.9300000,172.4300000,173.7300000,674612
040418,000000,171.2500000,177.8300000,170.5000000,176.6200000,644537
050418,000000,177.4600000,180.0400000,177.3500000,179.0000000,497024
060418,000000,178.0100000,178.5600000,173.3400000,174.3100000,539651
070418,000000,174.3500000,174.3500000,174.3500000,174.3500000,146
090418,000000,176.0000000,176.0000000,172.3900000,172.6600000,634577
100418,000000,172.7500000,174.4200000,172.2100000,173.4700000,639713
110418,000000,173.1000000,175.0600000,171.8500000,172.7000000,452682
120418,000000,172.8500000,174.2400000,172.6100000,173.4500000,357095
130418,000000,172.8600000,175.4600000,172.2400000,173.0400000,457046
160418,000000,175.6100000,175.6200000,173.4000000,174.4300000,452757
170418,000000,174.6700000,176.2300000,174.1000000,174.9000000,306911
180418,000000,174.9000000,180.2400000,174.0700000,179.6200000,1047816
190418,000000,179.9000000,180.4500000,175.7700000,177.6700000,440485
200418,000000,177.3500000,178.8900000,176.3300000,176.8000000,462727
230418,000000,177.5900000,178.5200000,176.1200000,178.5100000,350947
240418,000000,178.0500000,180.0000000,175.0500000,176.2600000,564848
250418,000000,175.5000000,178.0700000,174.5600000,177.2300000,726539
260418,000000,178.4500000,185.9200000,178.1200000,185.7200000,1077302
270418,000000,185.9500000,187.0200000,183.8900000,185.9700000,462012
300418,000000,186.9100000,187.8000000,184.8400000,184.9100000,396977
010518,000000,184.7000000,184.7500000,181.4500000,184.6200000,367439
020518,000000,184.0000000,187.1200000,183.7500000,185.9500000,404529
030518,000000,187.8600000,187.8600000,181.2400000,183.3300000,436857
040518,000000,183.5500000,186.3400000,181.8400000,184.9000000,441461
070518,000000,185.9800000,185.9800000,182.6800000,183.5400000,493774
080518,000000,182.7500000,185.2900000,182.5000000,185.1000000,374089
090518,000000,185.4900000,186.5000000,183.6100000,186.3400000,343964
100518,000000,187.0500000,187.9700000,185.8900000,187.0000000,266040
110518,000000,187.3300000,190.7800000,187.2000000,190.2900000,564764
120518,000000,190.3100000,190.3100000,190.3100000,190.3100000,60
140518,000000,191.2900000,191.8500000,189.8800000,191.3100000,680619
150518,000000,191.3000000,191.3000000,184.0000000,187.9000000,1011835
160518,000000,187.8200000,189.2800000,185.9200000,186.2000000,563292
170518,000000,186.4000000,187.1800000,184.8800000,185.2800000,488281
180518,000000,185.3300000,188.2100000,184.8900000,187.4500000,460964
190518,000000,187.4000000,187.4000000,187.4000000,187.4000000,1073
210518,000000,188.5500000,190.6600000,188.0000000,189.7700000,488753
220518,000000,190.0600000,190.7700000,186.5200000,186.8300000,670413
230518,000000,186.9000000,187.7500000,184.9700000,186.8700000,739036
240518,000000,186.3700000,187.4100000,184.6800000,187.0600000,744872
250518,000000,186.4700000,187.8000000,186.0500000,186.7900000,498853
290518,000000,185.6600000,186.7900000,184.2700000,185.3000000,818169
300518,000000,185.2000000,187.7900000,184.2700000,187.1100000,728469
310518,000000,187.1600000,187.3600000,185.2600000,186.8100000,394107
010618,000000,187.0600000,188.8100000,186.5800000,187.3000000,388854
040618,000000,188.6000000,191.6000000,187.7500000,191.3500000,354586
050618,000000,191.3500000,192.3700000,189.7200000,191.5600000,423498
060618,000000,193.2200000,193.5800000,191.2200000,193.4000000,346012
070618,000000,194.0100000,197.2000000,193.2400000,196.0300000,463921
080618,000000,195.0000000,198.9000000,195.0000000,198.2700000,459852
090618,000000,198.7500000,199.0000000,198.7400000,199.0000000,365
110618,000000,200.2000000,200.5000000,198.2400000,199.6100000,429528
120618,000000,199.6000000,201.3400000,199.5200000,201.3200000,556602
130618,000000,200.9100000,201.6100000,199.6600000,200.0000000,576535
140618,000000,200.5200000,200.8000000,198.1900000,199.6900000,557409
150618,000000,199.3400000,201.5600000,198.5000000,200.5500000,539731
180618,000000,200.0000000,200.9000000,198.1100000,200.7000000,324767
190618,000000,198.0000000,199.8700000,198.0000000,199.2000000,662068
200618,000000,199.9900000,200.4200000,198.1600000,199.1400000,453716
210618,000000,198.8800000,200.9400000,198.6400000,200.3400000,480507
220618,000000,200.8000000,201.2000000,197.1800000,198.0200000,664910
230618,000000,198.4500000,198.5000000,198.2200000,198.2200000,955
250618,000000,196.3800000,197.7900000,195.0800000,196.3600000,756746
260618,000000,196.4600000,198.5000000,195.6200000,198.5000000,440831
270618,000000,196.8500000,197.9800000,195.0300000,195.1900000,480357
280618,000000,194.9700000,196.0100000,194.1600000,195.2200000,399245
290618,000000,197.2200000,198.8300000,195.0000000,195.0000000,558302
300618,000000,195.1400000,195.1400000,195.1400000,195.1400000,96
020718,000000,195.0900000,195.0900000,192.1200000,194.0100000,413691
030718,000000,194.6000000,195.5000000,193.4100000,193.8200000,232174
050718,000000,193.9400000,194.7300000,193.1400000,194.4200000,333857
060718,000000,194.5800000,195.3500000,192.9600000,194.8000000,356684
090718,000000,195.8300000,196.6900000,195.0400000,196.1100000,346421
100718,000000,196.8300000,197.7600000,196.5100000,197.0000000,390574
110718,000000,197.4500000,197.7500000,196.0000000,196.9000000,438561
120718,000000,197.8600000,198.4800000,197.0000000,197.9500000,407623
130718,000000,197.3700000,199.9300000,197.3700000,198.6000000,334251
160718,000000,199.1000000,199.2200000,197.9500000,198.7900000,270970
170718,000000,198.6500000,201.4300000,198.6300000,200.7000000,254747
180718,000000,201.3700000,201.9200000,200.2000000,200.9800000,403499
190718,000000,201.3900000,203.2300000,200.6300000,202.6300000,463605
200718,000000,203.5700000,203.7400000,201.7900000,202.4000000,429125
230718,000000,202.5900000,203.3700000,201.9100000,202.2300000,307244
240718,000000,203.0000000,204.2400000,201.3500000,201.9400000,618257
250718,000000,203.0900000,203.0900000,199.0800000,200.0000000,543465
260718,000000,200.5100000,202.1200000,198.9300000,199.4100000,506923
270718,000000,200.1900000,200.4500000,196.6900000,197.1100000,547772
300718,000000,197.3400000,197.5600000,196.3900000,197.2800000,308375
310718,000000,199.0900000,199.0900000,196.9700000,197.6100000,303748
010818,000000,197.2900000,197.7500000,195.7500000,196.2700000,424317
020818,000000,195.4900000,195.8400000,193.5900000,195.6600000,552831
030818,000000,194.8300000,196.4000000,194.8300000,195.5300000,301715
060818,000000,196.1800000,196.1800000,194.9400000,195.6700000,300603
070818,000000,196.5000000,197.2000000,195.6400000,197.0700000,380886
080818,000000,196.7400000,198.9100000,196.7400000,198.0200000,334605
090818,000000,198.3500000,199.7300000,197.3700000,197.8400000,365777
100818,000000,197.8500000,197.8800000,195.6400000,196.3100000,387218
110818,000000,196.6000000,196.6000000,196.3500000,196.3500000,450
130818,000000,195.9100000,197.5600000,193.9000000,194.4600000,579536
140818,000000,194.2500000,201.3800000,191.3100000,193.0800000,1484942
150818,000000,193.1400000,194.1800000,191.0900000,194.0000000,988027
160818,000000,194.0000000,196.0900000,193.7600000,195.4000000,644231
170818,000000,195.2700000,195.9700000,194.8200000,195.7500000,547303
180818,000000,195.7000000,195.7000000,195.7000000,195.7000000,200
200818,000000,196.0000000,198.4300000,194.8700000,198.0500000,447258
210818,000000,197.7300000,200.7300000,197.7300000,200.2000000,574268
220818,000000,199.5000000,203.5500000,198.5100000,198.9800000,729746
230818,000000,199.0000000,201.3500000,199.0000000,200.1700000,381578
240818,000000,200.3500000,202.4900000,200.0400000,201.4300000,323483
270818,000000,203.0500000,203.0500000,201.2000000,201.9600000,284076
280818,000000,202.5900000,202.5900000,200.6400000,201.9900000,370989
290818,000000,202.3600000,202.3800000,200.5500000,201.6900000,263072
300818,000000,201.6300000,201.6300000,199.1100000,199.2700000,314920
310818,000000,199.2200000,200.9100000,198.9700000,200.7900000,288782
040918,000000,201.7500000,205.9100000,199.5100000,205.2000000,566791
050918,000000,206.4200000,206.7000000,203.1400000,203.7400000,479519
060918,000000,205.0400000,207.0900000,203.8400000,205.8900000,452927
070918,000000,206.3000000,207.2100000,205.3900000,206.2300000,420130
100918,000000,206.9000000,211.6100000,206.9000000,210.7000000,836126
110918,000000,211.1000000,214.6600000,210.2600000,214.5800000,564954
120918,000000,214.5500000,215.6500000,210.9100000,212.0000000,757740
130918,000000,212.0500000,213.3800000,208.7200000,209.5000000,663951
140918,000000,209.2500000,210.6700000,207.5500000,208.6000000,581319
170918,000000,210.5600000,210.5600000,208.2600000,208.5900000,537350
180918,000000,208.5900000,211.7200000,207.8400000,211.6900000,476245
190918,000000,211.4200000,212.6600000,210.6800000,211.7100000,395918
200918,000000,212.0000000,213.0100000,211.0000000,211.0000000,705934
210918,000000,211.1000000,212.9000000,210.5200000,212.1500000,618754
240918,000000,212.9000000,213.5500000,207.9600000,207.9600000,534882
250918,000000,208.8900000,209.2800000,206.8200000,207.4500000,488692
260918,000000,207.1500000,209.1200000,207.1500000,207.5500000,367044
270918,000000,208.6700000,208.8900000,205.7500000,206.5900000,345242
280918,000000,207.5500000,208.8500000,206.0400000,207.1500000,337254
290918,000000,207.4100000,207.4100000,207.4100000,207.4100000,1
011018,000000,208.0000000,209.7900000,207.3500000,207.9200000,365434
021018,000000,207.9200000,208.1800000,204.6800000,205.0400000,468179
031018,000000,206.4700000,206.4800000,203.5800000,203.6500000,458213
041018,000000,203.6500000,203.9500000,198.2700000,199.3500000,1140465
051018,000000,199.2300000,200.0000000,194.5500000,196.3700000,691545
081018,000000,195.9700000,198.6700000,195.1300000,198.4900000,443725
091018,000000,198.2500000,199.1100000,195.5000000,195.7500000,590954
101018,000000,196.9800000,199.2000000,193.3300000,194.0300000,776940
111018,000000,194.1000000,196.6800000,188.4600000,191.4800000,734810
121018,000000,191.4800000,193.6000000,190.1600000,192.5000000,562212
131018,000000,192.6900000,192.7000000,192.6900000,192.7000000,201
151018,000000,192.5300000,193.2200000,190.8400000,191.3800000,396622
161018,000000,192.3700000,194.0900000,190.7000000,194.0100000,619199
171018,000000,193.4100000,193.4100000,183.9800000,185.7700000,1208985
181018,000000,185.7500000,186.8900000,179.5200000,180.4400000,1198023
191018,000000,180.6400000,182.0400000,178.6000000,179.7000000,1029248
201018,000000,179.7000000,179.8500000,179.7000000,179.8500000,265
221018,000000,180.8900000,181.4000000,177.5600000,178.7500000,821187
231018,000000,178.6000000,179.4900000,175.2500000,178.7000000,1100938
241018,000000,178.7000000,182.3200000,176.3100000,177.0300000,972383
251018,000000,178.3900000,180.5000000,176.9500000,177.5500000,838005
261018,000000,177.5100000,177.5900000,170.9200000,172.0400000,1439151
271018,000000,172.5500000,172.5500000,172.0200000,172.5400000,201
291018,000000,172.5700000,175.9900000,171.0000000,173.3000000,846275
301018,000000,173.2000000,176.8900000,172.0000000,176.8900000,954426
311018,000000,176.1000000,178.8500000,175.6000000,175.8200000,640748
011118,000000,176.8500000,180.8600000,175.8900000,180.7800000,668057
021118,000000,180.0000000,183.0000000,177.3900000,179.8700000,709903
031118,000000,179.6200000,179.6200000,179.6200000,179.6200000,500
051118,000000,180.1200000,182.4200000,179.3700000,182.1600000,627778
061118,000000,182.4000000,182.8000000,180.0700000,181.9800000,506880
071118,000000,182.0000000,187.6800000,182.0000000,187.2100000,726175
081118,000000,187.2100000,188.7500000,185.8000000,188.0000000,637468
091118,000000,187.9500000,189.0400000,184.9600000,186.0500000,935975
101118,000000,186.2300000,186.2300000,186.2300000,186.2300000,54
121118,000000,187.0000000,187.0000000,179.0500000,179.4600000,1170037
131118,000000,179.4300000,185.2000000,172.8500000,179.0000000,2094146
141118,000000,179.0000000,182.9200000,179.0000000,179.9100000,823209
151118,000000,179.7600000,181.0900000,173.6400000,177.3200000,1274029
161118,000000,177.4200000,177.7600000,173.5500000,177.1100000,1034710
171118,000000,177.0200000,177.4500000,177.0000000,177.0200000,1135
191118,000000,177.2500000,178.8400000,172.3000000,173.5700000,972506
201118,000000,173.5600000,173.5900000,167.0000000,169.1200000,1088079
211118,000000,169.4400000,172.1700000,169.0000000,169.3200000,840179
221118,000000,169.3400000,169.3400000,169.2900000,169.2900000,665
231118,000000,169.5600000,170.3300000,168.1600000,168.9500000,503847
241118,000000,168.5100000,168.8500000,168.5100000,168.8500000,285
261118,000000,170.5300000,172.6900000,168.8700000,169.8600000,853016
271118,000000,170.0400000,173.3800000,168.8300000,173.2100000,1602700
281118,000000,173.3300000,177.6400000,170.6300000,177.4400000,1478652
291118,000000,177.1000000,177.9700000,174.9400000,175.7000000,1061863
301118,000000,175.6000000,180.3700000,175.0300000,180.0400000,699119
011218,000000,179.1900000,180.2500000,179.1900000,180.2500000,1086
031218,000000,183.0100000,183.6600000,179.3500000,181.8100000,1254497
041218,000000,181.7000000,182.2200000,174.5700000,175.5600000,833599
051218,000000,177.3700000,177.3700000,175.2400000,175.2400000,155
061218,000000,173.6300000,176.0400000,170.5000000,175.9600000,890794
071218,000000,175.9800000,178.3600000,172.2600000,172.7900000,751137
081218,000000,172.7700000,173.0000000,172.7700000,172.7900000,228
101218,000000,172.6000000,173.9100000,167.7300000,171.7100000,766683
111218,000000,171.8900000,175.5100000,171.2100000,172.2000000,709854
121218,000000,173.9600000,176.8800000,172.8000000,174.2600000,780028
131218,000000,175.4700000,175.4700000,172.0800000,174.0600000,601414
141218,000000,173.8700000,175.1400000,171.9500000,172.3300000,541431
151218,000000,172.2900000,172.2900000,172.2900000,172.2900000,10
171218,000000,172.2200000,172.8000000,166.9300000,168.0800000,605346
181218,000000,168.0800000,171.9500000,167.9300000,170.0600000,460886
191218,000000,170.0600000,174.9200000,166.7400000,167.6600000,923224
201218,000000,166.0200000,167.9900000,162.2400000,164.2200000,885297
211218,000000,164.1200000,167.9700000,160.2000000,160.3200000,893931
221218,000000,160.3300000,160.3300000,160.3100000,160.3100000,415
241218,000000,160.3000000,161.4000000,157.3300000,157.9500000,677663
251218,000000,157.4300000,157.4300000,157.4300000,157.4300000,102
261218,000000,158.2900000,168.2700000,158.2900000,168.2700000,1004048
271218,000000,169.8000000,170.3300000,163.3600000,170.3300000,845799
281218,000000,170.4600000,173.1300000,168.0000000,170.1500000,850029
291218,000000,170.1400000,170.1400000,170.1400000,170.1400000,200
311218,000000,172.7700000,173.2300000,170.6300000,171.8500000,653777
010119,000000,172.0900000,172.0900000,171.7000000,171.7400000,649
020119,000000,170.9000000,173.1400000,169.0900000,172.3800000,618229
030119,000000,170.1800000,172.1500000,168.2100000,168.5400000,919537
040119,000000,168.9100000,174.7300000,168.9100000,173.5800000,691077
050119,000000,173.3000000,173.7300000,173.3000000,173.7300000,143
070119,000000,173.7500000,178.1700000,173.5000000,176.9600000,727023
080119,000000,178.3000000,179.5900000,175.6500000,177.9400000,908359
090119,000000,178.3200000,181.2800000,177.1200000,179.7300000,903216
100119,000000,179.2700000,179.2700000,176.3900000,179.0700000,551761
110119,000000,179.2300000,180.2600000,177.1500000,179.4100000,518266
140119,000000,179.0200000,179.2300000,176.9100000,178.7700000,487163
150119,000000,178.0000000,180.2500000,175.2100000,176.3700000,583335
160119,000000,176.6100000,177.9200000,175.9000000,176.9800000,816792
170119,000000,175.0200000,175.4600000,172.0000000,174.8300000,1075948
180119,000000,175.0100000,180.0400000,175.0100000,179.5900000,977103
190119,000000,179.8500000,179.8500000,179.8500000,179.8500000,200
220119,000000,178.9300000,178.9600000,175.3800000,177.1800000,495989
230119,000000,177.0200000,178.1600000,174.5300000,176.8900000,461422
240119,000000,177.7300000,177.7300000,175.3200000,177.3200000,307942
250119,000000,177.8500000,180.8500000,176.3600000,180.4000000,932983
260119,000000,180.5200000,180.5200000,180.5200000,180.5200000,55
280119,000000,179.2100000,180.3400000,177.4100000,179.7700000,453429
290119,000000,179.6700000,180.1500000,178.1100000,179.6800000,450811
300119,000000,178.3400000,184.2000000,178.3400000,182.1800000,595174
310119,000000,182.1800000,184.6700000,181.1500000,183.5600000,491355
010219,000000,183.4400000,184.8300000,183.2100000,184.1200000,1316
020219,000000,184.2300000,184.2300000,183.2500000,183.8600000,231
040219,000000,183.5000000,185.9700000,183.5000000,185.9400000,36
050219,000000,185.0600000,185.8500000,185.0600000,185.7900000,14
060219,000000,185.2200000,186.3200000,184.5100000,184.5100000,16
070219,000000,183.4000000,183.4900000,182.6700000,182.6700000,9
080219,000000,182.6700000,184.2300000,182.6700000,183.7900000,9
110219,000000,184.6900000,184.7500000,182.8200000,182.8200000,36
120219,000000,184.4500000,186.0400000,184.0900000,185.4800000,97
130219,000000,186.6800000,188.6800000,185.8900000,188.3800000,634768
140219,000000,187.6600000,190.2100000,186.0800000,187.6600000,382202
150219,000000,187.4000000,192.6400000,186.1500000,192.4500000,471740
160219,000000,192.4100000,192.4100000,192.4000000,192.4000000,700
190219,000000,192.6000000,193.1700000,191.0600000,192.3300000,593427
200219,000000,192.4400000,192.4400000,191.1200000,191.8300000,426481
210219,000000,191.7500000,192.7900000,190.5900000,191.7800000,418592
220219,000000,191.6800000,192.5000000,191.6100000,192.3800000,586322
230219,000000,192.3000000,192.3000000,192.3000000,192.3000000,5
250219,000000,193.7200000,193.8400000,189.9800000,189.9800000,944320
260219,000000,190.0900000,190.3900000,182.8000000,188.2800000,1939626
270219,000000,188.0200000,188.5500000,183.2200000,183.6600000,1081702
280219,000000,183.6300000,185.1800000,182.8800000,185.1100000,808673
010319,000000,184.1400000,186.7700000,182.8800000,185.2000000,830639
020319,000000,184.5100000,184.5100000,184.5100000,184.5100000,25
040319,000000,186.5800000,186.5800000,182.1100000,183.8500000,653677
050319,000000,183.8000000,185.1100000,183.2800000,183.9900000,541122
060319,000000,184.4100000,184.9600000,183.7500000,184.5100000,773498
070319,000000,184.4000000,184.9500000,181.5800000,182.4900000,689120
080319,000000,181.4600000,182.4400000,179.5100000,181.2800000,630943
110319,000000,181.2800000,183.1800000,180.9700000,182.6000000,585648
120319,000000,183.8000000,184.2700000,181.9700000,184.1200000,520849
130319,000000,183.3800000,183.7700000,181.0900000,181.2200000,604604
140319,000000,181.6400000,181.7400000,180.5000000,181.5500000,657478
150319,000000,181.5500000,182.4700000,179.6100000,182.1000000,921983
160319,000000,182.2000000,182.2300000,182.2000000,182.2300000,26
180319,000000,182.7000000,183.4800000,181.7000000,183.0300000,626436
190319,000000,184.0000000,185.8100000,183.4600000,183.6700000,545080
200319,000000,184.5900000,187.1100000,183.4400000,186.5000000,552598
210319,000000,184.7900000,189.9900000,184.7900000,189.9800000,612842
220319,000000,188.3100000,192.0400000,188.3100000,189.0600000,788832
230319,000000,188.8500000,188.8700000,188.8000000,188.8700000,59
250319,000000,189.0300000,191.7100000,188.5200000,190.0000000,778316
260319,000000,190.9000000,192.1700000,188.7700000,189.0000000,487481
270319,000000,189.9400000,191.6000000,188.3900000,189.2800000,628339
280319,000000,189.5700000,191.3900000,189.1600000,190.0000000,535557
290319,000000,190.9900000,192.0300000,189.5700000,191.8600000,544267
300319,000000,192.0000000,192.0000000,192.0000000,192.0000000,100
010419,000000,192.6600000,195.8800000,192.4100000,195.7100000,727271
020419,000000,195.0100000,195.9700000,194.0200000,194.3700000,360811
030419,000000,195.3600000,198.7800000,194.1900000,198.6500000,612769
040419,000000,198.8900000,200.4800000,198.0800000,200.1500000,379327
050419,000000,200.9900000,203.1200000,200.6000000,202.0800000,446184
060419,000000,202.0900000,202.0900000,202.0900000,202.0900000,1
080419,000000,201.8800000,203.7700000,201.3500000,203.5900000,361147
090419,000000,203.5500000,203.5500000,200.4800000,200.8700000,452587
100419,000000,200.8800000,201.7300000,198.0300000,199.4700000,586298
110419,000000,199.3500000,201.5000000,199.0400000,201.1100000,395627
120419,000000,201.7300000,204.2600000,201.7300000,203.8000000,399873
150419,000000,203.1000000,205.1000000,203.1000000,204.8600000,314298
160419,000000,205.3300000,206.0100000,204.1500000,204.1500000,350243
170419,000000,203.7600000,206.8400000,203.7600000,206.5800000,399622
180419,000000,206.9400000,207.7900000,205.1300000,205.7100000,345732
190419,000000,205.3500000,205.4100000,205.3500000,205.4100000,88
220419,000000,206.2800000,206.2900000,204.0000000,204.7500000,331926
230419,000000,204.9000000,207.3000000,203.5000000,206.9000000,416697
240419,000000,206.0500000,208.2700000,205.5800000,206.3100000,314777
250419,000000,206.6900000,207.7300000,205.1700000,206.3000000,378647
260419,000000,206.4900000,206.9400000,203.3400000,203.6000000,448451
290419,000000,203.5700000,203.8000000,200.3600000,202.1800000,441269
300419,000000,202.1600000,203.7500000,200.7700000,203.4000000,391957
010519,000000,203.1000000,203.7000000,198.3000000,198.3000000,532413
020519,000000,198.7500000,201.0600000,197.4000000,201.0000000,346367
030519,000000,200.7400000,202.8000000,200.3300000,200.4500000,343842
060519,000000,200.2900000,200.2900000,196.5300000,199.4800000,344004
070519,000000,198.6500000,199.6300000,192.9700000,194.7700000,611398
080519,000000,195.0100000,196.6200000,193.7000000,195.1500000,377828
090519,000000,195.9700000,195.9700000,191.6100000,194.5500000,360638
100519,000000,193.2200000,195.4900000,190.0200000,194.6100000,579581
130519,000000,193.2500000,193.2500000,189.1400000,190.3200000,474184
140519,000000,189.8000000,192.7600000,189.8000000,191.6300000,461802
150519,000000,192.2500000,192.8000000,190.3000000,191.8200000,453971
160519,000000,191.8000000,194.9700000,191.7300000,192.3500000,506051
170519,000000,192.0600000,194.4900000,190.7600000,192.5100000,520583
180519,000000,192.1900000,192.1900000,191.3800000,191.7300000,1854
200519,000000,192.9800000,192.9800000,190.6400000,190.9500000,670903
210519,000000,190.9500000,192.9200000,185.0000000,191.4000000,1070769
220519,000000,189.7300000,192.1700000,188.0600000,188.8700000,827252
230519,000000,188.9000000,192.5300000,186.2900000,192.1600000,1058528
240519,000000,192.5000000,193.8600000,190.4000000,193.6900000,543666
280519,000000,193.7900000,196.4000000,191.3500000,191.5800000,591677
290519,000000,191.6700000,191.8900000,188.0100000,190.0000000,787014
300519,000000,190.0000000,192.5100000,189.8900000,191.0900000,439850
310519,000000,190.9100000,190.9100000,188.6100000,189.7900000,511495
010619,000000,189.8500000,189.8500000,189.8500000,189.8500000,8
030619,000000,189.3000000,191.8600000,188.2800000,190.1500000,698914
040619,000000,190.1800000,195.4900000,189.7300000,195.3100000,721083
050619,000000,194.9900000,197.6500000,193.0800000,197.6500000,549269
060619,000000,197.8400000,198.3200000,194.9400000,197.1600000,526672
070619,000000,197.3700000,199.0200000,195.2000000,197.2700000,529141
100619,000000,198.3500000,199.8600000,197.3300000,198.0200000,376325
110619,000000,199.1400000,200.7500000,195.8500000,198.0000000,548834
120619,000000,198.6500000,200.1400000,197.9800000,198.8000000,427087
130619,000000,199.7400000,202.6800000,199.4000000,201.1100000,451386
140619,000000,202.3500000,206.5000000,201.8300000,205.8200000,675468
170619,000000,205.4100000,208.7900000,205.4100000,206.7200000,643859
180619,000000,208.0300000,210.1300000,206.1600000,207.3500000,518978
190619,000000,207.4900000,208.4700000,205.9000000,207.5200000,450573
200619,000000,210.0000000,211.6500000,209.3100000,211.3300000,506066
210619,000000,211.2500000,212.1400000,208.5000000,208.5000000,566709
220619,000000,209.3800000,209.3800000,209.3800000,209.3800000,1
240619,000000,210.1400000,210.1400000,205.1300000,205.6700000,532457
250619,000000,205.4000000,207.0600000,204.2000000,204.7100000,479219
260619,000000,206.0600000,207.3200000,204.7100000,206.4800000,313146
270619,000000,207.9300000,208.0000000,206.0300000,207.0200000,263877
280619,000000,207.6400000,209.0000000,207.2200000,207.9000000,446828
290619,000000,208.1500000,208.1500000,208.0000000,208.0000000,300
010719,000000,210.5600000,212.3000000,208.1700000,211.4000000,444435
020719,000000,210.3400000,210.3400000,208.4700000,210.0300000,611250
030719,000000,210.0100000,212.7300000,209.7000000,212.0100000,314772
050719,000000,210.7800000,212.5000000,209.7500000,211.5200000,245127
060719,000000,211.5500000,211.5500000,211.5500000,211.5500000,13
080719,000000,209.8400000,213.4400000,209.8400000,212.8300000,283278
090719,000000,211.0100000,213.2900000,211.0100000,211.8400000,345945
100719,000000,211.7600000,212.0000000,208.8300000,210.7800000,505198
110719,000000,210.8000000,214.0600000,210.8000000,213.8500000,298430
120719,000000,214.0400000,218.2500000,214.0000000,218.2400000,386466
130719,000000,218.4100000,218.4100000,218.0600000,218.2000000,31
150719,000000,219.4800000,219.5400000,216.8500000,218.6800000,371252
160719,000000,218.5000000,218.8400000,216.7300000,217.2600000,487333
170719,000000,218.1800000,218.3400000,215.5700000,215.5700000,303294
180719,000000,215.5000000,216.2200000,213.0100000,214.4000000,370959
190719,000000,214.8000000,215.2800000,212.9400000,213.0400000,310289
220719,000000,213.0900000,214.1000000,210.3900000,211.2700000,275386
230719,000000,211.2000000,214.1100000,211.0200000,213.8900000,307014
240719,000000,212.1200000,214.7900000,212.1200000,214.7100000,206505
250719,000000,214.7200000,215.9200000,213.8700000,215.5500000,267439
260719,000000,216.5600000,217.2100000,214.0500000,216.9800000,208558
290719,000000,217.3200000,218.2700000,216.3600000,218.1600000,312426
300719,000000,217.3900000,218.5800000,216.9000000,217.3600000,407164
310719,000000,218.0800000,218.0800000,212.2500000,213.0200000,577014
010819,000000,213.2500000,217.6100000,212.0900000,212.8000000,611313
020819,000000,212.5000000,213.1400000,211.1700000,212.1200000,530586
030819,000000,212.0100000,212.0100000,212.0100000,212.0100000,50
050819,000000,209.3400000,209.9000000,204.1000000,204.7300000,648888
060819,000000,201.5600000,209.0900000,201.5600000,208.5000000,466502
070819,000000,209.6000000,209.6000000,203.1500000,207.9100000,470643
080819,000000,208.0100000,211.7000000,208.0100000,211.5700000,378015
090819,000000,211.5600000,212.4200000,207.9800000,210.0200000,442220
120819,000000,209.7700000,211.4500000,206.1300000,206.6900000,366679
130819,000000,207.0100000,211.6100000,204.8100000,208.3300000,698648
140819,000000,209.2700000,209.2700000,201.5100000,201.5500000,708243
150819,000000,201.3000000,203.7200000,199.0500000,201.7900000,616615
160819,000000,200.5700000,204.4500000,200.5700000,203.6500000,410394
170819,000000,203.7500000,204.6400000,203.7500000,204.5000000,2228
190819,000000,206.3900000,208.8200000,205.3100000,208.0000000,650766
200819,000000,208.2700000,217.8300000,207.3400000,216.9200000,1320151
210819,000000,216.8800000,220.8800000,216.8600000,220.1000000,872229
220819,000000,220.5000000,222.6600000,219.9300000,221.0000000,586384
230819,000000,221.2100000,222.4900000,216.0100000,216.1100000,693609
240819,000000,217.4000000,217.4900000,217.0000000,217.0000000,643
260819,000000,218.9500000,220.7100000,216.1800000,218.8900000,431568
270819,000000,218.0600000,220.4300000,217.9100000,218.3700000,334706
280819,000000,218.1000000,222.0800000,217.0500000,222.0000000,345892
290819,000000,223.0600000,227.6700000,223.0600000,227.6000000,498450
300819,000000,228.6400000,229.2600000,226.6900000,227.6700000,399333
310819,000000,227.9100000,228.0000000,227.9100000,228.0000000,12
030919,000000,225.5800000,227.6000000,223.3900000,224.7800000,601819
040919,000000,224.4300000,226.1900000,220.6700000,224.1500000,337769
050919,000000,225.4000000,228.7700000,225.4000000,227.5000000,351293
060919,000000,228.1500000,231.7000000,227.7300000,231.7000000,440111
070919,000000,231.4800000,231.4800000,231.4800000,231.4800000,20
090919,000000,230.5900000,233.8500000,230.1300000,232.9300000,405765
100919,000000,232.4500000,233.4500000,229.7500000,233.4500000,480209
110919,000000,232.9800000,233.6800000,231.0500000,232.0000000,433707
120919,000000,232.2300000,235.4700000,232.2300000,233.8000000,410120
130919,000000,236.0700000,236.0700000,232.3900000,233.9800000,383076
140919,000000,233.7500000,233.7600000,233.7500000,233.7600000,43
160919,000000,233.6400000,233.6400000,230.6100000,230.9100000,313061
170919,000000,231.4500000,231.6600000,226.4700000,230.3800000,517803
180919,000000,230.0200000,232.0000000,229.0100000,231.0000000,249561
190919,000000,231.0000000,232.0400000,227.9600000,228.1200000,408595
200919,000000,227.9000000,230.0500000,224.3300000,224.5500000,644074
210919,000000,224.5000000,224.7000000,224.5000000,224.7000000,52
230919,000000,225.3000000,227.1400000,223.7900000,226.2500000,341711
240919,000000,226.7000000,230.2500000,224.7900000,225.2400000,613937
250919,000000,225.3000000,228.4600000,224.5200000,228.1000000,569823
260919,000000,227.8000000,231.1100000,227.8000000,229.7900000,686384
270919,000000,229.7200000,231.7400000,229.0700000,229.8600000,482084
280919,000000,230.0100000,230.0100000,230.0100000,230.0100000,101
300919,000000,231.1700000,232.5900000,229.8400000,232.4100000,403511
011019,000000,233.1800000,234.5100000,230.7500000,231.4700000,450559
021019,000000,231.4600000,231.4600000,224.3000000,224.5500000,521399
031019,000000,225.3900000,226.8100000,222.1300000,226.7500000,351529
041019,000000,226.0800000,229.2300000,226.0700000,227.9300000,380184
071019,000000,228.2100000,228.2500000,226.0600000,227.1900000,338575
081019,000000,227.1200000,228.7800000,225.1000000,226.4400000,557635
091019,000000,226.5000000,229.5600000,226.4400000,228.9400000,374644
101019,000000,226.5700000,232.2200000,226.2500000,231.6100000,327815
111019,000000,233.6400000,236.7000000,233.1300000,235.1300000,485199
121019,000000,234.6600000,234.6600000,234.6600000,234.6600000,1
141019,000000,235.3000000,235.4200000,234.0600000,234.1800000,234834
151019,000000,235.3900000,236.8500000,234.6000000,236.6000000,386438
161019,000000,236.0200000,236.6600000,233.8500000,235.9000000,298866
171019,000000,236.2100000,238.1400000,235.5200000,236.8300000,296700
181019,000000,236.8200000,238.7300000,235.6300000,237.9300000,452259
191019,000000,238.0000000,238.0000000,237.9300000,237.9300000,3
211019,000000,238.3900000,239.5800000,235.6200000,236.7000000,242631
221019,000000,236.7000000,238.3000000,235.8700000,237.5000000,305636
231019,000000,237.7300000,238.0400000,234.4000000,234.9500000,266983
241019,000000,236.0300000,236.3700000,233.0700000,234.3500000,315293
251019,000000,233.6800000,235.4600000,232.6600000,234.3500000,254781
261019,000000,234.3500000,234.4000000,234.3500000,234.4000000,53
281019,000000,235.6200000,236.9600000,234.3100000,236.2600000,327971
291019,000000,236.1100000,237.6000000,233.9300000,234.1400000,332777
301019,000000,234.5100000,236.6000000,232.8800000,236.3000000,272856
311019,000000,237.4200000,237.4200000,233.2000000,233.7100000,261123
011119,000000,235.8600000,237.4500000,235.0100000,237.3400000,282371
021119,000000,237.3400000,237.3400000,237.3400000,237.3400000,66
041119,000000,238.9400000,239.4000000,233.9000000,234.9200000,416024
051119,000000,234.9200000,236.1300000,230.3000000,232.1600000,512089
061119,000000,232.2000000,234.0400000,231.1200000,234.0000000,331035
071119,000000,234.0400000,235.7600000,231.8000000,232.9200000,372036
081119,000000,232.9400000,233.8700000,231.6500000,232.8200000,310878
091119,000000,232.8600000,233.2500000,231.9000000,232.5200000,132
111119,000000,232.2700000,233.4800000,229.9900000,231.7700000,313066
121119,000000,231.8000000,234.6100000,231.2800000,233.1500000,370894
131119,000000,233.1200000,234.9000000,230.8500000,234.7800000,329784
141119,000000,234.8000000,236.9300000,234.0400000,236.6100000,376170
151119,000000,236.5500000,238.3000000,236.4000000,237.3100000,516854
161119,000000,237.2900000,237.5000000,237.0000000,237.5000000,23
181119,000000,238.2700000,239.4400000,236.7600000,238.9800000,679911
191119,000000,238.8500000,240.5000000,218.0200000,225.8700000,1715600
201119,000000,225.8600000,226.9400000,220.6000000,220.8300000,1066892
211119,000000,220.9000000,222.3000000,218.5000000,218.5600000,876935
221119,000000,218.5400000,219.5100000,217.8100000,218.0500000,485314
231119,000000,218.0300000,218.3000000,217.9500000,217.9600000,91
251119,000000,219.3900000,219.4000000,216.8900000,218.4800000,578382
261119,000000,218.4000000,220.9600000,218.0000000,220.7000000,589498
271119,000000,220.7600000,223.4200000,220.6700000,223.0100000,513842
281119,000000,223.0000000,223.0000000,222.6400000,222.9300000,1887
291119,000000,224.4800000,224.4800000,220.2900000,220.3700000,254609
301119,000000,220.7400000,220.7400000,220.7400000,220.7400000,31
021219,000000,222.2700000,222.5600000,217.4600000,217.6900000,492614
031219,000000,217.6200000,219.2400000,212.9300000,213.9400000,625828
041219,000000,214.0000000,214.9500000,211.7700000,214.2000000,392313
051219,000000,214.1000000,214.8500000,211.7800000,213.1000000,410986
061219,000000,213.0000000,215.3600000,212.9100000,214.3100000,270375
071219,000000,214.2800000,214.4500000,214.2800000,214.4500000,50
091219,000000,214.6200000,217.8800000,214.0000000,216.5500000,422817
101219,000000,216.5300000,217.4900000,215.1100000,215.8400000,407113
111219,000000,216.4900000,216.7200000,210.6500000,211.8900000,849982
121219,000000,212.0200000,214.2500000,210.7300000,212.0600000,800737
131219,000000,212.0400000,214.2400000,210.6700000,214.0300000,620373
141219,000000,213.9100000,214.2000000,213.9100000,214.2000000,52
161219,000000,214.3000000,216.7200000,214.0600000,215.5500000,597666
171219,000000,215.5300000,219.4500000,215.0100000,217.7000000,690052
181219,000000,217.9300000,219.5500000,217.0500000,218.0900000,568912
191219,000000,218.1500000,220.7600000,217.8000000,220.2200000,472375
201219,000000,220.3800000,221.5600000,219.8000000,221.1800000,516316
211219,000000,221.1900000,221.1900000,221.0600000,221.1500000,250
231219,000000,220.9400000,222.5000000,219.1500000,219.2200000,388615
241219,000000,219.2100000,222.4000000,218.4400000,220.3200000,262113
261219,000000,219.6400000,223.3500000,219.0100000,220.8600000,347612
271219,000000,220.6800000,221.7200000,219.4500000,219.9600000,356324
281219,000000,219.9700000,219.9700000,219.7500000,219.8900000,2754
301219,000000,220.0000000,220.5700000,216.5500000,217.3800000,619757
311219,000000,217.4500000,221.4100000,216.4600000,218.3400000,584576
010120,000000,218.3800000,218.9000000,218.2900000,218.9000000,72
020120,000000,218.6100000,219.9100000,217.8900000,219.6600000,490047
030120,000000,219.6600000,219.7700000,216.8000000,218.9400000,555476
040120,000000,218.9300000,218.9300000,218.9300000,218.9300000,96
060120,000000,218.1100000,220.0000000,216.0100000,219.9900000,606190
070120,000000,219.9600000,221.4200000,216.8900000,218.5600000,872032
080120,000000,218.5200000,222.9700000,215.1800000,221.7900000,782261
090120,000000,221.7900000,225.5200000,221.3800000,225.1900000,793343
100120,000000,225.1900000,226.2200000,223.0600000,224.2400000,674991
110120,000000,224.2200000,224.2200000,224.0200000,224.0600000,190
130120,000000,224.3800000,225.5500000,222.6900000,223.2900000,528192
140120,000000,223.3400000,224.9600000,222.3100000,222.8100000,626608
150120,000000,222.8100000,224.9800000,222.1400000,224.6100000,537472
160120,000000,224.5900000,228.8500000,224.4100000,228.8200000,814086
170120,000000,228.8200000,232.6000000,228.1600000,231.9000000,825669
180120,000000,231.9100000,231.9100000,231.5100000,231.5700000,239
210120,000000,231.4400000,233.6600000,230.3200000,232.9200000,621415
220120,000000,232.9500000,236.5400000,232.4500000,232.8900000,554352
230120,000000,232.9000000,234.8100000,230.6900000,233.6400000,754074
240120,000000,233.6500000,235.4500000,230.6200000,231.9900000,755306
250120,000000,232.0000000,232.0000000,230.6600000,231.6300000,59
270120,000000,229.4900000,232.4700000,227.7400000,231.1600000,715902
280120,000000,231.1900000,235.2400000,230.5300000,233.8700000,599808
290120,000000,233.8600000,235.6300000,233.4200000,233.4200000,70193
310120,000000,232.3000000,233.1900000,230.9700000,231.8600000,144200
030220,000000,228.8200000,233.5000000,228.4100000,231.5300000,550742
040220,000000,231.5400000,236.3600000,231.0200000,234.9600000,370018
050220,000000,235.0000000,238.3200000,234.8000000,238.1700000,442202
060220,000000,238.1100000,240.1600000,237.4800000,238.9000000,331797
070220,000000,238.8400000,239.5000000,236.5300000,237.3500000,264444
080220,000000,237.3000000,237.3000000,237.3000000,237.3000000,30
100220,000000,237.2300000,240.6000000,235.5500000,240.6000000,341819
110220,000000,240.6100000,242.4100000,240.0700000,241.5400000,427936
120220,000000,241.6400000,242.9000000,238.9200000,241.5900000,541366
130220,000000,241.5900000,243.5800000,238.1400000,242.3600000,324724
140220,000000,242.3600000,245.2100000,242.3000000,245.0300000,225588
150220,000000,244.9800000,245.5000000,244.4600000,245.5000000,178
180220,000000,244.7700000,244.8600000,244.0700000,244.2000000,25
210220,000000,246.3500000,247.4800000,244.0000000,245.2700000,414868
220220,000000,245.3400000,245.5000000,245.3400000,245.3500000,988
240220,000000,241.0900000,243.1100000,234.8900000,239.9200000,570467
250220,000000,240.0000000,247.2300000,236.4800000,237.3800000,739903
260220,000000,237.3800000,241.0300000,230.9700000,235.5700000,752959
270220,000000,235.2800000,235.6200000,224.6400000,224.6700000,1101909
280220,000000,224.7300000,224.8000000,212.3100000,216.5000000,1548060
290220,000000,217.8400000,220.4000000,217.8400000,218.5100000,3008
020320,000000,221.3100000,229.9600000,215.0000000,229.9500000,807201
030320,000000,229.9400000,235.6700000,225.5200000,227.9300000,922375
040320,000000,227.9400000,241.3100000,226.3600000,241.0200000,904629
050320,000000,240.0000000,241.0800000,233.1500000,234.8300000,817642
060320,000000,234.8100000,235.8000000,222.2500000,228.3200000,816029
070320,000000,228.4800000,228.6600000,228.0100000,228.0100000,966
090320,000000,220.0000000,220.0000000,207.2400000,213.0000000,1105763
100320,000000,209.0000000,225.8300000,207.9400000,225.0900000,823910
110320,000000,224.2000000,225.0000000,210.5000000,213.9800000,766697
120320,000000,213.0000000,215.1300000,184.8400000,188.0000000,1183376
130320,000000,188.6700000,206.0000000,184.0000000,203.9900000,1244514
140320,000000,203.2200000,206.0000000,203.2200000,204.9800000,1023
160320,000000,196.0600000,196.1900000,163.1500000,166.2500000,1778202
170320,000000,167.2500000,178.1000000,155.3500000,171.7500000,2136959
180320,000000,171.2000000,171.8800000,140.6400000,155.4500000,2619168
190320,000000,155.5400000,162.9100000,142.0300000,159.0100000,1699887
200320,000000,158.8500000,170.6300000,151.2500000,152.0000000,1749885
210320,000000,152.0000000,152.9900000,151.1100000,151.5000000,348
230320,000000,148.0900000,164.8500000,144.5100000,162.7500000,1727165
240320,000000,163.7900000,185.6400000,163.0000000,184.4400000,1832595
250320,000000,184.5000000,192.2000000,180.0000000,181.0000000,1400589
260320,000000,181.5000000,198.1500000,176.3600000,195.3600000,1265515
270320,000000,194.3500000,196.3700000,186.5000000,190.8900000,864567
300320,000000,190.8000000,199.0000000,187.6400000,199.0000000,759524
310320,000000,199.0000000,199.0000000,185.4700000,186.5000000,883843
010420,000000,186.2100000,186.4800000,175.0000000,178.0100000,1111979
020420,000000,178.6300000,182.7000000,174.1400000,180.4800000,740925
030420,000000,181.4300000,181.8000000,174.9600000,179.0200000,937663
040420,000000,182.8900000,182.8900000,182.8900000,182.8900000,1
060420,000000,185.7800000,194.2200000,183.6000000,191.2800000,876614
070420,000000,190.0000000,204.0500000,189.9900000,191.0000000,844989
080420,000000,195.0000000,196.7700000,190.6700000,194.0200000,927182
090420,000000,194.6900000,205.9900000,192.6000000,201.8000000,936857
130420,000000,208.7700000,208.7700000,195.3400000,199.0900000,581579
140420,000000,198.8000000,209.7100000,198.7900000,207.7300000,729497
150420,000000,207.5800000,209.9900000,196.6600000,198.2800000,671422
160420,000000,199.6400000,205.0000000,196.8200000,204.0000000,621881
170420,000000,204.0000000,211.3300000,204.0000000,207.8500000,687503
200420,000000,210.8500000,211.0000000,204.1000000,205.8000000,555926
210420,000000,211.0300000,211.0300000,199.5800000,200.6100000,726515
220420,000000,202.0000000,205.7000000,200.9000000,203.3000000,494219
230420,000000,204.4900000,206.9700000,202.2100000,206.5000000,498408
240420,000000,202.3000000,212.9300000,200.5900000,212.1300000,657510
250420,000000,213.6200000,213.6200000,212.1100000,212.1100000,2
270420,000000,214.5000000,220.9000000,213.3900000,217.5100000,634429
280420,000000,217.5000000,224.0900000,216.8700000,217.6300000,622089
290420,000000,218.3000000,224.1500000,217.7600000,222.0000000,446758
300420,000000,222.7700000,227.0000000,215.7000000,219.1300000,679302
010520,000000,219.6000000,219.6800000,209.3700000,218.0000000,383621
020520,000000,218.3000000,218.3000000,218.0200000,218.0200000,54
040520,000000,218.0000000,222.6600000,215.2200000,221.0000000,481801
050520,000000,221.0000000,228.8100000,221.0000000,225.1400000,560195
060520,000000,225.2100000,229.4600000,222.6100000,222.6100000,457799
070520,000000,223.1400000,233.0000000,223.1400000,233.0000000,629260
080520,000000,233.0000000,235.5500000,230.4700000,234.8000000,551991
090520,000000,234.8000000,234.9900000,234.4500000,234.9200000,18
110520,000000,236.4400000,238.7700000,231.2600000,236.7400000,575969
120520,000000,236.9700000,239.2500000,230.5200000,230.5200000,592565
130520,000000,231.5900000,236.3000000,228.5600000,229.4900000,705206
140520,000000,230.5000000,235.0000000,226.2600000,234.0600000,1045553
150520,000000,234.4400000,243.2200000,232.0000000,239.9900000,1550582
160520,000000,239.9900000,239.9900000,239.3300000,239.3300000,7
180520,000000,243.0000000,248.3200000,242.4200000,245.7000000,934190
190520,000000,245.7100000,248.6400000,234.7500000,238.5000000,888304
200520,000000,238.7000000,242.2700000,234.9500000,238.2800000,790996
210520,000000,238.3600000,241.1800000,235.7900000,240.2500000,484175
220520,000000,240.4700000,242.1300000,237.5400000,242.0000000,329538
230520,000000,241.0000000,242.0000000,241.0000000,241.0000000,7
260520,000000,247.8400000,249.0000000,242.1300000,243.3300000,495997
270520,000000,243.3600000,247.9500000,240.7200000,247.3500000,477125
280520,000000,247.3500000,252.2200000,244.4800000,246.5100000,668034
290520,000000,246.5400000,251.0000000,244.7500000,250.0800000,461827
300520,000000,250.0800000,250.4900000,249.8300000,249.8300000,218
010620,000000,249.0300000,250.5800000,245.8200000,247.0600000,399030
020620,000000,247.1000000,253.0000000,246.4200000,252.5200000,763462
030620,000000,252.9900000,254.8300000,250.4000000,250.4500000,806741
040620,000000,251.5000000,252.1800000,247.4700000,249.4000000,584528
050620,000000,249.4000000,255.8200000,249.4000000,254.9000000,783727
060620,000000,255.4900000,255.4900000,254.8000000,254.9700000,5
080620,000000,254.4600000,256.8000000,251.5000000,256.7700000,568815
090620,000000,256.9000000,258.2900000,251.5800000,257.6500000,501429
100620,000000,255.0000000,259.2500000,254.2300000,254.5000000,573533
110620,000000,254.4500000,254.4800000,238.7500000,240.0000000,1075039
120620,000000,239.7000000,246.4900000,237.0600000,241.9500000,946236
130620,000000,242.4400000,242.4400000,242.3800000,242.3800000,13
150620,000000,233.6100000,244.4100000,230.4600000,244.4100000,1180843
160620,000000,244.4000000,251.6200000,241.4200000,250.0000000,888448
170620,000000,249.9500000,254.6100000,249.0000000,251.4300000,601552
180620,000000,250.8500000,252.4700000,247.1300000,249.0000000,487088
190620,000000,249.1000000,254.3000000,244.1200000,245.3800000,960738
200620,000000,245.0200000,245.0200000,245.0200000,245.0200000,1
220620,000000,247.6000000,250.3000000,245.0900000,250.3000000,451560
230620,000000,247.9500000,253.7500000,247.9500000,249.3200000,372854
240620,000000,250.0000000,250.3100000,242.6600000,246.4300000,591734
250620,000000,253.0000000,253.0000000,242.2000000,245.2500000,409011
260620,000000,244.4600000,246.5700000,239.9400000,241.0300000,654296
270620,000000,241.0000000,241.9700000,240.5300000,241.0200000,143
290620,000000,242.0000000,246.4200000,240.3500000,246.2200000,478528
300620,000000,246.3000000,251.6400000,245.5800000,248.8600000,566873
010720,000000,250.4700000,251.7300000,246.9000000,248.3000000,543508
020720,000000,247.7200000,252.2800000,247.5400000,248.2000000,509546
030720,000000,248.6000000,248.9700000,248.6000000,248.9700000,135
060720,000000,251.3700000,253.0000000,247.0700000,250.0000000,348232
070720,000000,249.0000000,250.7800000,246.6200000,247.8400000,414420
080720,000000,247.3500000,249.8300000,245.3600000,249.7700000,365577
090720,000000,249.4000000,250.5000000,246.3500000,247.6800000,392752
100720,000000,247.9700000,250.3200000,245.5400000,250.1600000,424503
110720,000000,250.2500000,250.3000000,249.6500000,250.2500000,40
130720,000000,250.7600000,257.8600000,249.0000000,249.0000000,624636
140720,000000,249.6200000,258.1700000,248.4500000,257.2800000,764052
150720,000000,257.4000000,262.3500000,255.1500000,256.0800000,659801
160720,000000,258.0000000,260.4800000,255.3800000,256.5100000,357599
170720,000000,256.5100000,260.7300000,255.9000000,259.5000000,334133
180720,000000,256.5100000,260.3000000,256.5100000,260.3000000,5
200720,000000,259.0000000,261.2000000,258.0300000,260.0000000,307011
210720,000000,259.0100000,263.9700000,259.0100000,261.7000000,351588
220720,000000,262.9000000,266.2500000,261.5700000,265.0700000,360172
230720,000000,265.0700000,267.7500000,261.7500000,263.8900000,451304
240720,000000,263.6000000,266.8400000,260.2900000,265.1900000,401195
250720,000000,266.6100000,266.6100000,265.0400000,265.0400000,10
