230118,000000,3.7495000,3.7605000,3.6200000,3.6600000,108834000
240118,000000,3.6500000,3.7110000,3.6400000,3.6700000,63779000
250118,000000,3.6785000,3.7500000,3.6320000,3.7500000,94293000
260118,000000,3.7425000,3.7600000,3.6830000,3.7575000,82811000
290118,000000,3.7575000,3.7880000,3.7390000,3.7880000,48940000
300118,000000,3.7785000,3.7850000,3.7400000,3.7700000,47523000
310118,000000,3.7520000,3.8690000,3.7135000,3.7900000,93220000
010218,000000,3.7905000,3.8300000,3.7800000,3.8195000,52116000
020218,000000,3.8045000,3.8570000,3.7925000,3.8245000,66169000
050218,000000,3.8005000,3.8185000,3.7440000,3.7500000,52249000
060218,000000,3.6995000,3.7385000,3.6415000,3.6675000,71364000
070218,000000,3.7225000,3.8050000,3.6720000,3.8050000,82817000
080218,000000,3.7840000,3.8285000,3.7575000,3.7620000,71021000
090218,000000,3.7580000,3.7645000,3.6550000,3.6975000,74497000
120218,000000,3.7230000,3.7320000,3.6465000,3.6825000,66978000
130218,000000,3.6990000,3.6995000,3.6200000,3.6845000,50726000
140218,000000,3.6800000,3.7175000,3.6520000,3.7175000,47410000
150218,000000,3.7105000,3.8000000,3.6915000,3.7955000,71544000
160218,000000,3.8030000,3.8260000,3.7800000,3.7920000,52703000
190218,000000,3.7930000,3.8190000,3.7215000,3.7215000,48547000
200218,000000,3.7215000,3.7280000,3.6725000,3.7000000,40563000
210218,000000,3.6815000,3.8210000,3.6585000,3.8210000,88299000
220218,000000,3.8150000,3.8150000,3.7250000,3.7875000,121946000
260218,000000,3.7995000,3.8445000,3.7500000,3.7700000,167101000
270218,000000,3.7790000,3.7950000,3.6845000,3.7105000,96195000
280218,000000,3.7010000,3.7500000,3.6545000,3.7200000,146977000
010318,000000,3.7095000,3.7390000,3.6715000,3.7295000,106357000
020318,000000,3.7325000,3.7600000,3.6610000,3.7165000,65680000
050318,000000,3.7190000,3.7950000,3.6920000,3.7950000,80635000
060318,000000,3.7925000,3.8200000,3.7325000,3.8200000,78461000
070318,000000,3.7930000,3.8010000,3.7125000,3.7695000,119666000
090318,000000,3.7460000,3.8180000,3.7460000,3.8180000,58893000
120318,000000,3.8000000,3.8400000,3.7925000,3.8300000,80285000
130318,000000,3.8360000,3.8375000,3.8035000,3.8300000,103128000
140318,000000,3.8210000,3.8260000,3.6700000,3.6700000,169112000
150318,000000,3.6270000,3.7880000,3.5705000,3.6160000,551837000
160318,000000,3.6200000,3.7985000,3.6165000,3.7985000,221984000
190318,000000,3.7630000,3.7745000,3.6870000,3.7200000,133705000
200318,000000,3.7270000,3.7950000,3.7160000,3.7950000,77652000
210318,000000,3.7950000,3.8390000,3.7600000,3.7795000,106057000
220318,000000,3.8140000,3.8185000,3.7555000,3.7745000,96398000
230318,000000,3.7510000,3.7965000,3.7250000,3.7345000,96951000
260318,000000,3.7350000,3.7555000,3.6800000,3.7300000,94258000
270318,000000,3.7440000,3.7900000,3.6925000,3.7260000,114910000
280318,000000,3.7395000,3.7500000,3.7125000,3.7370000,104331000
290318,000000,3.7365000,3.8300000,3.7155000,3.8300000,181982000
300318,000000,3.8300000,3.8305000,3.8000000,3.8200000,21803000
020418,000000,3.8080000,3.8970000,3.8015000,3.8600000,155924000
030418,000000,3.8660000,3.8970000,3.8200000,3.8880000,134326000
040418,000000,3.8800000,3.9100000,3.8420000,3.8900000,127733000
050418,000000,3.8895000,3.9885000,3.8895000,3.9710000,109004000
060418,000000,3.9610000,3.9700000,3.9105000,3.9300000,83718000
090418,000000,3.9245000,3.9630000,3.6510000,3.6600000,280296000
100418,000000,3.6500000,3.7700000,3.6200000,3.6985000,178334000
110418,000000,3.7345000,3.7435000,3.6065000,3.7300000,164124000
120418,000000,3.7580000,3.8345000,3.6760000,3.7900000,147811000
130418,000000,3.7865000,3.8200000,3.7005000,3.7500000,69229000
160418,000000,3.7545000,3.8770000,3.7355000,3.8600000,125164000
170418,000000,3.8930000,3.9200000,3.8525000,3.8650000,85474000
180418,000000,3.8795000,3.9790000,3.8795000,3.9500000,105205000
190418,000000,3.9650000,4.0000000,3.8755000,3.9220000,97371000
200418,000000,3.9015000,3.9400000,3.8685000,3.9100000,82373000
230418,000000,3.9025000,3.9395000,3.8405000,3.8500000,90270000
240418,000000,3.8650000,3.9400000,3.8650000,3.9400000,63491000
250418,000000,3.9400000,3.9805000,3.9100000,3.9615000,71797000
260418,000000,3.9595000,3.9600000,3.8900000,3.9200000,73465000
270418,000000,3.9205000,3.9750000,3.9105000,3.9750000,41631000
280418,000000,3.9550000,3.9555000,3.9210000,3.9360000,5718000
300418,000000,3.9490000,4.0690000,3.9150000,4.0000000,65414000
020518,000000,3.9910000,4.0265000,3.9600000,4.0155000,61294000
030518,000000,4.0125000,4.0125000,3.8075000,3.8200000,158512000
040518,000000,3.8445000,3.8820000,3.8200000,3.8320000,66741000
070518,000000,3.8395000,3.9270000,3.8390000,3.9150000,78050000
080518,000000,3.9000000,3.9240000,3.8510000,3.9240000,79900000
100518,000000,3.9405000,4.0170000,3.8975000,3.9420000,142903000
110518,000000,3.9420000,3.9845000,3.8985000,3.9845000,69646000
140518,000000,3.9750000,3.9950000,3.9250000,3.9700000,65618000
150518,000000,3.9340000,3.9515000,3.8855000,3.8855000,101207000
160518,000000,3.9010000,3.9885000,3.8730000,3.9800000,128996000
170518,000000,4.0100000,4.1095000,4.0000000,4.0000000,232463000
180518,000000,4.0090000,4.1790000,3.9500000,4.1450000,174802000
210518,000000,4.1035000,4.1040000,3.9875000,3.9935000,173063000
220518,000000,3.9850000,4.0505000,3.9720000,4.0505000,106317000
230518,000000,4.0170000,4.0725000,3.9830000,3.9900000,74968000
240518,000000,4.0185000,4.0340000,3.9875000,3.9905000,62186000
250518,000000,4.0075000,4.0600000,3.9905000,4.0500000,62705000
280518,000000,4.0475000,4.0950000,4.0310000,4.0325000,34473000
290518,000000,4.0600000,4.0900000,3.9615000,4.0020000,76517000
300518,000000,4.0265000,4.0730000,4.0030000,4.0700000,114550000
310518,000000,3.9610000,4.0800000,3.9300000,4.0800000,209486000
010618,000000,4.0615000,4.1200000,4.0480000,4.0480000,80276000
040618,000000,4.0650000,4.1490000,4.0580000,4.1465000,77748000
050618,000000,4.1565000,4.2220000,4.1470000,4.2220000,94913000
060618,000000,4.2220000,4.2380000,4.1550000,4.1885000,63282000
070618,000000,4.1935000,4.2250000,4.1830000,4.2000000,87697000
080618,000000,4.1725000,4.2040000,4.0580000,4.0905000,159582000
090618,000000,4.0905000,4.1150000,4.0850000,4.0945000,7632000
110618,000000,4.1300000,4.1590000,4.0105000,4.1200000,47054000
130618,000000,4.1200000,4.1495000,4.0525000,4.1000000,85059000
140618,000000,4.1155000,4.1240000,4.0265000,4.0295000,72956000
150618,000000,4.0495000,4.0595000,3.9800000,4.0500000,132510000
180618,000000,4.0260000,4.1690000,4.0175000,4.1065000,124823000
190618,000000,4.0810000,4.1325000,4.0655000,4.0965000,161268000
200618,000000,4.0715000,4.1565000,4.0715000,4.0920000,112348000
210618,000000,4.1035000,4.1885000,4.0675000,4.1155000,186558000
220618,000000,4.1355000,4.1855000,4.1010000,4.1310000,132017000
250618,000000,4.1400000,4.1520000,4.0470000,4.0880000,94178000
260618,000000,4.0930000,4.1255000,4.0510000,4.0510000,68506000
270618,000000,4.0895000,4.1000000,4.0460000,4.0700000,61379000
280618,000000,4.0625000,4.0790000,4.0000000,4.0665000,80383000
290618,000000,4.0790000,4.1000000,4.0265000,4.1000000,83917000
020718,000000,4.0745000,4.1340000,4.0710000,4.0715000,104317000
030718,000000,4.0760000,4.1190000,4.0400000,4.0490000,78858000
040718,000000,4.0580000,4.1300000,4.0510000,4.1200000,62800000
050718,000000,4.1205000,4.1460000,4.0900000,4.1340000,58422000
060718,000000,4.1315000,4.2345000,4.0965000,4.2080000,94669000
090718,000000,4.2270000,4.2995000,4.1900000,4.2990000,123172000
100718,000000,4.3000000,4.4340000,4.2400000,4.3800000,211867000
110718,000000,4.3800000,4.4300000,4.3315000,4.3605000,105019000
120718,000000,4.3700000,4.3945000,4.1880000,4.2440000,145774000
130718,000000,4.2560000,4.3590000,4.2195000,4.3145000,96283000
160718,000000,4.3085000,4.3425000,4.2175000,4.3375000,71069000
170718,000000,4.3340000,4.3975000,4.2505000,4.3625000,114634000
180718,000000,4.3635000,4.4275000,4.3475000,4.4065000,131411000
190718,000000,4.4035000,4.4035000,4.3315000,4.3825000,90734000
200718,000000,4.3585000,4.3590000,4.2015000,4.2400000,107605000
230718,000000,4.2625000,4.2690000,4.2100000,4.2445000,90944000
240718,000000,4.2555000,4.2855000,4.2100000,4.2300000,80205000
250718,000000,4.2130000,4.2365000,4.1315000,4.1805000,86845000
260718,000000,4.2095000,4.2310000,4.1800000,4.2000000,59029000
270718,000000,4.1995000,4.2000000,4.1410000,4.1605000,51886000
300718,000000,4.1445000,4.1595000,4.0820000,4.0980000,65012000
310718,000000,4.0940000,4.1700000,4.0580000,4.1425000,87342000
010818,000000,4.1495000,4.1700000,4.0940000,4.1520000,68485000
020818,000000,4.1495000,4.1555000,4.0700000,4.0985000,85674000
030818,000000,4.1075000,4.1075000,4.0145000,4.0620000,76767000
060818,000000,4.0695000,4.0740000,4.0200000,4.0235000,84274000
070818,000000,4.0545000,4.1225000,4.0220000,4.1100000,81492000
080818,000000,4.1265000,4.1280000,4.0250000,4.0715000,96181000
090818,000000,4.0450000,4.0570000,3.9640000,4.0570000,87805000
100818,000000,4.0530000,4.0600000,3.8225000,3.8440000,150720000
130818,000000,3.7875000,4.0120000,3.7700000,3.9500000,141455000
140818,000000,3.9800000,4.0000000,3.9590000,3.9760000,105037000
150818,000000,3.9855000,4.0350000,3.9575000,4.0350000,140693000
160818,000000,4.0350000,4.0635000,4.0200000,4.0290000,98946000
170818,000000,4.0255000,4.0395000,3.9175000,3.9830000,79829000
200818,000000,4.0100000,4.0500000,3.9910000,4.0260000,54930000
210818,000000,4.0435000,4.0595000,4.0015000,4.0595000,86496000
220818,000000,4.0650000,4.1195000,4.0255000,4.0570000,97732000
230818,000000,4.0405000,4.0650000,3.9515000,4.0000000,96744000
240818,000000,3.9950000,4.0120000,3.8600000,3.9055000,78498000
270818,000000,3.9375000,4.0400000,3.9120000,4.0400000,124111000
280818,000000,4.0400000,4.0685000,3.9850000,4.0240000,62337000
290818,000000,4.0080000,4.0360000,3.9900000,4.0100000,63633000
300818,000000,4.0100000,4.0290000,3.9505000,3.9870000,100283000
310818,000000,3.9805000,4.0400000,3.9170000,4.0400000,92184000
030918,000000,4.0330000,4.0400000,3.9905000,4.0130000,24810000
040918,000000,4.0400000,4.0485000,3.9650000,3.9750000,43927000
050918,000000,3.9745000,3.9955000,3.9410000,3.9500000,79895000
060918,000000,3.9695000,3.9895000,3.8150000,3.8690000,62241000
070918,000000,3.8730000,3.9150000,3.6905000,3.7600000,103567000
100918,000000,3.7730000,3.8240000,3.6735000,3.7190000,74894000
110918,000000,3.6955000,3.7985000,3.6790000,3.7800000,144738000
120918,000000,3.7940000,3.8900000,3.7610000,3.8900000,78360000
130918,000000,3.8900000,3.9650000,3.8645000,3.9200000,68632000
140918,000000,3.9490000,3.9830000,3.9345000,3.9500000,61799000
170918,000000,3.9665000,4.1350000,3.9610000,4.0775000,138114000
180918,000000,4.0840000,4.1975000,4.0685000,4.1930000,131450000
190918,000000,4.1865000,4.1995000,4.1050000,4.1200000,69623000
200918,000000,4.1065000,4.1700000,4.0735000,4.0865000,178392000
210918,000000,4.1045000,4.1900000,4.0120000,4.0120000,251195000
240918,000000,4.0500000,4.0960000,4.0200000,4.0705000,43616000
250918,000000,4.0730000,4.1295000,4.0405000,4.1295000,65790000
260918,000000,4.1240000,4.1690000,4.1155000,4.1300000,80028000
270918,000000,4.1300000,4.1800000,4.1230000,4.1785000,80177000
280918,000000,4.1625000,4.1705000,4.0155000,4.1065000,80239000
011018,000000,4.1115000,4.1230000,4.0030000,4.0375000,66293000
021018,000000,4.0740000,4.1200000,4.0410000,4.1095000,75305000
031018,000000,4.1150000,4.1340000,4.0230000,4.0800000,93405000
041018,000000,4.0830000,4.1310000,4.0700000,4.0900000,71187000
051018,000000,4.0900000,4.1005000,4.0205000,4.0205000,89170000
081018,000000,4.0300000,4.0585000,3.9250000,3.9700000,70091000
091018,000000,4.0000000,4.0400000,3.9255000,3.9255000,55323000
101018,000000,3.9600000,4.0350000,3.9480000,3.9920000,71452000
111018,000000,3.9325000,3.9895000,3.8815000,3.9580000,80789000
121018,000000,3.9700000,3.9880000,3.8705000,3.8840000,60379000
151018,000000,3.8960000,3.9470000,3.8415000,3.8555000,47354000
161018,000000,3.8660000,3.9805000,3.8650000,3.9795000,68866000
171018,000000,3.9690000,4.0735000,3.9685000,4.0735000,80981000
181018,000000,4.0425000,4.0670000,3.9645000,3.9975000,89851000
191018,000000,3.9880000,4.0245000,3.8610000,3.8860000,44427000
221018,000000,3.9020000,3.9190000,3.8575000,3.8700000,39305000
231018,000000,3.8540000,3.8710000,3.7300000,3.7300000,90357000
241018,000000,3.7495000,3.8000000,3.7300000,3.7300000,64247000
251018,000000,3.7430000,3.7485000,3.6560000,3.6850000,85695000
261018,000000,3.6800000,3.7200000,3.6300000,3.7200000,56079000
291018,000000,3.7345000,3.8390000,3.7285000,3.8270000,71745000
301018,000000,3.8290000,3.9215000,3.7695000,3.9215000,75434000
311018,000000,3.9400000,3.9820000,3.8860000,3.9820000,113515000
011118,000000,3.9820000,3.9985000,3.9220000,3.9985000,98875000
021118,000000,3.9980000,4.0065000,3.9200000,3.9445000,66837000
061118,000000,3.9680000,4.0000000,3.9310000,4.0000000,77318000
071118,000000,4.0035000,4.0475000,3.9455000,4.0245000,59283000
081118,000000,4.0250000,4.0630000,3.9890000,3.9900000,97832000
091118,000000,3.9890000,4.0295000,3.8935000,4.0295000,139811000
121118,000000,4.0445000,4.0490000,3.9405000,3.9500000,52606000
131118,000000,3.9475000,4.0310000,3.9300000,4.0300000,118145000
141118,000000,4.0300000,4.0455000,3.9415000,3.9790000,82602000
151118,000000,3.9930000,4.0180000,3.9490000,3.9810000,37035000
161118,000000,3.9890000,4.0020000,3.9520000,3.9570000,60580000
191118,000000,3.9595000,3.9730000,3.8530000,3.8575000,54658000
201118,000000,3.8550000,3.9185000,3.8060000,3.8060000,52377000
211118,000000,3.8250000,3.9190000,3.8235000,3.8825000,61833000
221118,000000,3.8825000,3.9610000,3.8825000,3.9610000,43333000
231118,000000,3.9480000,3.9760000,3.8945000,3.9760000,46333000
261118,000000,3.9700000,3.9855000,3.8435000,3.8995000,88361000
271118,000000,3.8700000,3.9670000,3.8625000,3.9555000,45978000
281118,000000,3.9440000,3.9750000,3.9180000,3.9400000,50384000
291118,000000,3.9480000,3.9960000,3.9300000,3.9675000,78937000
301118,000000,3.9670000,4.0950000,3.9535000,4.0950000,118203000
031218,000000,4.0810000,4.1250000,4.0585000,4.0905000,90469000
041218,000000,4.0770000,4.1235000,4.0375000,4.1235000,98582000
051218,000000,4.1030000,4.1200000,3.9910000,4.0495000,99338000
061218,000000,4.0385000,4.1170000,3.9540000,4.0040000,94302000
071218,000000,4.0100000,4.0285000,3.9010000,3.9420000,126947000
101218,000000,3.9400000,3.9570000,3.8825000,3.8895000,54213000
111218,000000,3.9030000,3.9245000,3.8525000,3.8815000,105388000
121218,000000,3.9060000,3.9200000,3.8605000,3.8835000,53621000
131218,000000,3.8755000,3.9495000,3.8755000,3.9200000,93103000
141218,000000,3.9025000,3.9155000,3.8460000,3.8840000,44728000
171218,000000,3.8520000,3.9260000,3.8520000,3.9035000,57516000
181218,000000,3.8510000,3.9400000,3.8510000,3.9025000,88295000
191218,000000,3.8905000,3.9130000,3.8710000,3.8865000,74903000
201218,000000,3.8865000,3.9000000,3.8705000,3.9000000,99648000
211218,000000,3.8750000,3.9200000,3.8675000,3.8675000,147415000
241218,000000,3.8735000,3.9035000,3.8675000,3.8915000,13053000
251218,000000,3.8690000,3.8690000,3.7200000,3.8240000,17118000
261218,000000,3.8295000,3.8455000,3.8015000,3.8455000,6752000
271218,000000,3.8700000,3.9165000,3.8465000,3.9165000,53365000
281218,000000,3.9200000,3.9395000,3.8700000,3.8845000,37322000
291218,000000,3.8845000,3.9030000,3.8700000,3.8795000,4026000
030119,000000,3.8735000,3.9985000,3.8355000,3.9760000,88276000
040119,000000,3.9760000,3.9800000,3.9210000,3.9700000,64048000
080119,000000,3.9540000,3.9620000,3.8830000,3.9100000,82982000
090119,000000,3.9070000,3.9825000,3.9070000,3.9825000,90847000
100119,000000,3.9575000,4.0000000,3.9270000,3.9425000,108927000
110119,000000,3.9585000,3.9690000,3.9130000,3.9600000,94705000
140119,000000,3.9575000,3.9620000,3.9125000,3.9500000,64885000
150119,000000,3.9595000,3.9595000,3.9030000,3.9365000,95092000
160119,000000,3.9325000,3.9560000,3.9210000,3.9560000,70648000
170119,000000,3.9555000,3.9555000,3.9200000,3.9310000,65515000
180119,000000,3.9310000,3.9425000,3.8500000,3.8600000,95446000
210119,000000,3.8710000,3.9000000,3.8450000,3.8500000,43173000
220119,000000,3.8475000,3.8660000,3.7960000,3.8100000,137099000
230119,000000,3.8150000,3.8765000,3.8125000,3.8590000,133809000
240119,000000,3.8640000,3.8945000,3.8305000,3.8925000,104141000
250119,000000,3.8885000,3.8890000,3.8510000,3.8700000,89697000
280119,000000,3.8700000,3.8740000,3.8340000,3.8480000,31988000
290119,000000,3.8525000,3.8780000,3.8240000,3.8605000,51481000
300119,000000,3.8700000,3.8720000,3.8305000,3.8500000,74618000
310119,000000,3.8695000,3.8710000,3.8250000,3.8250000,108169000
010219,000000,3.8350000,3.8845000,3.8275000,3.8800000,79448000
040219,000000,3.8700000,3.8830000,3.8480000,3.8500000,55977000
050219,000000,3.8535000,3.8750000,3.8450000,3.8460000,40363000
060219,000000,3.8550000,3.8550000,3.8140000,3.8140000,72235000
070219,000000,3.8140000,3.8230000,3.7665000,3.7670000,70900000
080219,000000,3.7740000,3.8765000,3.7680000,3.8680000,102587000
110219,000000,3.8585000,3.8740000,3.8400000,3.8740000,41481000
120219,000000,3.8730000,3.9070000,3.8520000,3.9000000,91744000
130219,000000,3.8835000,3.9190000,3.8460000,3.8920000,67541000
140219,000000,3.8600000,3.8920000,3.8070000,3.8385000,70925000
150219,000000,3.8600000,3.8890000,3.8455000,3.8850000,60324000
180219,000000,3.8850000,3.8975000,3.7850000,3.7955000,60732000
190219,000000,3.8085000,3.8635000,3.8010000,3.8635000,43973000
200219,000000,3.8635000,3.8900000,3.8520000,3.8750000,92818000
210219,000000,3.8785000,3.8870000,3.8375000,3.8750000,85340000
220219,000000,3.8630000,3.8800000,3.8550000,3.8650000,56616000
250219,000000,3.8700000,3.8985000,3.8625000,3.8800000,64491000
260219,000000,3.8665000,3.9320000,3.8655000,3.9300000,84891000
270219,000000,3.9300000,3.9430000,3.9000000,3.9260000,92686000
280219,000000,3.9175000,3.9285000,3.8800000,3.9150000,84184000
010319,000000,3.9120000,3.9350000,3.8895000,3.9350000,81716000
040319,000000,3.9370000,3.9700000,3.9300000,3.9425000,47151000
050319,000000,3.9300000,3.9510000,3.8530000,3.8530000,66166000
060319,000000,3.8505000,3.8900000,3.8345000,3.8635000,54376000
070319,000000,3.8605000,3.8890000,3.8300000,3.8460000,43941000
110319,000000,3.8580000,3.8595000,3.8110000,3.8435000,56131000
120319,000000,3.8395000,3.8760000,3.8225000,3.8730000,37053000
130319,000000,3.8730000,3.8795000,3.8355000,3.8680000,38692000
140319,000000,3.8690000,3.8690000,3.8330000,3.8500000,32803000
150319,000000,3.8495000,3.8900000,3.8215000,3.8900000,125949000
180319,000000,3.8745000,3.8800000,3.8400000,3.8400000,46737000
190319,000000,3.8550000,3.8575000,3.8135000,3.8150000,47615000
200319,000000,3.8275000,3.8450000,3.8150000,3.8350000,38868000
210319,000000,3.8380000,3.8585000,3.8220000,3.8500000,91834000
220319,000000,3.8545000,3.8545000,3.8000000,3.8300000,60694000
250319,000000,3.8295000,3.8400000,3.7905000,3.8210000,35164000
260319,000000,3.8250000,3.8350000,3.8150000,3.8235000,33890000
270319,000000,3.8290000,3.8300000,3.7610000,3.7795000,61404000
280319,000000,3.7915000,3.7915000,3.7515000,3.7800000,56653000
290319,000000,3.7800000,3.7900000,3.7270000,3.7370000,45754000
010419,000000,3.7505000,3.7565000,3.7105000,3.7250000,62457000
020419,000000,3.7325000,3.7400000,3.6860000,3.7000000,90017000
030419,000000,3.7110000,3.7215000,3.6710000,3.6995000,86492000
040419,000000,3.6900000,3.7115000,3.6225000,3.6275000,129455000
050419,000000,3.6290000,3.6545000,3.6090000,3.6210000,73047000
080419,000000,3.6285000,3.7045000,3.6205000,3.7005000,113543000
090419,000000,3.7005000,3.7300000,3.6955000,3.7210000,62008000
100419,000000,3.7165000,3.7700000,3.7100000,3.7700000,72147000
110419,000000,3.7600000,3.7645000,3.7000000,3.7500000,65903000
120419,000000,3.7500000,3.7595000,3.7100000,3.7550000,57787000
150419,000000,3.7500000,3.7595000,3.6970000,3.7400000,42108000
160419,000000,3.7405000,3.7985000,3.7110000,3.7700000,105366000
170419,000000,3.7800000,3.7990000,3.7565000,3.7930000,58751000
180419,000000,3.7860000,3.8185000,3.7790000,3.8185000,30263000
190419,000000,3.8180000,3.8375000,3.8020000,3.8100000,16632000
220419,000000,3.8100000,3.9190000,3.7890000,3.8375000,104702000
230419,000000,3.8420000,3.9540000,3.8400000,3.9500000,160129000
240419,000000,3.9450000,3.9700000,3.8920000,3.9115000,118842000
250419,000000,3.9200000,3.9650000,3.8650000,3.9650000,92809000
260419,000000,3.9570000,3.9800000,3.9155000,3.9775000,57236000
290419,000000,3.9795000,3.9900000,3.9405000,3.9700000,38177000
300419,000000,3.9605000,3.9710000,3.9100000,3.9200000,81063000
020519,000000,3.9350000,3.9365000,3.8900000,3.9270000,27915000
030519,000000,3.9425000,3.9450000,3.8985000,3.8985000,49609000
060519,000000,3.8995000,3.9100000,3.8570000,3.8960000,67145000
070519,000000,3.9050000,3.9050000,3.8500000,3.9000000,83661000
080519,000000,3.8905000,3.8905000,3.8210000,3.8420000,90912000
100519,000000,3.8315000,3.8600000,3.7895000,3.7895000,79613000
130519,000000,3.8005000,3.8890000,3.7965000,3.8505000,90142000
140519,000000,3.8655000,3.9580000,3.8590000,3.9505000,166556000
150519,000000,3.9460000,4.1270000,3.9005000,4.1050000,266079000
160519,000000,4.1250000,4.1990000,3.9605000,4.0175000,228263000
170519,000000,3.9975000,4.0490000,3.8900000,3.8900000,184063000
200519,000000,3.9145000,3.9555000,3.8500000,3.8645000,120913000
210519,000000,3.8650000,4.0470000,3.8645000,4.0200000,137539000
220519,000000,4.0400000,4.1800000,3.9905000,4.0855000,241010000
230519,000000,4.0740000,4.1295000,3.9875000,4.0055000,100798000
240519,000000,4.0305000,4.1155000,4.0000000,4.0750000,119728000
270519,000000,4.0745000,4.0895000,4.0440000,4.0750000,54239000
280519,000000,4.0705000,4.1000000,4.0160000,4.0985000,409867000
290519,000000,4.0700000,4.1000000,4.0565000,4.0995000,126324000
300519,000000,3.9505000,3.9735000,3.9315000,3.9695000,119044000
310519,000000,3.9740000,4.0140000,3.9515000,4.0140000,80993000
030619,000000,3.9975000,4.0000000,3.9395000,3.9995000,103909000
040619,000000,3.9890000,4.0020000,3.9350000,3.9350000,90267000
050619,000000,3.9460000,4.0595000,3.9425000,4.0595000,180249000
060619,000000,4.0440000,4.1250000,4.0250000,4.1250000,162254000
070619,000000,4.1250000,4.1600000,4.0555000,4.1000000,206196000
100619,000000,4.1100000,4.1270000,4.0510000,4.0890000,83337000
110619,000000,4.0965000,4.2650000,4.0860000,4.2650000,246212000
130619,000000,4.2795000,4.8720000,4.2780000,4.4585000,786997000
140619,000000,4.4615000,4.6490000,4.3900000,4.4645000,330488000
170619,000000,4.5000000,4.8500000,4.4655000,4.7300000,440891000
180619,000000,4.7300000,4.8400000,4.6620000,4.7925000,317921000
190619,000000,4.8070000,4.9695000,4.7400000,4.9215000,240321000
200619,000000,4.9635000,5.1195000,4.9280000,4.9575000,307258000
210619,000000,4.9210000,4.9900000,4.9000000,4.9250000,345618000
240619,000000,4.9225000,5.1200000,4.9220000,5.0515000,249112000
250619,000000,5.0400000,5.0800000,4.8060000,4.8235000,258584000
260619,000000,4.8065000,4.8295000,4.5145000,4.5400000,319294000
270619,000000,4.5205000,4.6845000,4.4520000,4.5870000,281302000
280619,000000,4.5980000,4.6185000,4.5200000,4.5290000,116731000
010719,000000,4.5595000,4.7165000,4.5365000,4.7040000,176281000
020719,000000,4.7170000,4.7450000,4.6530000,4.7250000,108631000
030719,000000,4.7100000,4.8260000,4.7000000,4.7700000,149638000
040719,000000,4.7985000,4.7990000,4.5100000,4.7580000,117249000
050719,000000,4.7630000,4.7775000,4.6105000,4.6630000,107323000
080719,000000,4.6210000,4.6495000,4.5255000,4.5720000,148821000
090719,000000,4.5590000,4.6095000,4.5350000,4.5705000,96358000
100719,000000,4.5875000,4.6565000,4.5390000,4.6520000,111786000
110719,000000,4.6930000,4.7170000,4.5465000,4.5835000,97844000
120719,000000,4.5615000,4.5940000,4.4325000,4.5495000,123151000
150719,000000,4.5720000,4.6410000,4.5595000,4.6410000,65669000
160719,000000,4.6490000,4.6675000,4.4425000,4.5450000,240529000
170719,000000,4.5260000,4.5550000,4.4590000,4.5510000,76131000
180719,000000,4.5120000,4.5660000,4.4910000,4.5660000,59664000
190719,000000,4.5685000,4.6410000,4.5275000,4.5380000,79675000
220719,000000,4.5470000,4.5750000,4.4590000,4.4650000,84895000
230719,000000,4.4715000,4.5685000,4.4700000,4.5540000,87741000
240719,000000,4.5410000,4.5800000,4.4950000,4.5800000,57951000
250719,000000,4.5675000,4.6500000,4.5150000,4.6205000,89688000
260719,000000,4.6395000,4.6400000,4.5055000,4.5055000,131221000
290719,000000,4.5355000,4.5445000,4.5055000,4.5435000,30350000
300719,000000,4.5495000,4.5500000,4.4985000,4.5445000,31659000
310719,000000,4.5190000,4.5440000,4.4715000,4.4715000,81689000
010819,000000,4.4640000,4.5150000,4.4625000,4.5000000,78904000
020819,000000,4.4700000,4.4890000,4.3080000,4.3365000,200303000
050819,000000,4.3110000,4.3110000,4.1700000,4.1700000,245214000
060819,000000,4.1850000,4.2500000,4.1765000,4.1910000,174543000
070819,000000,4.2170000,4.2845000,4.1050000,4.1520000,306611000
080819,000000,4.1750000,4.2590000,4.1570000,4.2415000,176615000
090819,000000,4.2375000,4.2665000,4.1950000,4.2170000,99934000
120819,000000,4.2500000,4.2760000,4.2150000,4.2575000,86398000
130819,000000,4.2595000,4.2740000,4.2155000,4.2600000,98969000
140819,000000,4.3000000,4.3200000,4.1115000,4.1500000,196571000
150819,000000,4.1500000,4.1995000,4.1120000,4.1560000,139422000
160819,000000,4.1700000,4.1810000,4.0900000,4.1160000,84189000
190819,000000,4.1585000,4.1585000,4.0620000,4.1310000,137009000
200819,000000,4.1315000,4.1545000,4.0860000,4.0900000,81336000
210819,000000,4.0765000,4.1265000,4.0700000,4.0950000,97431000
220819,000000,4.0950000,4.1030000,4.0415000,4.0615000,84314000
230819,000000,4.0685000,4.0880000,4.0115000,4.0795000,106173000
260819,000000,4.0600000,4.1050000,4.0500000,4.0500000,49180000
270819,000000,4.0545000,4.1915000,4.0545000,4.1915000,239900000
280819,000000,4.1850000,4.2530000,4.1740000,4.2530000,153737000
290819,000000,4.2500000,4.3800000,4.2450000,4.3800000,214206000
300819,000000,4.3790000,4.3890000,4.2840000,4.2900000,108231000
020919,000000,4.2945000,4.3320000,4.2555000,4.2955000,68728000
030919,000000,4.2910000,4.2915000,4.1500000,4.2200000,133309000
040919,000000,4.2400000,4.2590000,4.2000000,4.2160000,88178000
050919,000000,4.2400000,4.3990000,4.2355000,4.3795000,308085000
060919,000000,4.3980000,4.4080000,4.3200000,4.3780000,106493000
090919,000000,4.3780000,4.4060000,4.2810000,4.3105000,123242000
100919,000000,4.2810000,4.3590000,4.2810000,4.3485000,86513000
110919,000000,4.3375000,4.4010000,4.3265000,4.4010000,104802000
120919,000000,4.3950000,4.6195000,4.3830000,4.6000000,374629000
130919,000000,4.6070000,4.9330000,4.5600000,4.9300000,925107000
160919,000000,4.9485000,5.0585000,4.8600000,4.9080000,540694000
170919,000000,4.9000000,4.9000000,4.6640000,4.7000000,690974000
180919,000000,4.7000000,4.8195000,4.6685000,4.7555000,381419000
190919,000000,4.7550000,4.7795000,4.6120000,4.7420000,315704000
200919,000000,4.7525000,4.7685000,4.6735000,4.6735000,303304000
230919,000000,4.6800000,4.6800000,4.5150000,4.5800000,160323000
240919,000000,4.6045000,4.6150000,4.4725000,4.5040000,163724000
250919,000000,4.5055000,4.5450000,4.4260000,4.4760000,201953000
260919,000000,4.4820000,4.6200000,4.4530000,4.5495000,206310000
270919,000000,4.5500000,4.5700000,4.5010000,4.5375000,131592000
300919,000000,4.5280000,4.5385000,4.4315000,4.4895000,161467000
011019,000000,4.4800000,4.4875000,4.3080000,4.3695000,210069000
021019,000000,4.3650000,4.3730000,4.2225000,4.2395000,305269000
031019,000000,4.2440000,4.3595000,4.2000000,4.3000000,291138000
041019,000000,4.3130000,4.3750000,4.2900000,4.3560000,134070000
071019,000000,4.3640000,4.3900000,4.3110000,4.3610000,92165000
081019,000000,4.3705000,4.3765000,4.2715000,4.3070000,134435000
091019,000000,4.2900000,4.3645000,4.2775000,4.3570000,120919000
101019,000000,4.3405000,4.4650000,4.3365000,4.4285000,272973000
111019,000000,4.4435000,4.5130000,4.3900000,4.3965000,221672000
141019,000000,4.4140000,4.4300000,4.2920000,4.3105000,130433000
151019,000000,4.2950000,4.3700000,4.2835000,4.3500000,128346000
161019,000000,4.3500000,4.4200000,4.3040000,4.3930000,130943000
171019,000000,4.4100000,4.4945000,4.3440000,4.4850000,207958000
181019,000000,4.4685000,4.4840000,4.4125000,4.4720000,131705000
211019,000000,4.4745000,4.4900000,4.4300000,4.4815000,94577000
221019,000000,4.4755000,4.6000000,4.4550000,4.5900000,347581000
231019,000000,4.5790000,4.6320000,4.5440000,4.6290000,209568000
241019,000000,4.6260000,4.6455000,4.5800000,4.6395000,200602000
251019,000000,4.5985000,4.6090000,4.4415000,4.5000000,303399000
281019,000000,4.5115000,4.5295000,4.3110000,4.3110000,302787000
291019,000000,4.3120000,4.4050000,4.3110000,4.4040000,268395000
301019,000000,4.4000000,4.4165000,4.3420000,4.3785000,186807000
311019,000000,4.3770000,4.4770000,4.3200000,4.3200000,285694000
011119,000000,4.3245000,4.3950000,4.3025000,4.3950000,206415000
051119,000000,4.4015000,4.5000000,4.3970000,4.4590000,291652000
061119,000000,4.4585000,4.4995000,4.4210000,4.4995000,167211000
071119,000000,4.4885000,4.6250000,4.4745000,4.5815000,387450000
081119,000000,4.5520000,4.5950000,4.5015000,4.5440000,179141000
111119,000000,4.5445000,4.6100000,4.5215000,4.5780000,145898000
121119,000000,4.5800000,4.6450000,4.5710000,4.6080000,213719000
131119,000000,4.5895000,4.6500000,4.5600000,4.6480000,151309000
141119,000000,4.6530000,4.7000000,4.4850000,4.5480000,304641000
151119,000000,4.5745000,4.6195000,4.5100000,4.5245000,284311000
181119,000000,4.5610000,4.5725000,4.5005000,4.5725000,122056000
191119,000000,4.5720000,4.5745000,4.4800000,4.5245000,279289000
201119,000000,4.5200000,4.5590000,4.4635000,4.5590000,161121000
211119,000000,4.5265000,4.5550000,4.4870000,4.5365000,151315000
221119,000000,4.5500000,4.5570000,4.4380000,4.4690000,217486000
251119,000000,4.4705000,4.4935000,4.4105000,4.4410000,226170000
261119,000000,4.4430000,4.4590000,4.3665000,4.3700000,371789000
271119,000000,4.3750000,4.4480000,4.3740000,4.4455000,187235000
281119,000000,4.4375000,4.4460000,4.3820000,4.3900000,97227000
291119,000000,4.3885000,4.4595000,4.3865000,4.4595000,137730000
021219,000000,4.4615000,4.5770000,4.4255000,4.5105000,274702000
031219,000000,4.5000000,4.5100000,4.3985000,4.4000000,239937000
041219,000000,4.4295000,4.4495000,4.3515000,4.4010000,154068000
051219,000000,4.4130000,4.4400000,4.4000000,4.4400000,114079000
061219,000000,4.4295000,4.5250000,4.4295000,4.5250000,126119000
091219,000000,4.5250000,4.5650000,4.4815000,4.5300000,146130000
101219,000000,4.5305000,4.5465000,4.4800000,4.5050000,131342000
111219,000000,4.5050000,4.5540000,4.5005000,4.5260000,88070000
121219,000000,4.5530000,4.5895000,4.5310000,4.5450000,174015000
131219,000000,4.5640000,4.7135000,4.5590000,4.7135000,243728000
161219,000000,4.7085000,4.7335000,4.5085000,4.6880000,313886000
171219,000000,4.6875000,4.7500000,4.6875000,4.7350000,156246000
181219,000000,4.7410000,4.8885000,4.7200000,4.8055000,391614000
191219,000000,4.8110000,4.9500000,4.8105000,4.9375000,370181000
201219,000000,4.9490000,4.9750000,4.9000000,4.9635000,181942000
231219,000000,4.9550000,4.9975000,4.9500000,4.9860000,92548000
241219,000000,4.9890000,4.9985000,4.9350000,4.9735000,121810000
251219,000000,4.9795000,4.9900000,4.9515000,4.9880000,33446000
261219,000000,4.9890000,4.9960000,4.9715000,4.9905000,35027000
271219,000000,5.0000000,5.0810000,4.9600000,5.0720000,162597000
301219,000000,5.0735000,5.0900000,4.9940000,5.0420000,89939000
030120,000000,5.0450000,5.1450000,5.0410000,5.0920000,150074000
060120,000000,5.0655000,5.2070000,5.0500000,5.1740000,136277000
080120,000000,5.1505000,5.6000000,5.1425000,5.5980000,287076000
090120,000000,5.5940000,5.9170000,5.5320000,5.6465000,464546000
100120,000000,5.6470000,5.8485000,5.5800000,5.7440000,278389000
130120,000000,5.7735000,6.0975000,5.7150000,6.0965000,318101000
140120,000000,6.0950000,6.2950000,5.7270000,5.8775000,739582000
150120,000000,5.9325000,6.1445000,5.7500000,5.8590000,385202000
160120,000000,5.8725000,6.0695000,5.8120000,5.8895000,384899000
170120,000000,5.9190000,6.0300000,5.8240000,5.9185000,291254000
200120,000000,5.9430000,6.0400000,5.8905000,6.0300000,186847000
210120,000000,6.0000000,6.1235000,5.9050000,6.0130000,140421000
220120,000000,6.0130000,6.1300000,5.8600000,5.8600000,327039000
230120,000000,5.8500000,5.9460000,5.7610000,5.9100000,185594000
240120,000000,5.9700000,5.9795000,5.8515000,5.8800000,135717000
270120,000000,5.8310000,5.8470000,5.6005000,5.6670000,189257000
280120,000000,5.6735000,5.8445000,5.5535000,5.8020000,289361000
290120,000000,5.8400000,5.9260000,5.8100000,5.9190000,127851000
300120,000000,5.8470000,6.0000000,5.8050000,5.9400000,261837000
310120,000000,5.9525000,6.0255000,5.7850000,5.7850000,242965000
030220,000000,5.7215000,5.8685000,5.6300000,5.8285000,198572000
040220,000000,5.8640000,5.9620000,5.8270000,5.9210000,160051000
050220,000000,5.9550000,6.0195000,5.9000000,5.9600000,220047000
060220,000000,5.9700000,6.0245000,5.8200000,5.8990000,219381000
070220,000000,5.9170000,5.9380000,5.8100000,5.8790000,108432000
100220,000000,5.8720000,5.9000000,5.8315000,5.9000000,142755000
110220,000000,5.9200000,5.9895000,5.8720000,5.9505000,285723000
120220,000000,5.9555000,6.0895000,5.9460000,6.0400000,320048000
130220,000000,6.0400000,6.3455000,5.9875000,6.2800000,555372000
140220,000000,6.3510000,6.3635000,6.1650000,6.3095000,241809000
170220,000000,6.3300000,6.5000000,6.2840000,6.5000000,230440000
180220,000000,6.5020000,6.5205000,6.3055000,6.3105000,246222000
190220,000000,6.3900000,6.4195000,6.1745000,6.3100000,228968000
200220,000000,6.3550000,6.4285000,6.2620000,6.3500000,228008000
210220,000000,6.3400000,6.3465000,6.2065000,6.2200000,154389000
250220,000000,6.1200000,6.2635000,5.9375000,5.9375000,373414000
260220,000000,5.9200000,5.9815000,5.7335000,5.9100000,461836000
270220,000000,5.9000000,5.9400000,5.5800000,5.7575000,411849000
280220,000000,5.6065000,5.6950000,5.2000000,5.2040000,781363000
020320,000000,5.3200000,5.5665000,5.2450000,5.4285000,663972000
030320,000000,5.6630000,5.7400000,5.4800000,5.6700000,326540000
040320,000000,5.6610000,5.7420000,5.5025000,5.6325000,355571000
050320,000000,5.6995000,5.7075000,5.5320000,5.6050000,233463000
060320,000000,5.4705000,5.5400000,5.1795000,5.4550000,490589000
100320,000000,4.9500000,5.4795000,4.8620000,4.9400000,564390000
110320,000000,5.0345000,5.0840000,4.9250000,4.9640000,389840000
120320,000000,4.7010000,4.7880000,4.4500000,4.4500000,557017000
130320,000000,4.4600000,4.6500000,4.3515000,4.4060000,633552000
160320,000000,4.2500000,4.5710000,4.2100000,4.4820000,411699000
170320,000000,4.4560000,4.5835000,4.3335000,4.4390000,362035000
180320,000000,4.3505000,4.5000000,4.1650000,4.1800000,401198000
190320,000000,4.1800000,4.5305000,4.0500000,4.4180000,399356000
200320,000000,4.5695000,4.8650000,4.5300000,4.6365000,524516000
230320,000000,4.5200000,4.8000000,4.3710000,4.5640000,293197000
240320,000000,4.7555000,4.9700000,4.7120000,4.8410000,281653000
250320,000000,4.9100000,5.0580000,4.6800000,4.8665000,385113000
260320,000000,4.8210000,4.9000000,4.7425000,4.7950000,365842000
270320,000000,4.8270000,4.8295000,4.4415000,4.5500000,351649000
300320,000000,4.4460000,4.6995000,4.3600000,4.6995000,206878000
310320,000000,4.7540000,4.9495000,4.7200000,4.9225000,311359000
010420,000000,4.7905000,4.9500000,4.7470000,4.9055000,284637000
020420,000000,5.0035000,5.0300000,4.8100000,4.9335000,227164000
030420,000000,4.9655000,5.0455000,4.9035000,5.0450000,162189000
060420,000000,5.0915000,5.3390000,5.0700000,5.2965000,233663000
070420,000000,5.3825000,5.5100000,5.1700000,5.2710000,414126000
080420,000000,5.2710000,5.3315000,5.1900000,5.2865000,195624000
090420,000000,5.3300000,5.3885000,5.2010000,5.2710000,247217000
100420,000000,5.2410000,5.2800000,5.1555000,5.2500000,70207000
130420,000000,5.3100000,5.3655000,5.1265000,5.2345000,88087000
140420,000000,5.2885000,5.3300000,5.2205000,5.2480000,109311000
150420,000000,5.2450000,5.2475000,4.8420000,4.8895000,307476000
160420,000000,4.9340000,4.9895000,4.7800000,4.8455000,305625000
170420,000000,4.9215000,5.0690000,4.8670000,4.9700000,236449000
200420,000000,4.9505000,5.0875000,4.9410000,4.9605000,151509000
210420,000000,4.8855000,4.9250000,4.7050000,4.8570000,216849000
220420,000000,4.8495000,5.1850000,4.8030000,4.9870000,249754000
230420,000000,5.0400000,5.0835000,4.8755000,4.9985000,196367000
240420,000000,4.9755000,4.9930000,4.8585000,4.9140000,188485000
270420,000000,4.9345000,5.0470000,4.9180000,5.0000000,140544000
280420,000000,4.9915000,5.2440000,4.9800000,5.1775000,301756000
290420,000000,5.1810000,5.2545000,5.1175000,5.2340000,149750000
300420,000000,5.2845000,5.3005000,4.9500000,5.0000000,543318000
040520,000000,4.9775000,4.9840000,4.8605000,4.9310000,159840000
050520,000000,4.9845000,5.0170000,4.9350000,4.9390000,125586000
060520,000000,4.9645000,5.0280000,4.8800000,4.8805000,231128000
070520,000000,4.8995000,4.9340000,4.8500000,4.8625000,169337000
080520,000000,4.8800000,4.9315000,4.8500000,4.8780000,150875000
120520,000000,4.8985000,4.9130000,4.7655000,4.8235000,287683000
130520,000000,4.7945000,4.8900000,4.6800000,4.7090000,396118000
140520,000000,4.6980000,4.7100000,4.5735000,4.6560000,342890000
150520,000000,4.7025000,4.7860000,4.6530000,4.6530000,200576000
180520,000000,4.7220000,4.7940000,4.7110000,4.7450000,178843000
190520,000000,4.7600000,4.8440000,4.7535000,4.8100000,237413000
200520,000000,4.8300000,4.9300000,4.8110000,4.8900000,304470000
210520,000000,4.8915000,4.9820000,4.8510000,4.8510000,276881000
220520,000000,4.8500000,4.9850000,4.8420000,4.9695000,277090000
250520,000000,4.9880000,5.1635000,4.9815000,5.1490000,264905000
260520,000000,5.1780000,5.2430000,5.0585000,5.1100000,344739000
270520,000000,5.1195000,5.1580000,4.9630000,5.0780000,317008000
280520,000000,5.0790000,5.1140000,5.0205000,5.1140000,285526000
290520,000000,4.9410000,4.9900000,4.8950000,4.9440000,354466000
010620,000000,4.9595000,4.9800000,4.9000000,4.9485000,176687000
020620,000000,4.9480000,5.0700000,4.9250000,5.0530000,253592000
030620,000000,5.0655000,5.0900000,5.0000000,5.0895000,250162000
040620,000000,5.0890000,5.0890000,4.9030000,4.9985000,245430000
050620,000000,4.9890000,5.0590000,4.9500000,5.0450000,132145000
080620,000000,5.0400000,5.1770000,5.0045000,5.1350000,263686000
090620,000000,5.1400000,5.1465000,4.9875000,5.0410000,176297000
100620,000000,5.0410000,5.0870000,4.9400000,4.9700000,265130000
110620,000000,4.9400000,4.9400000,4.8110000,4.8435000,244173000
150620,000000,4.8005000,5.0435000,4.7210000,4.9585000,389252000
160620,000000,4.9970000,5.0680000,4.9410000,5.0000000,236078000
170620,000000,5.0155000,5.0335000,4.9615000,5.0000000,169138000
180620,000000,4.9800000,5.0025000,4.8830000,4.9555000,216532000
190620,000000,4.9850000,5.0450000,4.9400000,4.9420000,257469000
220620,000000,4.9500000,5.0125000,4.8705000,4.9700000,203216000
230620,000000,4.9970000,4.9985000,4.9095000,4.9380000,182740000
250620,000000,4.8795000,4.9130000,4.7905000,4.8680000,367704000
260620,000000,4.8695000,4.9570000,4.8405000,4.8980000,247238000
290620,000000,4.8800000,4.9340000,4.8165000,4.8820000,190208000
300620,000000,4.8820000,4.9000000,4.8410000,4.8650000,139836000
020720,000000,4.8795000,5.0225000,4.8750000,5.0090000,262093000
030720,000000,5.0025000,5.0300000,4.9560000,5.0180000,121384000
060720,000000,5.0500000,5.1400000,5.0400000,5.0785000,195008000
070720,000000,5.0315000,5.1180000,5.0100000,5.0600000,298865000
080720,000000,5.0695000,5.0935000,5.0235000,5.0755000,146750000
090720,000000,5.0765000,5.0900000,5.0260000,5.0400000,193748000
100720,000000,5.0280000,5.0795000,4.9510000,5.0575000,87724000
130720,000000,5.0820000,5.1105000,5.0005000,5.0170000,88995000
140720,000000,5.0150000,5.0425000,4.9770000,5.0200000,201964000
150720,000000,5.0320000,5.0350000,4.9845000,5.0000000,164963000
160720,000000,4.9995000,5.0245000,4.9600000,4.9945000,144059000
170720,000000,5.0000000,5.3800000,4.9770000,5.3350000,954172000
200720,000000,5.3395000,5.7300000,5.2200000,5.6735000,917164000
210720,000000,5.6980000,5.9465000,5.6300000,5.6600000,931178000
220720,000000,5.6700000,5.8640000,5.5740000,5.8155000,366986000
230720,000000,5.8500000,5.8725000,5.7000000,5.7500000,360121000
240720,000000,5.7500000,6.0630000,5.6755000,6.0225000,532448000
