230118,000000,3868.5000000,3870.0000000,3791.0000000,3841.5000000,818691
240118,000000,3841.0000000,3852.5000000,3808.0000000,3850.0000000,523930
250118,000000,3859.5000000,3860.0000000,3808.0000000,3825.0000000,1088608
260118,000000,3819.5000000,3828.0000000,3780.5000000,3821.0000000,628492
290118,000000,3826.0000000,3830.5000000,3759.0000000,3778.0000000,726608
300118,000000,3753.0000000,3816.0000000,3703.0000000,3713.0000000,827096
310118,000000,3700.0000000,3759.0000000,3697.0000000,3728.0000000,1035787
010218,000000,3728.0000000,3762.5000000,3722.5000000,3760.5000000,506162
020218,000000,3753.0000000,3798.0000000,3741.0000000,3797.0000000,691958
050218,000000,3770.5000000,3787.5000000,3746.0000000,3752.0000000,723768
060218,000000,3677.0000000,3718.0000000,3611.5000000,3655.5000000,1798247
070218,000000,3686.5000000,3754.0000000,3675.0000000,3735.0000000,860437
080218,000000,3715.5000000,3750.5000000,3681.0000000,3686.0000000,1005624
090218,000000,3651.0000000,3679.5000000,3615.0000000,3617.5000000,1284030
120218,000000,3635.0000000,3682.5000000,3621.0000000,3656.5000000,745625
130218,000000,3663.0000000,3737.0000000,3650.0000000,3729.5000000,830472
140218,000000,3730.0000000,3751.5000000,3685.0000000,3709.0000000,680365
150218,000000,3736.0000000,3767.0000000,3726.5000000,3730.0000000,848052
160218,000000,3746.0000000,3819.0000000,3735.0000000,3751.0000000,795551
190218,000000,3755.0000000,3778.0000000,3705.5000000,3715.0000000,393621
200218,000000,3714.5000000,3744.0000000,3686.5000000,3744.0000000,362052
210218,000000,3735.0000000,3819.0000000,3731.5000000,3808.5000000,584017
220218,000000,3790.0000000,3836.0000000,3772.0000000,3836.0000000,772007
260218,000000,3868.5000000,3899.0000000,3814.0000000,3839.5000000,680629
270218,000000,3836.5000000,3855.5000000,3786.0000000,3838.5000000,658939
280218,000000,3816.0000000,3832.5000000,3775.0000000,3776.5000000,792666
010318,000000,3767.5000000,3790.0000000,3741.0000000,3754.0000000,575379
020318,000000,3750.0000000,3769.0000000,3675.5000000,3749.5000000,561753
050318,000000,3752.5000000,3786.0000000,3726.5000000,3730.0000000,374002
060318,000000,3744.5000000,3766.0000000,3727.5000000,3744.0000000,642927
070318,000000,3724.5000000,3726.0000000,3690.0000000,3721.0000000,677599
090318,000000,3710.0000000,3789.0000000,3706.0000000,3789.0000000,325216
120318,000000,3786.5000000,3794.0000000,3740.0000000,3770.0000000,372537
130318,000000,3767.0000000,3776.0000000,3742.0000000,3773.0000000,507728
140318,000000,3753.5000000,3776.0000000,3735.0000000,3742.0000000,502865
150318,000000,3746.5000000,3800.0000000,3718.5000000,3800.0000000,942981
160318,000000,3791.5000000,3874.5000000,3773.5000000,3874.5000000,1187368
190318,000000,3872.5000000,3880.0000000,3807.5000000,3815.0000000,580752
200318,000000,3827.0000000,3869.5000000,3792.0000000,3860.0000000,744160
210318,000000,3865.0000000,3937.0000000,3849.0000000,3874.0000000,783353
220318,000000,3885.0000000,3903.0000000,3829.0000000,3857.0000000,605800
230318,000000,3837.0000000,3915.0000000,3818.0000000,3874.5000000,1101700
260318,000000,3875.0000000,3889.0000000,3800.0000000,3800.0000000,637023
270318,000000,3831.5000000,3909.0000000,3820.0000000,3878.0000000,888225
280318,000000,3858.0000000,3947.0000000,3850.5000000,3927.0000000,708407
290318,000000,3931.0000000,3991.5000000,3916.5000000,3991.5000000,860928
300318,000000,3988.0000000,4004.0000000,3961.0000000,3961.0000000,265634
020418,000000,3965.0000000,4005.0000000,3955.5000000,3955.5000000,434343
030418,000000,3960.5000000,3975.0000000,3920.5000000,3951.0000000,460181
040418,000000,3945.5000000,3966.0000000,3897.0000000,3939.0000000,644493
050418,000000,3942.0000000,3990.0000000,3942.0000000,3990.0000000,615901
060418,000000,3967.5000000,3972.5000000,3918.5000000,3939.0000000,570461
090418,000000,3920.0000000,3920.5000000,3532.5000000,3620.0000000,2907522
100418,000000,3642.5000000,3935.0000000,3621.0000000,3908.5000000,2030557
110418,000000,3879.5000000,4077.0000000,3865.0000000,4070.0000000,2053143
120418,000000,4077.0000000,4098.0000000,3944.5000000,3979.0000000,1183797
130418,000000,3980.5000000,3982.0000000,3882.5000000,3902.0000000,1187061
160418,000000,3885.5000000,3935.5000000,3851.5000000,3892.0000000,755713
170418,000000,3918.0000000,3951.0000000,3905.0000000,3940.0000000,1010952
180418,000000,3935.0000000,4033.5000000,3927.5000000,4030.0000000,1086043
190418,000000,4028.0000000,4056.0000000,3994.0000000,4015.0000000,704154
200418,000000,4009.0000000,4029.0000000,3965.0000000,3985.0000000,433172
230418,000000,3981.5000000,4019.0000000,3933.0000000,3974.0000000,818623
240418,000000,4001.0000000,4063.0000000,3980.0000000,3999.5000000,730291
250418,000000,3971.0000000,4029.0000000,3950.5000000,4029.0000000,506256
260418,000000,4029.0000000,4157.0000000,4016.5000000,4140.0000000,957595
270418,000000,4140.5000000,4215.0000000,4140.5000000,4212.0000000,796150
280418,000000,4202.0000000,4202.0000000,4170.0000000,4178.0000000,82467
300418,000000,4180.5000000,4243.0000000,4156.5000000,4156.5000000,536920
020518,000000,4155.0000000,4206.0000000,4141.0000000,4141.0000000,577685
030518,000000,4136.5000000,4160.5000000,4068.0000000,4068.0000000,712695
040518,000000,4089.5000000,4128.0000000,4080.5000000,4108.0000000,558863
070518,000000,4119.5000000,4176.0000000,4112.0000000,4121.0000000,297022
080518,000000,4110.0000000,4180.0000000,4086.5000000,4180.0000000,693220
100518,000000,4225.0000000,4288.0000000,4209.5000000,4235.0000000,900266
110518,000000,4250.0000000,4383.0000000,4236.0000000,4383.0000000,950014
140518,000000,4373.0000000,4407.5000000,4322.5000000,4407.5000000,814347
150518,000000,4379.5000000,4404.0000000,4355.0000000,4392.0000000,860313
160518,000000,4380.5000000,4418.0000000,4347.5000000,4410.0000000,758822
170518,000000,4409.0000000,4430.5000000,4354.0000000,4354.0000000,672611
180518,000000,4360.0000000,4450.0000000,4354.5000000,4450.0000000,765700
210518,000000,4442.0000000,4453.5000000,4398.5000000,4398.5000000,497963
220518,000000,4408.0000000,4414.5000000,4337.0000000,4360.0000000,749297
230518,000000,4338.0000000,4338.5000000,4251.5000000,4263.0000000,789928
240518,000000,4283.0000000,4298.5000000,4230.0000000,4230.0000000,566271
250518,000000,4246.5000000,4281.5000000,4206.0000000,4248.0000000,766496
280518,000000,4252.0000000,4300.5000000,4217.0000000,4290.0000000,299236
290518,000000,4297.0000000,4298.5000000,4163.0000000,4224.0000000,839202
300518,000000,4220.5000000,4268.0000000,4181.5000000,4246.5000000,695064
310518,000000,4255.0000000,4262.0000000,4157.5000000,4209.0000000,1514501
010618,000000,4200.5000000,4258.0000000,4180.5000000,4205.5000000,749537
040618,000000,4224.5000000,4304.5000000,4224.5000000,4299.0000000,747434
050618,000000,4297.5000000,4313.5000000,4248.5000000,4278.0000000,1061031
060618,000000,4285.0000000,4285.0000000,4212.5000000,4264.5000000,523800
070618,000000,4270.0000000,4292.0000000,4250.0000000,4250.0000000,517950
080618,000000,4235.0000000,4282.5000000,4159.5000000,4159.5000000,939614
090618,000000,4172.5000000,4198.0000000,4168.5000000,4193.0000000,52580
110618,000000,4194.0000000,4199.5000000,4140.0000000,4159.5000000,301376
130618,000000,4181.5000000,4208.5000000,4140.0000000,4140.0000000,771934
140618,000000,4123.0000000,4136.0000000,4083.0000000,4090.0000000,564758
150618,000000,4102.5000000,4137.0000000,4053.0000000,4055.0000000,1592254
180618,000000,4039.0000000,4082.0000000,4018.0000000,4045.5000000,576631
190618,000000,4031.0000000,4108.5000000,4006.0000000,4091.0000000,833354
200618,000000,4106.0000000,4161.5000000,4097.5000000,4132.0000000,792489
210618,000000,4135.0000000,4171.5000000,4117.5000000,4135.0000000,693357
220618,000000,4155.0000000,4189.0000000,4125.0000000,4125.0000000,672993
250618,000000,4113.0000000,4167.5000000,4110.0000000,4140.0000000,489174
260618,000000,4151.0000000,4173.0000000,4128.0000000,4154.0000000,420364
270618,000000,4173.5000000,4259.0000000,4172.0000000,4222.0000000,592971
280618,000000,4220.0000000,4272.0000000,4212.5000000,4230.5000000,677872
290618,000000,4255.0000000,4355.0000000,4250.5000000,4350.0000000,1011367
020718,000000,4339.0000000,4401.0000000,4319.5000000,4376.0000000,853290
030718,000000,4366.0000000,4393.0000000,4322.0000000,4325.0000000,549349
040718,000000,4334.5000000,4349.5000000,4326.5000000,4334.5000000,152187
050718,000000,4331.0000000,4462.0000000,4326.0000000,4462.0000000,693200
060718,000000,4452.0000000,4452.0000000,4351.5000000,4415.5000000,740949
090718,000000,4410.5000000,4460.0000000,4410.0000000,4452.0000000,646440
100718,000000,4369.0000000,4409.5000000,4336.0000000,4355.0000000,1009272
110718,000000,4343.0000000,4350.0000000,4280.0000000,4280.0000000,594089
120718,000000,4273.0000000,4302.5000000,4223.0000000,4236.0000000,704863
130718,000000,4245.0000000,4333.5000000,4244.5000000,4319.0000000,556147
160718,000000,4320.0000000,4347.0000000,4265.0000000,4300.5000000,460353
170718,000000,4287.5000000,4287.5000000,4200.0000000,4262.5000000,562882
180718,000000,4269.0000000,4308.5000000,4240.0000000,4299.0000000,604992
190718,000000,4295.5000000,4334.0000000,4269.5000000,4334.0000000,577605
200718,000000,4340.0000000,4357.5000000,4286.0000000,4300.0000000,583318
230718,000000,4295.0000000,4382.5000000,4276.5000000,4340.0000000,441906
240718,000000,4360.0000000,4360.0000000,4317.5000000,4322.0000000,334112
250718,000000,4312.0000000,4396.0000000,4305.0000000,4385.0000000,470637
260718,000000,4400.0000000,4421.0000000,4387.5000000,4420.0000000,526279
270718,000000,4417.5000000,4426.0000000,4383.0000000,4425.0000000,359005
300718,000000,4400.5000000,4430.0000000,4370.5000000,4410.0000000,443180
310718,000000,4400.5000000,4488.0000000,4377.5000000,4451.5000000,803941
010818,000000,4460.0000000,4509.0000000,4454.5000000,4494.0000000,512006
020818,000000,4483.0000000,4527.0000000,4478.0000000,4501.5000000,442819
030818,000000,4485.5000000,4529.0000000,4467.5000000,4499.5000000,479732
060818,000000,4501.5000000,4517.0000000,4450.0000000,4479.0000000,410159
070818,000000,4479.0000000,4539.0000000,4472.0000000,4520.0000000,428156
080818,000000,4520.0000000,4525.0000000,4448.0000000,4499.0000000,536679
090818,000000,4490.0000000,4598.0000000,4490.0000000,4598.0000000,700909
100818,000000,4591.0000000,4648.0000000,4546.0000000,4577.0000000,669231
130818,000000,4551.0000000,4601.5000000,4521.5000000,4541.0000000,728252
140818,000000,4560.0000000,4579.0000000,4452.5000000,4460.0000000,754314
150818,000000,4454.0000000,4465.0000000,4361.5000000,4428.5000000,885542
160818,000000,4428.5000000,4440.0000000,4351.5000000,4396.0000000,435443
170818,000000,4388.0000000,4418.0000000,4358.0000000,4375.0000000,435001
200818,000000,4395.0000000,4425.0000000,4370.0000000,4386.0000000,268771
210818,000000,4393.5000000,4466.5000000,4353.0000000,4465.0000000,511213
220818,000000,4472.0000000,4512.5000000,4449.0000000,4512.5000000,507659
230818,000000,4512.5000000,4541.0000000,4421.0000000,4450.0000000,656188
240818,000000,4450.0000000,4531.5000000,4423.0000000,4500.5000000,629340
270818,000000,4502.0000000,4577.0000000,4492.0000000,4577.0000000,249895
280818,000000,4581.0000000,4598.0000000,4545.0000000,4587.5000000,405312
290818,000000,4590.0000000,4687.5000000,4585.0000000,4638.5000000,640827
300818,000000,4653.0000000,4738.0000000,4640.5000000,4702.0000000,687408
310818,000000,4695.0000000,4719.5000000,4663.0000000,4700.5000000,711447
030918,000000,4690.5000000,4749.0000000,4685.5000000,4728.0000000,287151
040918,000000,4746.5000000,4762.5000000,4704.5000000,4717.0000000,351573
050918,000000,4704.0000000,4710.5000000,4637.0000000,4637.0000000,528439
060918,000000,4630.0000000,4650.0000000,4594.0000000,4610.5000000,581661
070918,000000,4622.0000000,4649.0000000,4547.0000000,4623.0000000,603367
100918,000000,4643.0000000,4715.0000000,4643.0000000,4688.5000000,410618
110918,000000,4677.0000000,4746.5000000,4665.5000000,4706.5000000,766121
120918,000000,4706.0000000,4744.5000000,4622.5000000,4622.5000000,586148
130918,000000,4622.5000000,4688.5000000,4608.0000000,4659.0000000,586466
140918,000000,4650.0000000,4670.0000000,4603.0000000,4604.0000000,441501
170918,000000,4607.0000000,4643.0000000,4572.0000000,4631.0000000,454145
180918,000000,4630.0000000,4697.0000000,4601.5000000,4685.0000000,698648
190918,000000,4692.0000000,4726.5000000,4673.5000000,4719.0000000,609368
200918,000000,4709.5000000,4735.0000000,4676.5000000,4701.0000000,1675912
210918,000000,4695.0000000,4755.0000000,4678.5000000,4737.5000000,1411674
240918,000000,4746.0000000,4798.0000000,4724.5000000,4780.0000000,614783
250918,000000,4797.5000000,4900.0000000,4780.0000000,4900.0000000,720923
260918,000000,4895.5000000,4908.5000000,4777.0000000,4828.5000000,933935
270918,000000,4821.0000000,4952.5000000,4813.0000000,4952.0000000,1132248
280918,000000,4945.0000000,5042.5000000,4930.5000000,5022.0000000,761228
011018,000000,5045.0000000,5115.0000000,4980.0000000,5016.0000000,944424
021018,000000,5035.0000000,5037.5000000,4877.0000000,4898.5000000,842097
031018,000000,4912.5000000,5055.0000000,4905.0000000,5035.0000000,1026867
041018,000000,5022.5000000,5035.0000000,4956.0000000,4990.0000000,804072
051018,000000,4983.0000000,5043.5000000,4962.5000000,4987.0000000,503045
081018,000000,4982.5000000,5015.0000000,4941.5000000,4966.0000000,381816
091018,000000,4981.5000000,5031.0000000,4970.5000000,4971.5000000,436439
101018,000000,4993.0000000,4993.5000000,4901.5000000,4901.5000000,393776
111018,000000,4840.0000000,4883.0000000,4770.5000000,4804.0000000,945898
121018,000000,4850.0000000,4880.5000000,4806.0000000,4806.0000000,477708
151018,000000,4837.0000000,4837.0000000,4733.0000000,4747.0000000,435021
161018,000000,4755.0000000,4797.0000000,4721.5000000,4795.0000000,467828
171018,000000,4819.0000000,4832.5000000,4732.0000000,4773.0000000,394493
181018,000000,4760.0000000,4770.0000000,4682.0000000,4694.5000000,457530
191018,000000,4700.0000000,4750.0000000,4665.5000000,4693.0000000,660853
221018,000000,4706.0000000,4725.0000000,4635.5000000,4673.5000000,383618
231018,000000,4692.5000000,4896.0000000,4692.5000000,4770.0000000,2788433
241018,000000,4824.0000000,4995.0000000,4798.0000000,4995.0000000,6610685
251018,000000,4940.0000000,4968.0000000,4886.0000000,4943.0000000,1786287
261018,000000,4921.0000000,4924.5000000,4806.0000000,4888.5000000,1084957
291018,000000,4885.0000000,4926.5000000,4856.0000000,4872.5000000,623901
301018,000000,4840.5000000,4855.0000000,4726.0000000,4778.5000000,839558
311018,000000,4801.0000000,4946.0000000,4801.0000000,4945.0000000,798685
011118,000000,4907.5000000,5004.0000000,4861.5000000,4937.0000000,694601
021118,000000,4948.0000000,5004.5000000,4910.0000000,4980.0000000,895397
061118,000000,4988.5000000,5083.0000000,4976.0000000,5055.0000000,908838
071118,000000,5051.0000000,5174.5000000,5016.0000000,5174.5000000,732491
081118,000000,5176.5000000,5192.5000000,5130.0000000,5160.0000000,588711
091118,000000,5136.0000000,5147.5000000,4996.5000000,5094.5000000,895836
121118,000000,5102.0000000,5191.0000000,5102.0000000,5129.0000000,513438
131118,000000,5116.5000000,5126.5000000,4941.0000000,4959.5000000,1246101
141118,000000,4922.5000000,4933.0000000,4831.5000000,4856.5000000,963420
151118,000000,4864.5000000,4914.0000000,4835.0000000,4854.0000000,568798
161118,000000,4860.0000000,4915.0000000,4813.0000000,4824.0000000,655020
191118,000000,4850.0000000,4912.0000000,4820.0000000,4845.5000000,593220
201118,000000,4830.0000000,4830.0000000,4743.0000000,4809.5000000,620100
211118,000000,4790.0000000,4835.0000000,4766.0000000,4800.0000000,632050
221118,000000,4799.0000000,4819.0000000,4755.0000000,4813.5000000,434836
231118,000000,4799.5000000,4800.0000000,4624.5000000,4670.0000000,1187806
261118,000000,4697.0000000,4699.5000000,4555.0000000,4623.0000000,1163846
271118,000000,4632.0000000,4703.0000000,4609.0000000,4689.0000000,1042279
281118,000000,4697.0000000,4758.0000000,4655.5000000,4717.5000000,777732
291118,000000,4729.5000000,4796.0000000,4659.0000000,4766.0000000,1277628
301118,000000,4773.0000000,4900.0000000,4765.0000000,4896.0000000,1412279
031218,000000,4993.5000000,5098.5000000,4952.0000000,5098.5000000,1396559
041218,000000,5099.0000000,5221.0000000,5030.0000000,5209.0000000,1267829
051218,000000,5158.5000000,5260.0000000,5129.5000000,5260.0000000,940566
061218,000000,5220.0000000,5325.0000000,5084.0000000,5162.5000000,1361525
071218,000000,5170.0000000,5321.5000000,5103.0000000,5266.5000000,1470542
101218,000000,5248.5000000,5342.0000000,5149.0000000,5173.5000000,1072534
111218,000000,5162.5000000,5289.5000000,5114.0000000,5267.0000000,884565
121218,000000,5250.0000000,5270.0000000,5102.0000000,5102.0000000,830557
131218,000000,5106.0000000,5156.0000000,5040.5000000,5131.5000000,901654
141218,000000,5116.5000000,5141.5000000,5079.0000000,5100.0000000,733967
171218,000000,5091.0000000,5137.5000000,5071.0000000,5100.0000000,629913
181218,000000,5049.0000000,5049.5000000,4900.0000000,4925.0000000,1405169
191218,000000,4890.0000000,4928.5000000,4865.0000000,4910.0000000,933898
201218,000000,4828.0000000,4838.5000000,4716.5000000,4808.5000000,1554653
211218,000000,4789.5000000,4954.0000000,4745.0000000,4930.0000000,2281956
241218,000000,4899.0000000,4966.0000000,4842.5000000,4909.0000000,621647
251218,000000,4842.0000000,4842.5000000,4744.5000000,4810.0000000,268289
261218,000000,4829.0000000,4859.0000000,4803.0000000,4829.5000000,182431
271218,000000,4901.0000000,4925.5000000,4858.0000000,4884.0000000,492346
281218,000000,4911.5000000,5009.5000000,4901.5000000,4955.5000000,662150
291218,000000,4975.0000000,5000.0000000,4965.0000000,4997.0000000,54826
030119,000000,4982.0000000,5050.0000000,4886.5000000,5007.0000000,631615
040119,000000,5024.5000000,5083.0000000,5021.0000000,5074.5000000,350474
080119,000000,5038.5000000,5056.0000000,4964.5000000,5039.0000000,987712
090119,000000,5049.0000000,5077.0000000,5025.0000000,5060.0000000,819984
100119,000000,5045.0000000,5152.0000000,5004.0000000,5152.0000000,806494
110119,000000,5155.0000000,5212.0000000,5135.5000000,5200.0000000,682067
140119,000000,5175.0000000,5200.0000000,5134.5000000,5200.0000000,417211
150119,000000,5214.0000000,5237.5000000,5125.0000000,5195.0000000,609635
160119,000000,5199.0000000,5209.5000000,5114.0000000,5129.0000000,507266
170119,000000,5122.0000000,5187.0000000,5060.0000000,5184.5000000,704313
180119,000000,5190.0000000,5206.0000000,5143.0000000,5193.5000000,584946
210119,000000,5207.5000000,5224.0000000,5180.5000000,5200.0000000,279718
220119,000000,5187.0000000,5212.0000000,5158.5000000,5186.0000000,651425
230119,000000,5190.0000000,5222.0000000,5176.5000000,5205.5000000,591116
240119,000000,5185.5000000,5196.5000000,5143.5000000,5196.5000000,639779
250119,000000,5196.0000000,5246.0000000,5183.5000000,5215.0000000,665388
280119,000000,5212.0000000,5215.0000000,5143.0000000,5165.0000000,659653
290119,000000,5150.5000000,5215.0000000,5136.0000000,5196.5000000,514678
300119,000000,5184.5000000,5227.0000000,5184.0000000,5227.0000000,456459
310119,000000,5241.5000000,5300.0000000,5228.0000000,5272.5000000,789846
010219,000000,5265.5000000,5329.5000000,5241.0000000,5319.5000000,546317
040219,000000,5330.0000000,5406.0000000,5314.5000000,5350.0000000,489070
050219,000000,5363.5000000,5435.0000000,5363.0000000,5435.0000000,392905
060219,000000,5439.0000000,5488.5000000,5402.5000000,5461.0000000,567976
070219,000000,5442.0000000,5464.5000000,5385.0000000,5385.0000000,558896
080219,000000,5368.0000000,5403.0000000,5334.5000000,5386.0000000,514434
110219,000000,5382.0000000,5440.0000000,5380.0000000,5419.5000000,424220
120219,000000,5419.5000000,5475.5000000,5391.5000000,5439.0000000,437942
130219,000000,5432.5000000,5435.5000000,5313.0000000,5351.0000000,749959
140219,000000,5313.0000000,5395.0000000,5291.0000000,5360.5000000,811001
150219,000000,5386.5000000,5448.0000000,5361.5000000,5426.0000000,455032
180219,000000,5440.0000000,5485.5000000,5404.0000000,5483.5000000,505005
190219,000000,5484.0000000,5496.0000000,5428.5000000,5443.5000000,518590
200219,000000,5455.0000000,5495.0000000,5438.5000000,5445.0000000,583576
210219,000000,5438.0000000,5465.5000000,5416.0000000,5447.5000000,472522
220219,000000,5455.0000000,5527.0000000,5445.5000000,5527.0000000,570703
250219,000000,5531.0000000,5587.5000000,5496.5000000,5533.0000000,547672
260219,000000,5509.0000000,5551.0000000,5455.5000000,5551.0000000,594281
270219,000000,5562.0000000,5581.0000000,5526.5000000,5580.0000000,472825
280219,000000,5575.5000000,5587.5000000,5501.0000000,5501.0000000,851870
010319,000000,5516.5000000,5535.0000000,5488.0000000,5500.5000000,486453
040319,000000,5501.0000000,5550.0000000,5467.0000000,5546.5000000,425164
050319,000000,5532.0000000,5660.0000000,5530.0000000,5622.5000000,648885
060319,000000,5609.0000000,5730.0000000,5609.0000000,5713.0000000,768818
070319,000000,5690.0000000,5719.5000000,5642.5000000,5677.0000000,620619
110319,000000,5650.0000000,5669.0000000,5561.0000000,5561.0000000,662681
120319,000000,5584.0000000,5618.5000000,5571.0000000,5576.0000000,557910
130319,000000,5574.0000000,5609.0000000,5542.5000000,5609.0000000,530059
140319,000000,5616.0000000,5627.0000000,5580.0000000,5608.0000000,451193
150319,000000,5606.5000000,5662.5000000,5575.5000000,5662.5000000,988177
180319,000000,5625.5000000,5674.5000000,5600.0000000,5610.0000000,480394
190319,000000,5620.0000000,5682.5000000,5595.0000000,5682.5000000,552139
200319,000000,5683.0000000,5770.0000000,5664.0000000,5770.0000000,680849
210319,000000,5773.0000000,5793.5000000,5730.0000000,5759.0000000,1112729
220319,000000,5759.0000000,5799.0000000,5732.0000000,5793.5000000,700806
250319,000000,5760.0000000,5775.0000000,5729.0000000,5740.0000000,688338
260319,000000,5745.0000000,5819.5000000,5728.5000000,5809.0000000,485916
270319,000000,5803.5000000,5859.5000000,5802.5000000,5850.0000000,541983
280319,000000,5840.0000000,5890.0000000,5809.0000000,5880.0000000,646242
290319,000000,5882.0000000,5895.0000000,5841.0000000,5894.0000000,708408
010419,000000,5893.0000000,5942.5000000,5878.5000000,5909.0000000,433719
020419,000000,5915.5000000,5958.0000000,5902.0000000,5958.0000000,578390
030419,000000,5961.5000000,5996.0000000,5926.0000000,5926.0000000,595513
040419,000000,5929.5000000,5942.5000000,5863.0000000,5865.0000000,623514
050419,000000,5875.0000000,5905.0000000,5822.0000000,5822.0000000,473342
080419,000000,5844.0000000,5866.5000000,5800.5000000,5826.0000000,619725
090419,000000,5850.0000000,5850.0000000,5695.0000000,5736.0000000,1067202
100419,000000,5736.0000000,5738.5000000,5685.5000000,5692.0000000,763093
110419,000000,5686.0000000,5695.0000000,5627.5000000,5630.0000000,709762
120419,000000,5636.0000000,5647.5000000,5573.5000000,5600.0000000,610035
150419,000000,5604.5000000,5637.5000000,5586.0000000,5590.0000000,434850
160419,000000,5603.0000000,5662.0000000,5563.0000000,5609.5000000,733285
170419,000000,5630.0000000,5650.0000000,5548.0000000,5584.0000000,654225
180419,000000,5584.0000000,5610.0000000,5570.0000000,5610.0000000,467663
190419,000000,5619.0000000,5632.5000000,5600.0000000,5602.0000000,83266
220419,000000,5625.0000000,5696.5000000,5621.5000000,5690.0000000,276489
230419,000000,5700.0000000,5833.5000000,5700.0000000,5780.0000000,813821
240419,000000,5777.0000000,5800.0000000,5713.5000000,5760.0000000,636519
250419,000000,5762.5000000,5787.0000000,5648.5000000,5648.5000000,813191
260419,000000,5645.0000000,5646.0000000,5585.0000000,5588.0000000,671679
290419,000000,5612.0000000,5650.0000000,5545.5000000,5552.0000000,460460
300419,000000,5560.5000000,5581.0000000,5475.0000000,5511.0000000,924493
020519,000000,5511.0000000,5574.0000000,5506.5000000,5551.0000000,550104
030519,000000,5571.0000000,5599.5000000,5444.0000000,5453.0000000,729111
060519,000000,5421.0000000,5478.0000000,5369.0000000,5478.0000000,437714
070519,000000,5475.0000000,5479.5000000,5362.0000000,5405.5000000,1171596
080519,000000,5397.5000000,5406.5000000,5331.0000000,5331.0000000,802202
100519,000000,5316.0000000,5349.5000000,5258.0000000,5290.0000000,685318
130519,000000,5296.0000000,5378.0000000,5287.5000000,5350.0000000,821577
140519,000000,5340.0000000,5340.0000000,5165.0000000,5188.5000000,2211566
150519,000000,5206.0000000,5206.0000000,5000.0000000,5000.0000000,1739162
160519,000000,5010.0000000,5297.5000000,4980.0000000,5200.0000000,2898058
170519,000000,5178.0000000,5292.5000000,5170.5000000,5260.0000000,1401055
200519,000000,5254.5000000,5289.0000000,5172.5000000,5172.5000000,982966
210519,000000,5186.0000000,5329.5000000,5173.0000000,5300.0000000,1132774
220519,000000,5299.5000000,5364.5000000,5281.0000000,5317.5000000,746807
230519,000000,5299.5000000,5308.0000000,5260.0000000,5275.0000000,862257
240519,000000,5285.0000000,5313.0000000,5227.5000000,5240.0000000,847716
270519,000000,5254.5000000,5277.0000000,5198.0000000,5220.0000000,511907
280519,000000,5247.0000000,5272.0000000,5055.0000000,5100.0000000,6565396
290519,000000,5090.5000000,5249.0000000,5064.5000000,5240.0000000,1633314
300519,000000,5260.0000000,5324.0000000,5205.0000000,5230.0000000,1027295
310519,000000,5199.5000000,5268.5000000,5185.0000000,5268.5000000,869914
030619,000000,5256.0000000,5287.0000000,5226.0000000,5254.5000000,889984
040619,000000,5250.5000000,5276.5000000,5142.5000000,5170.0000000,1120326
050619,000000,5180.0000000,5184.5000000,5090.0000000,5103.0000000,912191
060619,000000,5108.5000000,5157.0000000,5095.0000000,5156.5000000,800121
070619,000000,5170.0000000,5184.0000000,5115.0000000,5133.0000000,1285645
100619,000000,5140.0000000,5186.0000000,5140.0000000,5181.0000000,601975
110619,000000,5175.0000000,5247.0000000,5165.0000000,5237.0000000,1052918
130619,000000,5210.0000000,5229.0000000,5155.0000000,5210.5000000,998626
140619,000000,5193.0000000,5236.5000000,5178.5000000,5178.5000000,742589
170619,000000,5178.5000000,5220.5000000,5163.0000000,5190.0000000,775838
180619,000000,5183.0000000,5230.0000000,5157.5000000,5230.0000000,936063
190619,000000,5233.0000000,5255.5000000,5169.0000000,5245.0000000,856972
200619,000000,5265.0000000,5357.5000000,5258.5000000,5320.0000000,1662109
210619,000000,5307.0000000,5338.0000000,5268.5000000,5338.0000000,1544763
240619,000000,5333.5000000,5349.0000000,5270.0000000,5270.0000000,567632
250619,000000,5264.0000000,5311.5000000,5252.5000000,5309.5000000,596263
260619,000000,5309.5000000,5379.0000000,5307.5000000,5358.5000000,679367
270619,000000,5365.0000000,5417.0000000,5344.0000000,5380.0000000,555600
280619,000000,5380.0000000,5401.5000000,5292.5000000,5305.0000000,776245
010719,000000,5355.0000000,5414.0000000,5352.5000000,5378.5000000,576159
020719,000000,5388.0000000,5409.5000000,5359.0000000,5372.0000000,534605
030719,000000,5378.0000000,5387.5000000,5326.5000000,5345.5000000,610995
040719,000000,5350.0000000,5479.5000000,5340.5000000,5464.5000000,743301
050719,000000,5470.0000000,5530.0000000,5431.0000000,5460.0000000,1034428
080719,000000,5327.0000000,5379.0000000,5310.0000000,5357.5000000,673450
090719,000000,5357.5000000,5389.0000000,5353.0000000,5374.0000000,471830
100719,000000,5373.5000000,5376.0000000,5312.0000000,5365.0000000,624066
110719,000000,5368.5000000,5374.5000000,5250.0000000,5270.0000000,717165
120719,000000,5269.5000000,5287.0000000,5210.5000000,5263.0000000,508902
150719,000000,5263.5000000,5263.5000000,5151.5000000,5178.5000000,669642
160719,000000,5175.0000000,5200.5000000,5125.0000000,5190.5000000,659657
170719,000000,5186.5000000,5243.0000000,5172.0000000,5206.0000000,579556
180719,000000,5200.0000000,5223.5000000,5166.0000000,5166.0000000,361679
190719,000000,5186.0000000,5235.0000000,5186.0000000,5200.5000000,283967
220719,000000,5218.0000000,5240.0000000,5165.5000000,5165.5000000,359285
230719,000000,5184.5000000,5215.0000000,5166.5000000,5202.5000000,298236
240719,000000,5201.0000000,5205.0000000,5117.0000000,5134.5000000,538054
250719,000000,5147.0000000,5155.0000000,5062.0000000,5096.5000000,838448
260719,000000,5094.0000000,5150.5000000,5065.0000000,5075.0000000,881141
290719,000000,5080.0000000,5118.0000000,5070.0000000,5094.5000000,389002
300719,000000,5085.5000000,5106.5000000,5056.0000000,5105.0000000,684139
310719,000000,5111.0000000,5262.0000000,5102.5000000,5226.5000000,1159938
010819,000000,5205.0000000,5288.5000000,5194.0000000,5220.5000000,737411
020819,000000,5168.5000000,5245.0000000,5110.0000000,5130.0000000,1024734
050819,000000,5136.0000000,5169.0000000,5073.5000000,5139.0000000,1078788
060819,000000,5139.0000000,5234.5000000,5120.5000000,5234.5000000,1313494
070819,000000,5234.0000000,5262.5000000,5160.0000000,5210.0000000,1155348
080819,000000,5237.5000000,5302.5000000,5236.5000000,5268.0000000,1010545
090819,000000,5275.0000000,5287.0000000,5230.5000000,5287.0000000,765237
120819,000000,5311.5000000,5344.0000000,5292.0000000,5320.0000000,719336
130819,000000,5330.0000000,5330.0000000,5263.5000000,5276.0000000,795743
140819,000000,5274.0000000,5283.0000000,5090.5000000,5106.5000000,943761
150819,000000,5110.5000000,5123.5000000,5023.5000000,5023.5000000,887392
160819,000000,5044.0000000,5125.0000000,4982.0000000,5000.0000000,1041633
190819,000000,5030.0000000,5298.0000000,4996.0000000,5240.0000000,1903635
200819,000000,5260.0000000,5326.5000000,5203.0000000,5326.5000000,1053071
210819,000000,5327.0000000,5336.0000000,5254.0000000,5278.0000000,790053
220819,000000,5287.5000000,5305.0000000,5231.0000000,5275.0000000,599745
230819,000000,5283.5000000,5286.5000000,5158.5000000,5183.5000000,742429
260819,000000,5146.0000000,5210.0000000,5097.5000000,5115.0000000,565508
270819,000000,5121.0000000,5123.0000000,5035.0000000,5086.5000000,2851013
280819,000000,5090.5000000,5242.5000000,5055.5000000,5195.0000000,1911158
290819,000000,5205.0000000,5391.0000000,5199.0000000,5356.0000000,1902812
300819,000000,5358.0000000,5395.0000000,5327.0000000,5379.5000000,737189
020919,000000,5368.5000000,5506.0000000,5342.0000000,5475.0000000,843007
030919,000000,5467.5000000,5469.0000000,5371.0000000,5419.0000000,666799
040919,000000,5437.5000000,5476.0000000,5426.5000000,5450.0000000,683614
050919,000000,5467.0000000,5549.5000000,5460.5000000,5524.5000000,794386
060919,000000,5526.0000000,5555.0000000,5465.0000000,5526.5000000,692258
090919,000000,5539.0000000,5568.0000000,5471.0000000,5500.0000000,393376
100919,000000,5504.5000000,5504.5000000,5427.0000000,5476.0000000,485066
110919,000000,5480.0000000,5540.0000000,5437.0000000,5540.0000000,697747
120919,000000,5529.0000000,5536.5000000,5387.5000000,5429.5000000,852190
130919,000000,5406.5000000,5409.5000000,5340.5000000,5377.5000000,635971
160919,000000,5480.5000000,5582.5000000,5479.5000000,5559.0000000,1863208
170919,000000,5564.5000000,5600.0000000,5416.0000000,5472.5000000,1004642
180919,000000,5461.0000000,5480.5000000,5420.0000000,5467.0000000,571895
190919,000000,5459.5000000,5470.5000000,5382.0000000,5391.0000000,1113844
200919,000000,5388.5000000,5489.0000000,5371.0000000,5489.0000000,1577668
230919,000000,5457.5000000,5458.5000000,5403.0000000,5420.0000000,618624
240919,000000,5425.0000000,5438.5000000,5317.5000000,5337.5000000,688172
250919,000000,5326.0000000,5343.5000000,5265.5000000,5343.5000000,628445
260919,000000,5346.0000000,5399.0000000,5321.0000000,5387.5000000,619043
270919,000000,5380.5000000,5439.5000000,5370.0000000,5405.0000000,414084
300919,000000,5409.5000000,5435.0000000,5375.5000000,5387.5000000,477584
011019,000000,5389.0000000,5750.0000000,5385.0000000,5530.0000000,1691970
021019,000000,5529.5000000,5560.0000000,5405.0000000,5410.0000000,900416
031019,000000,5411.0000000,5450.0000000,5354.0000000,5362.5000000,666560
041019,000000,5380.0000000,5413.5000000,5300.0000000,5335.0000000,626823
071019,000000,5342.0000000,5388.5000000,5321.0000000,5367.0000000,420314
081019,000000,5382.0000000,5382.0000000,5315.0000000,5320.0000000,546390
091019,000000,5318.0000000,5337.5000000,5290.0000000,5304.0000000,532061
101019,000000,5305.0000000,5347.0000000,5261.0000000,5318.5000000,413464
111019,000000,5340.0000000,5466.5000000,5335.0000000,5425.0000000,824742
141019,000000,5430.0000000,5466.0000000,5387.0000000,5450.0000000,656852
151019,000000,5445.5000000,5622.5000000,5413.5000000,5601.5000000,1785229
161019,000000,5615.0000000,5803.5000000,5578.0000000,5710.0000000,3831533
171019,000000,5729.0000000,5817.0000000,5697.0000000,5715.0000000,1744840
181019,000000,5716.0000000,5748.0000000,5698.0000000,5720.0000000,716421
211019,000000,5722.0000000,5808.5000000,5705.5000000,5768.0000000,1073159
221019,000000,5801.0000000,5860.5000000,5771.0000000,5860.5000000,1195317
231019,000000,5845.0000000,5976.0000000,5828.0000000,5976.0000000,1070059
241019,000000,5960.0000000,6156.0000000,5957.0000000,6150.0000000,1728862
251019,000000,6121.5000000,6150.0000000,6026.5000000,6117.5000000,888736
281019,000000,6130.0000000,6194.0000000,5881.0000000,5916.0000000,1869347
291019,000000,5918.0000000,5950.0000000,5775.5000000,5820.0000000,1879840
301019,000000,5807.5000000,5896.0000000,5775.0000000,5850.0000000,1272721
311019,000000,5854.0000000,5977.0000000,5854.0000000,5919.5000000,1293248
011119,000000,5937.0000000,6045.0000000,5923.0000000,6021.0000000,797488
051119,000000,6067.0000000,6098.0000000,5955.0000000,6008.0000000,819944
061119,000000,6006.5000000,6140.0000000,5971.0000000,6140.0000000,1021171
071119,000000,6108.0000000,6144.0000000,6081.0000000,6133.5000000,1046973
081119,000000,6119.0000000,6135.0000000,6000.0000000,6040.0000000,728787
111119,000000,6000.0000000,6048.0000000,5958.5000000,6048.0000000,619156
121119,000000,6043.5000000,6098.5000000,5991.0000000,6033.0000000,633240
131119,000000,6004.5000000,6053.0000000,5976.0000000,6050.0000000,529065
141119,000000,6063.5000000,6165.0000000,6005.5000000,6084.5000000,1035157
151119,000000,6096.0000000,6170.0000000,6073.5000000,6161.0000000,861793
181119,000000,6178.0000000,6194.0000000,6066.5000000,6077.0000000,674162
191119,000000,6088.5000000,6137.0000000,6071.0000000,6090.0000000,536293
201119,000000,6078.0000000,6110.0000000,6025.5000000,6084.5000000,528576
211119,000000,6062.0000000,6088.0000000,6035.0000000,6087.5000000,437364
221119,000000,6070.0000000,6155.0000000,6064.5000000,6120.0000000,636035
251119,000000,6134.0000000,6137.5000000,6090.0000000,6103.0000000,393949
261119,000000,6105.5000000,6150.0000000,6060.0000000,6060.0000000,2319900
271119,000000,6069.5000000,6125.5000000,6060.0000000,6065.0000000,836756
281119,000000,6076.0000000,6133.0000000,6034.0000000,6120.0000000,724775
291119,000000,6120.0000000,6159.5000000,6084.5000000,6137.5000000,700132
021219,000000,6150.0000000,6227.5000000,6121.5000000,6159.5000000,946011
031219,000000,6159.5000000,6181.0000000,6031.5000000,6040.0000000,912105
041219,000000,6055.0000000,6106.5000000,6025.5000000,6073.0000000,682167
051219,000000,6085.0000000,6128.5000000,6054.5000000,6121.5000000,667035
061219,000000,6128.0000000,6220.0000000,6112.5000000,6220.0000000,713191
091219,000000,6232.5000000,6254.5000000,6182.0000000,6182.0000000,772500
101219,000000,6175.0000000,6191.5000000,6090.0000000,6095.0000000,844328
111219,000000,6088.5000000,6169.0000000,6080.0000000,6110.0000000,916855
121219,000000,6149.5000000,6165.0000000,6100.0000000,6136.0000000,1808363
131219,000000,6161.0000000,6197.0000000,6145.0000000,6168.0000000,1140148
161219,000000,6171.0000000,6212.5000000,6171.0000000,6190.0000000,702561
171219,000000,6195.0000000,6238.5000000,6187.5000000,6226.0000000,876756
181219,000000,6227.0000000,6258.5000000,6224.5000000,6250.5000000,1006946
191219,000000,6090.0000000,6150.0000000,6048.5000000,6079.0000000,1602917
201219,000000,6090.0000000,6097.0000000,6046.0000000,6079.5000000,2326657
231219,000000,6075.5000000,6095.0000000,6068.5000000,6082.0000000,766011
241219,000000,6082.0000000,6084.5000000,6050.0000000,6080.5000000,375655
251219,000000,6083.5000000,6089.5000000,6073.0000000,6081.0000000,235338
261219,000000,6081.5000000,6090.0000000,6076.0000000,6085.0000000,252198
271219,000000,6091.0000000,6155.0000000,6086.5000000,6150.0000000,458540
301219,000000,6153.0000000,6174.5000000,6144.0000000,6169.0000000,397296
030120,000000,6203.5000000,6294.0000000,6185.0000000,6294.0000000,791658
060120,000000,6300.0000000,6382.0000000,6284.5000000,6382.0000000,751576
080120,000000,6401.0000000,6513.0000000,6350.5000000,6496.5000000,974042
090120,000000,6450.0000000,6523.5000000,6393.5000000,6430.0000000,876659
100120,000000,6432.5000000,6505.0000000,6395.0000000,6490.0000000,497687
130120,000000,6495.0000000,6541.5000000,6465.0000000,6530.0000000,577701
140120,000000,6544.5000000,6566.5000000,6459.5000000,6520.5000000,718439
150120,000000,6515.5000000,6574.0000000,6480.0000000,6552.5000000,1053251
160120,000000,6558.0000000,6596.0000000,6542.0000000,6590.0000000,1019894
170120,000000,6589.5000000,6714.5000000,6581.0000000,6685.0000000,1209611
200120,000000,6700.0000000,6770.0000000,6684.5000000,6717.0000000,446394
210120,000000,6689.0000000,6716.0000000,6611.0000000,6708.5000000,548342
220120,000000,6713.5000000,6810.0000000,6655.5000000,6655.5000000,867837
230120,000000,6619.5000000,6633.5000000,6536.5000000,6590.0000000,1217162
240120,000000,6608.0000000,6650.0000000,6592.5000000,6620.0000000,506775
270120,000000,6549.5000000,6569.5000000,6413.0000000,6545.0000000,1073913
280120,000000,6568.0000000,6657.0000000,6503.5000000,6650.0000000,769434
290120,000000,6691.0000000,6726.0000000,6601.5000000,6633.0000000,944493
300120,000000,6498.5000000,6535.0000000,6415.0000000,6443.5000000,1580771
310120,000000,6635.0000000,6670.0000000,6540.5000000,6550.5000000,1742128
030220,000000,6519.5000000,6600.0000000,6517.0000000,6594.5000000,2671005
040220,000000,6602.0000000,6633.0000000,6490.0000000,6500.0000000,1670313
050220,000000,6514.0000000,6595.0000000,6452.0000000,6550.5000000,1105040
060220,000000,6584.5000000,6605.0000000,6501.0000000,6506.5000000,685669
070220,000000,6510.0000000,6529.0000000,6405.0000000,6450.5000000,938705
100220,000000,6450.5000000,6451.5000000,6350.0000000,6410.0000000,946881
110220,000000,6420.0000000,6441.5000000,6324.5000000,6397.5000000,1291961
120220,000000,6397.0000000,6466.0000000,6384.5000000,6466.0000000,948883
130220,000000,6455.0000000,6500.0000000,6388.0000000,6470.5000000,711876
140220,000000,6486.0000000,6498.0000000,6410.0000000,6451.0000000,484387
170220,000000,6439.0000000,6483.5000000,6431.0000000,6463.0000000,350221
180220,000000,6441.0000000,6442.0000000,6350.5000000,6378.5000000,713980
190220,000000,6407.5000000,6516.0000000,6405.0000000,6509.0000000,636605
200220,000000,6522.0000000,6560.0000000,6492.5000000,6543.5000000,741043
210220,000000,6519.0000000,6527.5000000,6450.0000000,6450.0000000,612319
250220,000000,6301.0000000,6348.0000000,6150.5000000,6165.0000000,1427706
260220,000000,6149.0000000,6268.0000000,6105.5000000,6256.5000000,1645203
270220,000000,6140.0000000,6186.0000000,6000.0000000,6000.0000000,1505993
280220,000000,5836.0000000,5870.0000000,5607.0000000,5699.5000000,3124084
020320,000000,5816.0000000,5897.5000000,5540.0000000,5550.0000000,2905999
030320,000000,5700.0000000,5900.0000000,5661.0000000,5782.0000000,1946861
040320,000000,5740.5000000,5928.5000000,5701.5000000,5908.5000000,1601548
050320,000000,5978.0000000,5996.0000000,5830.0000000,5862.5000000,1532273
060320,000000,5742.5000000,5775.0000000,5534.5000000,5592.0000000,2266208
100320,000000,5033.0000000,5083.0000000,4450.0000000,4549.0000000,7510762
110320,000000,4652.0000000,4988.0000000,4520.0000000,4908.0000000,4810789
120320,000000,4652.5000000,4745.5000000,4487.5000000,4511.5000000,3677398
130320,000000,4505.0000000,4760.0000000,4414.0000000,4414.0000000,3663056
160320,000000,4414.0000000,4414.0000000,4102.0000000,4251.0000000,2570452
170320,000000,4212.0000000,4326.5000000,4030.0000000,4168.5000000,2244460
180320,000000,4060.0000000,4145.0000000,3744.0000000,3754.0000000,3644119
190320,000000,3834.0000000,4484.5000000,3663.0000000,4333.0000000,4772557
200320,000000,4503.0000000,4745.0000000,4408.0000000,4472.5000000,5008988
230320,000000,4252.5000000,4409.0000000,4122.0000000,4175.5000000,3405101
240320,000000,4484.0000000,4550.0000000,4362.5000000,4494.0000000,2397960
250320,000000,4596.0000000,4725.0000000,4400.0000000,4590.0000000,2898620
260320,000000,4552.0000000,4700.0000000,4484.5000000,4700.0000000,1998767
270320,000000,4699.0000000,4745.0000000,4401.5000000,4430.0000000,2092818
300320,000000,4355.5000000,4459.0000000,4313.0000000,4459.0000000,1720742
310320,000000,4549.0000000,4715.0000000,4501.0000000,4715.0000000,2428925
010420,000000,4595.0000000,4734.5000000,4564.0000000,4674.5000000,1917101
020420,000000,4870.0000000,5229.5000000,4787.5000000,5050.0000000,3850927
030420,000000,5047.5000000,5364.0000000,4927.0000000,5204.5000000,3126770
060420,000000,5215.0000000,5270.0000000,5064.0000000,5163.0000000,2279444
070420,000000,5260.0000000,5260.0000000,5052.5000000,5118.0000000,1835405
080420,000000,5063.5000000,5175.0000000,5036.5000000,5140.0000000,1924196
090420,000000,5197.5000000,5275.0000000,5052.0000000,5201.0000000,2291202
100420,000000,5120.0000000,5139.5000000,5064.0000000,5130.0000000,709604
130420,000000,5117.5000000,5125.0000000,4933.0000000,5040.0000000,939770
140420,000000,5087.5000000,5119.5000000,4825.0000000,4844.0000000,2048920
150420,000000,4799.0000000,4799.0000000,4453.0000000,4484.0000000,2648878
160420,000000,4502.0000000,4631.0000000,4365.0000000,4561.5000000,3413601
170420,000000,4696.5000000,4697.0000000,4545.0000000,4620.0000000,1676884
200420,000000,4559.5000000,4637.0000000,4455.0000000,4522.5000000,1899435
210420,000000,4402.0000000,4533.5000000,4281.0000000,4475.0000000,3797054
220420,000000,4420.0000000,4810.5000000,4385.5000000,4810.5000000,3438361
230420,000000,4895.0000000,4979.5000000,4730.0000000,4902.5000000,2558736
240420,000000,4875.0000000,4876.0000000,4720.0000000,4745.5000000,1841886
270420,000000,4745.0000000,4790.0000000,4620.0000000,4650.0000000,1682738
280420,000000,4624.0000000,4808.0000000,4621.0000000,4738.5000000,2735193
290420,000000,4779.0000000,4940.0000000,4750.0000000,4897.0000000,2888095
300420,000000,4941.0000000,5040.0000000,4816.5000000,4826.5000000,3030267
040520,000000,4787.0000000,4909.5000000,4751.5000000,4848.5000000,1257504
050520,000000,4950.0000000,4985.0000000,4880.0000000,4975.0000000,1426167
060520,000000,5000.0000000,5014.5000000,4825.0000000,4857.5000000,1864425
070520,000000,4864.5000000,4950.0000000,4825.0000000,4839.0000000,1713193
080520,000000,4864.0000000,4879.0000000,4733.0000000,4832.0000000,1617310
120520,000000,4845.0000000,4928.0000000,4824.0000000,4897.5000000,1305808
130520,000000,4879.5000000,4896.0000000,4815.5000000,4819.0000000,1150878
140520,000000,4799.0000000,4870.0000000,4773.0000000,4870.0000000,1470850
150520,000000,4933.0000000,4968.0000000,4874.5000000,4874.5000000,1653522
180520,000000,4972.5000000,5191.5000000,4935.0000000,5170.5000000,2510468
190520,000000,5194.0000000,5285.0000000,5178.5000000,5272.0000000,2104319
200520,000000,5275.0000000,5471.0000000,5238.0000000,5450.0000000,2240019
210520,000000,5459.0000000,5548.0000000,5227.0000000,5286.0000000,2657882
220520,000000,5195.0000000,5348.0000000,5166.0000000,5317.0000000,1586956
250520,000000,5346.5000000,5420.0000000,5344.0000000,5412.5000000,615868
260520,000000,5489.5000000,5539.5000000,5435.0000000,5445.0000000,1602232
270520,000000,5423.5000000,5515.5000000,5285.0000000,5352.5000000,1737876
280520,000000,5354.5000000,5484.5000000,5309.0000000,5392.0000000,1390600
290520,000000,5379.0000000,5379.0000000,5224.0000000,5242.5000000,2451505
010620,000000,5347.5000000,5412.5000000,5269.0000000,5318.0000000,1307649
020620,000000,5357.0000000,5433.0000000,5340.0000000,5400.0000000,1355948
030620,000000,5451.0000000,5566.5000000,5424.0000000,5549.5000000,2082046
040620,000000,5533.5000000,5553.0000000,5430.0000000,5430.0000000,1479541
050620,000000,5476.0000000,5511.5000000,5434.0000000,5460.0000000,1215118
080620,000000,5489.5000000,5527.5000000,5351.0000000,5372.0000000,1549579
090620,000000,5401.0000000,5428.5000000,5305.5000000,5425.0000000,1388256
100620,000000,5410.0000000,5432.0000000,5314.0000000,5342.0000000,1520574
110620,000000,5305.0000000,5355.5000000,5269.0000000,5350.0000000,1426935
150620,000000,5224.5000000,5278.0000000,5120.0000000,5264.0000000,1747549
160620,000000,5327.0000000,5474.5000000,5310.0000000,5392.0000000,1600765
170620,000000,5418.0000000,5441.5000000,5301.0000000,5343.0000000,1356115
180620,000000,5325.0000000,5376.0000000,5290.0000000,5347.0000000,1228059
190620,000000,5411.0000000,5490.0000000,5389.0000000,5460.0000000,1871263
220620,000000,5440.0000000,5504.5000000,5392.0000000,5469.0000000,953142
230620,000000,5480.0000000,5507.0000000,5437.5000000,5452.0000000,954915
250620,000000,5325.0000000,5402.0000000,5310.5000000,5394.0000000,1546047
260620,000000,5388.0000000,5407.0000000,5303.0000000,5321.5000000,766738
290620,000000,5305.5000000,5327.0000000,5266.5000000,5315.0000000,976164
300620,000000,5313.0000000,5355.0000000,5279.5000000,5313.0000000,917857
020720,000000,5338.0000000,5422.0000000,5322.5000000,5416.0000000,1035220
030720,000000,5415.5000000,5431.0000000,5375.5000000,5416.5000000,481183
060720,000000,5452.0000000,5512.0000000,5450.0000000,5483.5000000,1123512
070720,000000,5474.5000000,5492.5000000,5429.5000000,5464.0000000,1012590
080720,000000,5465.0000000,5479.0000000,5405.0000000,5457.0000000,1424620
090720,000000,5158.0000000,5175.0000000,5061.0000000,5087.0000000,1685549
100720,000000,5050.0000000,5103.0000000,5026.5000000,5098.0000000,1014037
130720,000000,5116.0000000,5133.5000000,4909.0000000,4926.5000000,1215316
140720,000000,4933.0000000,4933.0000000,4784.0000000,4884.0000000,2043410
150720,000000,4901.5000000,4997.0000000,4865.0000000,4949.5000000,2057627
160720,000000,4929.0000000,4974.0000000,4895.0000000,4944.5000000,794217
170720,000000,4953.5000000,4972.0000000,4911.0000000,4946.5000000,557971
200720,000000,4944.0000000,4970.0000000,4910.0000000,4937.0000000,851859
210720,000000,4955.0000000,5005.0000000,4932.5000000,4953.0000000,1542865
220720,000000,4964.5000000,5063.0000000,4953.0000000,5037.0000000,1301159
230720,000000,5060.5000000,5089.5000000,4963.5000000,4974.0000000,1035929
240720,000000,4967.5000000,5010.0000000,4941.5000000,4987.0000000,1136023
