230118,000000,704.1000000,705.9000000,700.9000000,703.9000000,1194190
240118,000000,705.7000000,710.8000000,701.4000000,709.0000000,634670
250118,000000,710.6000000,723.0000000,707.0000000,717.2000000,1115760
260118,000000,718.1000000,726.2000000,707.1000000,718.6000000,870750
290118,000000,720.0000000,721.4000000,703.3000000,714.7000000,711160
300118,000000,713.7000000,716.0000000,704.2000000,711.6000000,1172320
310118,000000,708.0000000,727.9000000,705.3000000,727.7000000,997340
010218,000000,725.0000000,734.4000000,722.3000000,732.0000000,790580
020218,000000,733.0000000,744.4000000,727.0000000,733.0000000,1436640
050218,000000,730.0000000,731.4000000,708.0000000,728.0000000,1091510
060218,000000,709.0000000,738.0000000,709.0000000,729.7000000,1735170
070218,000000,731.9000000,742.0000000,731.7000000,736.4000000,887230
080218,000000,735.4000000,743.4000000,728.6000000,731.0000000,919750
090218,000000,727.5000000,733.1000000,708.9000000,714.4000000,1454530
120218,000000,718.1000000,730.6000000,712.5000000,718.0000000,1134040
130218,000000,717.9000000,722.6000000,712.4000000,719.1000000,1345890
140218,000000,720.3000000,730.0000000,715.7000000,730.0000000,1223720
150218,000000,733.0000000,746.0000000,728.0000000,741.8000000,1362790
160218,000000,744.9000000,758.2000000,737.5000000,737.6000000,1378630
190218,000000,740.1000000,745.1000000,726.0000000,729.1000000,948840
200218,000000,732.5000000,737.1000000,723.7000000,728.0000000,872220
210218,000000,728.7000000,739.9000000,724.6000000,739.9000000,964520
220218,000000,739.0000000,739.0000000,731.1000000,735.9000000,674480
260218,000000,740.3000000,754.5000000,732.1000000,734.0000000,1378800
270218,000000,736.0000000,742.5000000,734.0000000,735.0000000,604290
280218,000000,735.5000000,736.5000000,710.0000000,710.0000000,971300
010318,000000,714.5000000,734.9000000,714.5000000,732.9000000,792870
020318,000000,732.0000000,736.2000000,716.0000000,732.0000000,646870
050318,000000,731.3000000,740.0000000,730.2000000,736.4000000,449010
060318,000000,739.4000000,742.8000000,730.9000000,736.9000000,474110
070318,000000,734.2000000,734.2000000,715.0000000,729.3000000,1008050
090318,000000,726.7000000,739.0000000,725.6000000,737.5000000,413010
120318,000000,740.7000000,746.7000000,733.8000000,744.8000000,592530
130318,000000,744.5000000,746.2000000,730.1000000,731.6000000,719670
140318,000000,730.1000000,732.0000000,720.3000000,726.7000000,869180
150318,000000,725.7000000,735.0000000,721.5000000,734.5000000,1150370
160318,000000,733.9000000,787.0000000,729.6000000,747.1000000,1653740
190318,000000,747.1000000,758.1000000,738.1000000,757.0000000,1000940
200318,000000,757.7000000,763.5000000,744.4000000,757.5000000,875200
210318,000000,758.5000000,762.0000000,751.0000000,760.4000000,612830
220318,000000,760.4000000,762.0000000,747.2000000,748.7000000,532660
230318,000000,745.0000000,754.0000000,738.4000000,750.0000000,752160
260318,000000,748.1000000,750.9000000,734.3000000,743.1000000,678060
270318,000000,743.9000000,752.8000000,734.5000000,752.8000000,640210
280318,000000,747.2000000,753.7000000,737.2000000,743.0000000,750300
290318,000000,742.9000000,746.4000000,736.1000000,741.9000000,474900
300318,000000,743.8000000,746.8000000,737.6000000,737.6000000,172070
020418,000000,739.9000000,745.0000000,734.0000000,735.2000000,338860
030418,000000,737.4000000,743.7000000,735.3000000,741.0000000,379540
040418,000000,742.9000000,753.1000000,742.8000000,753.1000000,669600
050418,000000,754.0000000,773.9000000,754.0000000,770.0000000,945730
060418,000000,767.6000000,775.7000000,758.2000000,762.3000000,638400
090418,000000,762.3000000,779.2000000,656.3000000,710.9000000,3630740
100418,000000,708.0000000,751.9000000,707.8000000,746.0000000,2822860
110418,000000,746.0000000,758.0000000,722.5000000,743.4000000,2483570
120418,000000,748.9000000,757.8000000,735.3000000,739.0000000,1495790
130418,000000,743.1000000,744.8000000,725.0000000,732.1000000,1315750
160418,000000,725.8000000,734.7000000,709.1000000,716.0000000,1270120
170418,000000,726.6000000,736.9000000,720.1000000,728.0000000,1086160
180418,000000,728.5000000,748.5000000,725.7000000,746.1000000,1009960
190418,000000,746.5000000,755.1000000,733.0000000,734.1000000,786530
200418,000000,736.2000000,744.9000000,735.7000000,738.6000000,642470
230418,000000,739.1000000,749.0000000,729.0000000,743.7000000,1279010
240418,000000,748.0000000,748.2000000,738.0000000,743.7000000,640150
250418,000000,740.8000000,743.9000000,728.7000000,740.4000000,761360
260418,000000,744.0000000,760.0000000,741.4000000,760.0000000,963330
270418,000000,759.9000000,770.8000000,753.4000000,770.8000000,737710
280418,000000,768.8000000,770.0000000,762.3000000,766.5000000,175580
300418,000000,767.5000000,774.6000000,762.5000000,770.0000000,599400
020518,000000,764.0000000,765.2000000,755.6000000,758.2000000,568420
030518,000000,755.5000000,762.0000000,740.5000000,748.4000000,682070
040518,000000,750.8000000,765.7000000,750.2000000,765.7000000,574520
070518,000000,766.0000000,771.5000000,750.0000000,754.0000000,624680
080518,000000,755.0000000,758.0000000,746.0000000,754.0000000,783930
100518,000000,759.0000000,766.0000000,754.9000000,765.0000000,790960
110518,000000,766.7000000,778.7000000,764.4000000,769.5000000,1103160
140518,000000,767.4000000,778.0000000,766.5000000,774.3000000,613910
150518,000000,774.4000000,779.5000000,768.5000000,772.2000000,915010
160518,000000,772.7000000,778.5000000,766.9000000,768.3000000,720630
170518,000000,770.1000000,774.4000000,768.1000000,770.6000000,507740
180518,000000,771.1000000,776.0000000,767.0000000,772.8000000,563240
210518,000000,776.5000000,782.7000000,773.1000000,775.1000000,593100
220518,000000,777.3000000,778.1000000,766.5000000,770.0000000,510270
230518,000000,768.3000000,769.8000000,757.7000000,761.3000000,527950
240518,000000,761.4000000,763.5000000,752.3000000,757.2000000,750260
250518,000000,759.9000000,812.8000000,759.9000000,808.1000000,2858440
280518,000000,805.4000000,807.4000000,795.6000000,802.5000000,667900
290518,000000,802.0000000,832.6000000,800.2000000,825.4000000,2034400
300518,000000,821.2000000,830.3000000,820.0000000,821.2000000,1345590
310518,000000,823.2000000,845.0000000,822.3000000,838.2000000,1380550
010618,000000,839.0000000,843.6000000,831.8000000,838.4000000,962430
040618,000000,838.4000000,846.3000000,836.6000000,841.0000000,523950
050618,000000,840.2000000,851.4000000,836.7000000,847.1000000,911110
060618,000000,846.1000000,854.5000000,844.3000000,844.4000000,662580
070618,000000,850.3000000,850.7000000,842.2000000,848.0000000,506840
080618,000000,845.3000000,848.4000000,821.1000000,824.2000000,1043590
090618,000000,828.5000000,833.4000000,825.6000000,827.1000000,69030
110618,000000,827.6000000,834.9000000,821.2000000,828.2000000,370150
130618,000000,832.9000000,835.0000000,812.7000000,824.0000000,677420
140618,000000,821.1000000,822.0000000,800.0000000,813.8000000,923610
150618,000000,814.8000000,819.7000000,796.4000000,804.0000000,1830410
180618,000000,802.1000000,811.5000000,790.2000000,799.5000000,923320
190618,000000,795.0000000,811.0000000,787.1000000,805.0000000,1012560
200618,000000,808.0000000,847.7000000,800.7000000,847.0000000,1337240
210618,000000,845.0000000,850.0000000,830.6000000,832.3000000,939290
220618,000000,837.0000000,842.5000000,821.5000000,827.8000000,864680
250618,000000,831.6000000,835.7000000,823.5000000,829.1000000,407470
260618,000000,830.0000000,836.0000000,827.3000000,833.3000000,251560
270618,000000,836.0000000,851.0000000,831.0000000,840.9000000,598040
280618,000000,844.0000000,849.7000000,839.0000000,845.0000000,609360
290618,000000,848.0000000,865.2000000,845.3000000,852.8000000,1246730
020718,000000,854.4000000,882.2000000,848.1000000,879.3000000,1149100
030718,000000,876.7000000,879.9000000,866.9000000,879.9000000,552410
040718,000000,876.0000000,880.8000000,872.9000000,874.7000000,296300
050718,000000,875.0000000,903.7000000,872.6000000,903.7000000,959700
060718,000000,903.1000000,911.4000000,890.4000000,907.2000000,708840
090718,000000,907.2000000,920.5000000,901.3000000,906.2000000,681880
100718,000000,909.9000000,923.0000000,895.1000000,901.3000000,1028590
110718,000000,900.0000000,913.8000000,892.2000000,909.8000000,975640
120718,000000,905.0000000,907.1000000,881.5000000,891.8000000,1017210
130718,000000,891.8000000,901.8000000,882.8000000,897.2000000,523750
160718,000000,897.2000000,900.4000000,889.2000000,898.0000000,758610
170718,000000,892.0000000,895.7000000,882.4000000,886.0000000,1059210
180718,000000,886.9000000,897.7000000,884.5000000,893.0000000,693590
190718,000000,896.1000000,901.7000000,880.5000000,890.8000000,847790
200718,000000,890.9000000,894.9000000,875.0000000,881.6000000,945300
230718,000000,883.0000000,883.0000000,866.5000000,871.0000000,955300
240718,000000,868.2000000,875.0000000,865.0000000,875.0000000,754800
250718,000000,870.7000000,898.5000000,868.0000000,895.7000000,883720
260718,000000,896.5000000,920.9000000,896.5000000,914.5000000,1308980
270718,000000,913.2000000,920.9000000,908.8000000,920.0000000,481890
300718,000000,915.0000000,917.5000000,907.8000000,907.8000000,594140
310718,000000,906.2000000,929.9000000,902.3000000,924.4000000,1169010
010818,000000,927.0000000,938.0000000,920.4000000,930.2000000,731420
020818,000000,930.1000000,937.9000000,925.7000000,929.4000000,859560
030818,000000,929.0000000,941.5000000,915.6000000,924.9000000,955860
060818,000000,926.5000000,938.3000000,921.2000000,926.0000000,486860
070818,000000,926.1000000,939.9000000,919.2000000,939.9000000,546830
080818,000000,935.7000000,939.0000000,920.0000000,923.6000000,1380440
090818,000000,923.6000000,937.0000000,908.0000000,933.0000000,1581910
100818,000000,933.5000000,943.8000000,930.2000000,939.5000000,1177870
130818,000000,938.4000000,972.5000000,938.4000000,959.1000000,1383780
140818,000000,964.7000000,988.8000000,957.1000000,987.6000000,1412930
150818,000000,987.5000000,988.6000000,961.2000000,974.0000000,1015650
160818,000000,973.1000000,978.8000000,962.3000000,978.8000000,791440
170818,000000,976.5000000,983.6000000,968.2000000,977.0000000,661910
200818,000000,979.5000000,986.9000000,976.0000000,981.0000000,469500
210818,000000,983.7000000,987.5000000,973.2000000,982.0000000,673170
220818,000000,985.8000000,1000.0000000,984.6000000,998.0000000,986960
230818,000000,1000.3000000,1003.9000000,987.8000000,995.0000000,1129020
240818,000000,998.3000000,1018.7000000,988.3000000,1013.1000000,943030
270818,000000,1017.5000000,1086.4000000,1017.1000000,1070.0000000,1544810
280818,000000,1069.6000000,1075.5000000,1060.0000000,1067.0000000,1108760
290818,000000,1066.1000000,1115.0000000,1063.7000000,1111.8000000,1877990
300818,000000,1116.0000000,1119.5000000,1092.9000000,1099.5000000,1487280
310818,000000,1096.0000000,1099.0000000,1078.4000000,1083.0000000,1072040
030918,000000,1084.5000000,1087.3000000,1062.6000000,1080.0000000,834110
040918,000000,1084.0000000,1105.8000000,1081.3000000,1100.9000000,1084000
050918,000000,1100.2000000,1125.0000000,1094.8000000,1120.1000000,1226720
060918,000000,1117.6000000,1179.0000000,1116.6000000,1167.0000000,2418720
070918,000000,1167.6000000,1189.0000000,1133.2000000,1150.9000000,2551480
100918,000000,1159.5000000,1168.1000000,1121.8000000,1129.5000000,1358090
110918,000000,1126.5000000,1135.0000000,1110.7000000,1125.2000000,1125140
120918,000000,1130.4000000,1137.2000000,1100.3000000,1112.3000000,967720
130918,000000,1103.7000000,1115.7000000,1088.7000000,1092.1000000,850950
140918,000000,1094.7000000,1101.7000000,1073.1000000,1087.7000000,652360
170918,000000,1092.0000000,1093.7000000,1066.8000000,1074.1000000,711000
180918,000000,1077.3000000,1140.0000000,1073.0000000,1139.8000000,2006400
190918,000000,1143.9000000,1144.4000000,1101.0000000,1115.3000000,1490200
200918,000000,1112.5000000,1155.0000000,1101.8000000,1135.9000000,3531140
210918,000000,1129.3000000,1129.4000000,1104.3000000,1113.5000000,1766850
240918,000000,1112.0000000,1126.0000000,1102.0000000,1111.0000000,598060
250918,000000,1111.5000000,1117.0000000,1084.3000000,1104.5000000,1176320
260918,000000,1104.0000000,1115.6000000,1088.2000000,1107.0000000,662010
270918,000000,1110.0000000,1151.3000000,1089.6000000,1147.5000000,1252830
280918,000000,1150.0000000,1180.9000000,1130.8000000,1168.2000000,1192540
011018,000000,1173.9000000,1185.0000000,1159.0000000,1174.8000000,579270
021018,000000,1175.0000000,1188.0000000,1159.0000000,1162.7000000,525750
031018,000000,1169.9000000,1215.0000000,1165.9000000,1200.0000000,999070
041018,000000,1203.0000000,1207.6000000,1181.2000000,1197.0000000,708690
051018,000000,1195.0000000,1196.5000000,1172.1000000,1183.3000000,520840
081018,000000,1179.2000000,1208.0000000,1170.3000000,1180.0000000,520680
091018,000000,1172.0000000,1188.8000000,1145.0000000,1145.0000000,749270
101018,000000,1149.9000000,1176.5000000,1145.0000000,1170.0000000,1074290
111018,000000,1139.9000000,1156.7000000,1119.3000000,1126.0000000,1314860
121018,000000,1136.5000000,1181.1000000,1136.5000000,1163.0000000,1044540
151018,000000,1167.0000000,1176.7000000,1147.2000000,1168.0000000,506920
161018,000000,1170.0000000,1172.1000000,1143.9000000,1154.6000000,523960
171018,000000,1161.8000000,1163.5000000,1114.2000000,1117.4000000,1045980
181018,000000,1118.0000000,1133.1000000,1100.0000000,1103.5000000,783890
191018,000000,1103.0000000,1115.0000000,1080.5000000,1083.6000000,1100110
221018,000000,1085.9000000,1094.2000000,1046.0000000,1051.1000000,1003170
231018,000000,1044.0000000,1087.3000000,1029.3000000,1084.0000000,935590
241018,000000,1089.9000000,1097.0000000,1036.5000000,1039.0000000,1478290
251018,000000,1035.0000000,1055.0000000,1013.8000000,1051.0000000,968310
261018,000000,1054.7000000,1054.7000000,1022.9000000,1036.4000000,624730
291018,000000,1035.5000000,1067.7000000,1028.9000000,1067.5000000,731360
301018,000000,1066.8000000,1069.3000000,1020.5000000,1031.5000000,846290
311018,000000,1036.0000000,1067.0000000,1034.6000000,1049.8000000,1171990
011118,000000,1055.6000000,1093.5000000,1042.5000000,1082.1000000,1481520
021118,000000,1088.7000000,1107.7000000,1080.1000000,1080.4000000,923720
061118,000000,1092.5000000,1095.3000000,1080.5000000,1081.6000000,535380
071118,000000,1085.0000000,1111.0000000,1064.3000000,1103.8000000,1148360
081118,000000,1107.3000000,1112.0000000,1087.2000000,1087.2000000,1075260
091118,000000,1085.7000000,1087.4000000,1051.1000000,1062.3000000,823420
121118,000000,1064.6000000,1081.8000000,1050.4000000,1058.2000000,819260
131118,000000,1056.0000000,1100.3000000,1054.9000000,1087.5000000,1136170
141118,000000,1084.8000000,1132.2000000,1075.3000000,1128.0000000,1390440
151118,000000,1133.1000000,1134.3000000,1109.2000000,1118.0000000,750080
161118,000000,1118.5000000,1129.7000000,1112.5000000,1124.6000000,533920
191118,000000,1125.0000000,1145.5000000,1118.0000000,1131.4000000,993330
201118,000000,1132.1000000,1144.6000000,1117.0000000,1119.6000000,1299550
211118,000000,1133.2000000,1138.8000000,1115.3000000,1135.0000000,761080
221118,000000,1135.9000000,1138.0000000,1123.2000000,1124.0000000,544090
231118,000000,1124.0000000,1128.9000000,1108.2000000,1115.6000000,596320
261118,000000,1121.2000000,1125.7000000,1082.0000000,1096.0000000,1328270
271118,000000,1104.5000000,1119.6000000,1095.9000000,1104.9000000,712070
281118,000000,1111.0000000,1146.9000000,1110.0000000,1143.5000000,759930
291118,000000,1148.0000000,1186.5000000,1138.6000000,1167.8000000,1337530
301118,000000,1165.9000000,1174.9000000,1127.2000000,1127.2000000,994510
031218,000000,1150.2000000,1167.0000000,1136.0000000,1149.7000000,987590
041218,000000,1146.0000000,1147.0000000,1128.3000000,1130.0000000,419740
051218,000000,1127.0000000,1137.1000000,1115.0000000,1136.3000000,512760
061218,000000,1130.9000000,1132.2000000,1112.0000000,1128.0000000,613970
071218,000000,1127.1000000,1139.6000000,1117.1000000,1117.1000000,712050
101218,000000,1116.5000000,1118.0000000,1095.3000000,1104.0000000,585680
111218,000000,1102.0000000,1113.4000000,1087.6000000,1100.6000000,799670
121218,000000,1097.0000000,1122.6000000,1092.1000000,1097.0000000,748250
131218,000000,1104.0000000,1117.0000000,1098.0000000,1107.0000000,736660
141218,000000,1110.4000000,1133.9000000,1101.3000000,1123.8000000,611700
171218,000000,1120.2000000,1134.9000000,1117.1000000,1117.1000000,441330
181218,000000,1116.5000000,1123.2000000,1100.7000000,1119.3000000,671050
191218,000000,1117.0000000,1124.5000000,1108.4000000,1120.1000000,469700
201218,000000,1117.0000000,1127.7000000,1099.1000000,1127.7000000,1254550
211218,000000,1120.1000000,1129.3000000,1111.1000000,1121.1000000,692970
241218,000000,1121.1000000,1127.9000000,1102.3000000,1110.5000000,350980
251218,000000,1104.1000000,1110.8000000,1065.0000000,1087.6000000,372030
261218,000000,1089.9000000,1098.8000000,1086.2000000,1096.5000000,195120
271218,000000,1107.3000000,1114.9000000,1103.0000000,1106.4000000,362760
281218,000000,1114.4000000,1131.3000000,1108.0000000,1126.8000000,437740
291218,000000,1126.8000000,1133.3000000,1122.3000000,1131.1000000,78080
030119,000000,1131.9000000,1131.9000000,1111.0000000,1118.2000000,417580
040119,000000,1118.0000000,1140.8000000,1118.0000000,1138.8000000,416390
080119,000000,1138.9000000,1138.9000000,1117.1000000,1118.2000000,465990
090119,000000,1125.2000000,1136.3000000,1119.0000000,1121.0000000,501300
100119,000000,1125.0000000,1132.9000000,1114.1000000,1132.5000000,417660
110119,000000,1133.5000000,1137.7000000,1123.3000000,1129.4000000,511450
140119,000000,1126.1000000,1133.0000000,1118.7000000,1128.9000000,474340
150119,000000,1132.0000000,1146.5000000,1120.5000000,1130.8000000,609740
160119,000000,1131.9000000,1135.9000000,1123.5000000,1124.9000000,456700
170119,000000,1127.2000000,1135.0000000,1120.1000000,1127.5000000,537420
180119,000000,1130.0000000,1132.5000000,1122.3000000,1130.0000000,496790
210119,000000,1133.0000000,1137.7000000,1121.4000000,1122.0000000,413050
220119,000000,1121.4000000,1127.4000000,1110.6000000,1116.4000000,403710
230119,000000,1122.0000000,1125.9000000,1116.3000000,1124.0000000,312300
240119,000000,1118.7000000,1120.8000000,1082.1000000,1098.3000000,947130
250119,000000,1104.0000000,1120.0000000,1100.8000000,1115.0000000,549140
280119,000000,1115.9000000,1122.6000000,1112.1000000,1118.6000000,417220
290119,000000,1120.8000000,1138.3000000,1118.5000000,1133.5000000,589750
300119,000000,1133.7000000,1148.8000000,1128.1000000,1139.3000000,457790
310119,000000,1145.4000000,1157.7000000,1134.6000000,1145.0000000,578480
010219,000000,1143.6000000,1145.2000000,1125.0000000,1125.2000000,564350
040219,000000,1125.0000000,1142.6000000,1117.6000000,1138.0000000,475660
050219,000000,1138.0000000,1147.0000000,1131.0000000,1143.4000000,379660
060219,000000,1145.8000000,1149.4000000,1125.4000000,1126.4000000,383850
070219,000000,1126.0000000,1133.6000000,1120.2000000,1130.0000000,486730
080219,000000,1121.0000000,1137.4000000,1121.0000000,1127.6000000,441350
110219,000000,1129.0000000,1134.6000000,1110.2000000,1114.2000000,470940
120219,000000,1116.0000000,1128.2000000,1111.2000000,1121.2000000,397130
130219,000000,1123.0000000,1124.8000000,1090.6000000,1095.0000000,1012110
140219,000000,1084.4000000,1098.0000000,1065.0000000,1090.6000000,1398610
150219,000000,1091.6000000,1091.6000000,1072.4000000,1087.4000000,907150
180219,000000,1091.0000000,1095.0000000,1055.0000000,1074.0000000,723830
190219,000000,1076.8000000,1099.2000000,1074.2000000,1094.6000000,759840
200219,000000,1096.2000000,1125.8000000,1096.2000000,1125.0000000,1092910
210219,000000,1125.8000000,1138.8000000,1115.0000000,1121.6000000,1200000
220219,000000,1125.2000000,1135.0000000,1120.0000000,1129.0000000,375420
250219,000000,1129.0000000,1133.6000000,1113.4000000,1121.2000000,625710
260219,000000,1117.6000000,1122.4000000,1103.8000000,1106.0000000,449930
270219,000000,1114.0000000,1120.8000000,1091.0000000,1095.4000000,565850
280219,000000,1099.4000000,1102.0000000,1072.6000000,1080.4000000,360260
010319,000000,1085.0000000,1096.6000000,1075.0000000,1076.2000000,437340
040319,000000,1079.6000000,1094.6000000,1076.0000000,1094.2000000,282430
050319,000000,1089.4000000,1093.0000000,1068.6000000,1081.0000000,508420
060319,000000,1078.0000000,1092.6000000,1078.0000000,1092.0000000,557130
070319,000000,1088.8000000,1092.0000000,1072.2000000,1074.6000000,493820
110319,000000,1074.0000000,1094.8000000,1072.6000000,1089.0000000,563420
120319,000000,1088.0000000,1092.8000000,1080.2000000,1088.0000000,510570
130319,000000,1082.6000000,1088.6000000,1075.0000000,1080.0000000,540290
140319,000000,1080.0000000,1081.6000000,1058.0000000,1060.4000000,801260
150319,000000,1061.8000000,1064.8000000,1054.2000000,1057.6000000,1387940
180319,000000,1062.4000000,1064.8000000,1051.4000000,1054.8000000,604710
190319,000000,1054.8000000,1066.8000000,1052.0000000,1052.0000000,719350
200319,000000,1056.2000000,1064.4000000,1047.4000000,1052.0000000,746190
210319,000000,1055.0000000,1088.0000000,1051.8000000,1085.4000000,1748480
220319,000000,1089.2000000,1090.0000000,1077.6000000,1084.8000000,730250
250319,000000,1087.0000000,1091.4000000,1069.2000000,1091.0000000,593880
260319,000000,1088.0000000,1091.0000000,1077.4000000,1079.0000000,613500
270319,000000,1079.0000000,1084.6000000,1060.4000000,1061.8000000,369650
280319,000000,1062.4000000,1065.0000000,1055.0000000,1059.2000000,325120
290319,000000,1062.0000000,1078.2000000,1055.2000000,1078.2000000,728210
010419,000000,1077.0000000,1078.8000000,1061.0000000,1063.0000000,469570
020419,000000,1067.0000000,1071.0000000,1060.0000000,1061.8000000,334790
030419,000000,1065.8000000,1077.0000000,1065.8000000,1068.0000000,352860
040419,000000,1070.4000000,1070.4000000,1057.4000000,1060.0000000,360360
050419,000000,1061.0000000,1068.6000000,1056.0000000,1065.8000000,306510
080419,000000,1065.0000000,1079.6000000,1061.4000000,1076.0000000,306810
090419,000000,1073.4000000,1087.0000000,1067.6000000,1084.0000000,472730
100419,000000,1084.0000000,1098.4000000,1083.2000000,1084.0000000,853880
110419,000000,1089.0000000,1091.2000000,1071.4000000,1082.0000000,452400
120419,000000,1079.8000000,1098.6000000,1075.4000000,1097.0000000,590170
150419,000000,1099.8000000,1109.4000000,1077.8000000,1082.2000000,656410
160419,000000,1084.2000000,1108.2000000,1084.2000000,1103.4000000,458270
170419,000000,1104.8000000,1117.0000000,1099.2000000,1107.0000000,491860
180419,000000,1103.2000000,1115.4000000,1093.0000000,1110.2000000,285320
190419,000000,1112.8000000,1123.8000000,1112.0000000,1116.4000000,216740
220419,000000,1119.0000000,1145.8000000,1119.0000000,1145.0000000,465340
230419,000000,1149.2000000,1158.8000000,1133.6000000,1146.0000000,779240
240419,000000,1148.6000000,1149.6000000,1137.4000000,1148.0000000,542830
250419,000000,1145.0000000,1212.0000000,1137.4000000,1187.0000000,1489760
260419,000000,1187.2000000,1219.6000000,1184.2000000,1218.4000000,1211670
290419,000000,1218.4000000,1231.8000000,1191.2000000,1205.2000000,876200
300419,000000,1199.8000000,1210.2000000,1190.4000000,1205.2000000,624430
020519,000000,1201.2000000,1208.0000000,1193.4000000,1207.2000000,898430
030519,000000,1200.2000000,1202.4000000,1187.4000000,1199.8000000,1133200
060519,000000,1194.0000000,1199.8000000,1185.8000000,1199.8000000,439040
070519,000000,1195.0000000,1219.4000000,1191.6000000,1205.8000000,1301190
080519,000000,1198.8000000,1205.6000000,1193.6000000,1203.0000000,934300
100519,000000,1195.4000000,1208.8000000,1192.4000000,1200.0000000,413080
130519,000000,1198.8000000,1216.6000000,1197.6000000,1210.0000000,1172180
140519,000000,1210.0000000,1219.8000000,1187.2000000,1190.0000000,873490
150519,000000,1193.6000000,1195.0000000,1174.4000000,1186.0000000,598260
160519,000000,1179.0000000,1220.0000000,1176.0000000,1204.6000000,1024160
170519,000000,1211.6000000,1217.4000000,1192.8000000,1198.6000000,754580
200519,000000,1200.0000000,1308.2000000,1194.0000000,1220.2000000,1015450
210519,000000,1225.0000000,1257.4000000,1224.4000000,1245.0000000,1152460
220519,000000,1252.6000000,1308.4000000,1242.0000000,1297.0000000,1827050
230519,000000,1290.0000000,1303.0000000,1271.2000000,1302.0000000,1477520
240519,000000,1302.4000000,1302.4000000,1282.6000000,1291.4000000,978120
270519,000000,1291.4000000,1320.0000000,1289.2000000,1317.2000000,481560
280519,000000,1317.2000000,1324.2000000,1293.2000000,1306.0000000,1054030
290519,000000,1306.6000000,1320.0000000,1295.2000000,1307.4000000,739830
300519,000000,1315.6000000,1319.0000000,1276.4000000,1308.0000000,790840
310519,000000,1307.0000000,1332.4000000,1297.0000000,1323.0000000,735460
030619,000000,1323.2000000,1357.8000000,1305.0000000,1321.0000000,746260
040619,000000,1319.4000000,1337.0000000,1285.2000000,1296.0000000,1172970
050619,000000,1299.0000000,1301.6000000,1271.0000000,1279.0000000,620610
060619,000000,1277.8000000,1297.8000000,1275.2000000,1293.0000000,579980
070619,000000,1299.6000000,1303.2000000,1286.6000000,1295.2000000,662430
100619,000000,1299.0000000,1312.8000000,1293.0000000,1298.4000000,424580
110619,000000,1298.0000000,1335.0000000,1292.4000000,1320.0000000,590260
130619,000000,1314.6000000,1322.4000000,1298.8000000,1308.0000000,598270
140619,000000,1311.2000000,1336.0000000,1302.0000000,1305.4000000,591060
170619,000000,1305.2000000,1315.0000000,1301.4000000,1307.0000000,1054170
180619,000000,1309.6000000,1313.4000000,1292.2000000,1309.8000000,734210
190619,000000,1309.8000000,1319.0000000,1274.2000000,1275.4000000,943800
200619,000000,1283.8000000,1318.8000000,1280.0000000,1309.8000000,1605300
210619,000000,1311.0000000,1321.0000000,1297.4000000,1320.0000000,1410770
240619,000000,1315.0000000,1318.2000000,1290.4000000,1293.2000000,578110
250619,000000,1294.8000000,1305.4000000,1290.6000000,1294.0000000,419190
260619,000000,1292.6000000,1308.8000000,1285.8000000,1306.0000000,499550
270619,000000,1309.0000000,1346.6000000,1296.0000000,1330.4000000,759870
280619,000000,1339.8000000,1353.0000000,1321.0000000,1337.4000000,1103480
010719,000000,1345.0000000,1382.2000000,1300.0000000,1305.2000000,1277900
020719,000000,1307.0000000,1319.2000000,1299.6000000,1305.4000000,669230
030719,000000,1306.2000000,1307.8000000,1286.6000000,1299.2000000,852320
040719,000000,1299.8000000,1314.0000000,1289.6000000,1310.0000000,668830
050719,000000,1310.0000000,1319.6000000,1300.4000000,1308.4000000,747900
080719,000000,1310.6000000,1312.0000000,1298.0000000,1309.2000000,535680
090719,000000,1310.0000000,1327.2000000,1307.6000000,1322.0000000,653550
100719,000000,1328.6000000,1330.0000000,1313.0000000,1320.0000000,404120
110719,000000,1323.2000000,1326.6000000,1307.0000000,1317.0000000,462520
120719,000000,1315.2000000,1316.2000000,1284.2000000,1288.8000000,557340
150719,000000,1299.4000000,1299.4000000,1271.0000000,1274.2000000,428190
160719,000000,1272.0000000,1289.8000000,1272.0000000,1280.0000000,368250
170719,000000,1279.6000000,1311.0000000,1275.6000000,1309.8000000,556570
180719,000000,1303.8000000,1306.0000000,1285.0000000,1290.4000000,257310
190719,000000,1299.0000000,1300.8000000,1286.8000000,1292.2000000,351900
220719,000000,1293.0000000,1299.8000000,1288.2000000,1297.0000000,216940
230719,000000,1298.4000000,1298.6000000,1287.2000000,1297.2000000,204860
240719,000000,1298.0000000,1323.4000000,1291.2000000,1307.0000000,795220
250719,000000,1310.0000000,1337.4000000,1303.2000000,1322.4000000,1063880
260719,000000,1320.4000000,1338.8000000,1316.6000000,1336.8000000,692720
290719,000000,1334.4000000,1341.6000000,1330.4000000,1339.4000000,264580
300719,000000,1338.8000000,1342.0000000,1323.0000000,1325.0000000,251390
310719,000000,1323.2000000,1330.4000000,1312.8000000,1319.6000000,398800
010819,000000,1315.4000000,1335.4000000,1310.2000000,1328.0000000,237300
020819,000000,1325.4000000,1332.8000000,1282.8000000,1294.0000000,997620
050819,000000,1287.4000000,1295.6000000,1275.6000000,1288.2000000,514160
060819,000000,1289.6000000,1303.2000000,1282.0000000,1303.2000000,348570
070819,000000,1297.0000000,1308.8000000,1288.8000000,1304.8000000,448610
080819,000000,1306.0000000,1329.2000000,1305.4000000,1318.0000000,502390
090819,000000,1327.8000000,1327.8000000,1285.6000000,1288.6000000,591470
120819,000000,1291.2000000,1299.0000000,1259.0000000,1273.0000000,803660
130819,000000,1274.8000000,1287.0000000,1250.0000000,1278.4000000,746980
140819,000000,1273.8000000,1281.4000000,1245.0000000,1255.8000000,576390
150819,000000,1256.0000000,1262.0000000,1226.4000000,1237.8000000,777010
160819,000000,1235.8000000,1256.0000000,1230.0000000,1250.0000000,744920
190819,000000,1257.0000000,1267.4000000,1245.4000000,1248.0000000,601600
200819,000000,1254.0000000,1278.4000000,1249.2000000,1275.6000000,513240
210819,000000,1280.0000000,1281.6000000,1270.0000000,1276.2000000,632400
220819,000000,1275.0000000,1292.2000000,1272.0000000,1280.8000000,712440
230819,000000,1280.2000000,1285.8000000,1260.0000000,1272.6000000,950460
260819,000000,1263.0000000,1289.6000000,1260.8000000,1284.0000000,334490
270819,000000,1281.4000000,1283.8000000,1239.6000000,1258.8000000,1838870
280819,000000,1262.6000000,1275.0000000,1251.0000000,1275.0000000,606530
290819,000000,1275.6000000,1288.4000000,1272.0000000,1282.4000000,434310
300819,000000,1286.4000000,1303.0000000,1281.2000000,1288.0000000,339000
020919,000000,1292.0000000,1312.6000000,1284.0000000,1306.0000000,412920
030919,000000,1306.0000000,1324.6000000,1289.0000000,1320.0000000,601953
040919,000000,1321.0000000,1335.0000000,1315.2000000,1318.8000000,520099
050919,000000,1326.0000000,1334.0000000,1317.0000000,1321.0000000,844629
060919,000000,1320.0000000,1329.0000000,1201.2000000,1312.0000000,889297
090919,000000,1313.0000000,1326.8000000,1292.0000000,1292.0000000,350822
100919,000000,1290.8000000,1297.2000000,1269.0000000,1279.0000000,607262
110919,000000,1281.2000000,1312.8000000,1280.0000000,1303.6000000,608719
120919,000000,1304.0000000,1309.4000000,1266.0000000,1274.0000000,795983
130919,000000,1270.0000000,1274.0000000,1257.2000000,1269.0000000,427043
160919,000000,1272.8000000,1317.0000000,1271.4000000,1317.0000000,862962
170919,000000,1313.8000000,1337.0000000,1308.6000000,1326.0000000,1018218
180919,000000,1324.0000000,1332.0000000,1317.4000000,1325.6000000,381215
190919,000000,1323.0000000,1330.6000000,1310.4000000,1314.2000000,571114
200919,000000,1313.2000000,1337.4000000,1298.0000000,1337.4000000,757665
230919,000000,1330.0000000,1361.0000000,1318.0000000,1357.6000000,685224
240919,000000,1355.0000000,1364.2000000,1326.4000000,1335.0000000,548585
250919,000000,1332.8000000,1353.4000000,1323.0000000,1350.0000000,396002
260919,000000,1353.0000000,1369.0000000,1342.8000000,1367.0000000,792136
270919,000000,1366.2000000,1375.8000000,1337.0000000,1339.6000000,612385
300919,000000,1344.0000000,1344.8000000,1311.8000000,1312.4000000,587331
011019,000000,1317.0000000,1331.2000000,1311.4000000,1319.0000000,517305
021019,000000,1316.8000000,1322.0000000,1291.8000000,1294.0000000,492472
031019,000000,1303.4000000,1307.8000000,1286.4000000,1290.0000000,471308
041019,000000,1298.0000000,1313.4000000,1290.0000000,1291.6000000,454878
071019,000000,1292.8000000,1312.8000000,1286.4000000,1306.8000000,303283
081019,000000,1304.0000000,1316.2000000,1300.8000000,1314.0000000,382564
091019,000000,1303.0000000,1330.8000000,1297.0000000,1299.2000000,431024
101019,000000,1299.2000000,1325.0000000,1291.6000000,1324.0000000,329934
111019,000000,1324.0000000,1348.4000000,1311.2000000,1334.2000000,469368
141019,000000,1328.0000000,1348.2000000,1321.0000000,1325.4000000,367188
151019,000000,1322.8000000,1339.0000000,1316.4000000,1337.0000000,367586
161019,000000,1337.0000000,1360.0000000,1337.0000000,1360.0000000,621968
171019,000000,1362.0000000,1363.4000000,1343.6000000,1352.0000000,367959
181019,000000,1348.8000000,1355.0000000,1335.6000000,1336.8000000,312892
211019,000000,1335.2000000,1339.0000000,1324.0000000,1330.6000000,402827
221019,000000,1330.6000000,1348.0000000,1319.4000000,1348.0000000,431627
231019,000000,1345.6000000,1349.2000000,1337.0000000,1340.0000000,259047
241019,000000,1339.2000000,1359.8000000,1332.0000000,1359.8000000,511725
251019,000000,1358.8000000,1358.8000000,1313.4000000,1343.0000000,853299
281019,000000,1343.0000000,1353.6000000,1335.0000000,1342.0000000,580449
291019,000000,1339.8000000,1359.4000000,1336.2000000,1359.4000000,598557
301019,000000,1357.0000000,1365.6000000,1345.4000000,1365.0000000,846259
311019,000000,1365.6000000,1372.8000000,1347.4000000,1360.0000000,592865
011119,000000,1360.2000000,1367.0000000,1350.0000000,1364.0000000,478299
051119,000000,1368.0000000,1377.2000000,1357.0000000,1374.4000000,597602
061119,000000,1374.0000000,1374.2000000,1365.0000000,1373.6000000,476881
071119,000000,1372.2000000,1380.0000000,1357.8000000,1380.0000000,583468
081119,000000,1376.6000000,1382.0000000,1351.0000000,1363.0000000,707390
111119,000000,1360.2000000,1362.0000000,1348.8000000,1349.0000000,594587
121119,000000,1350.2000000,1368.8000000,1350.0000000,1352.2000000,552498
131119,000000,1351.2000000,1356.6000000,1340.2000000,1351.0000000,365537
141119,000000,1350.0000000,1356.4000000,1319.4000000,1331.6000000,577308
151119,000000,1332.4000000,1346.0000000,1315.8000000,1334.4000000,671840
181119,000000,1338.0000000,1342.6000000,1306.2000000,1309.8000000,565995
191119,000000,1317.6000000,1327.8000000,1305.0000000,1314.2000000,649979
201119,000000,1313.0000000,1315.6000000,1298.0000000,1305.0000000,505869
211119,000000,1305.0000000,1306.8000000,1295.2000000,1302.8000000,389405
221119,000000,1302.4000000,1321.6000000,1300.4000000,1309.4000000,658230
251119,000000,1310.0000000,1315.2000000,1299.0000000,1308.8000000,417113
261119,000000,1308.0000000,1309.8000000,1272.0000000,1280.0000000,949591
271119,000000,1290.0000000,1295.0000000,1256.2000000,1269.0000000,1500719
281119,000000,1271.0000000,1278.8000000,1252.6000000,1272.8000000,500866
291119,000000,1272.8000000,1276.6000000,1260.0000000,1267.6000000,453434
021219,000000,1269.8000000,1274.0000000,1256.8000000,1258.4000000,589342
031219,000000,1256.4000000,1264.8000000,1248.8000000,1250.0000000,424714
041219,000000,1250.2000000,1276.4000000,1236.2000000,1271.0000000,950364
051219,000000,1272.0000000,1276.0000000,1250.0000000,1251.4000000,714497
061219,000000,1255.4000000,1268.0000000,1249.0000000,1255.0000000,652141
091219,000000,1265.8000000,1267.8000000,1256.2000000,1262.6000000,642262
101219,000000,1260.4000000,1264.6000000,1245.6000000,1248.8000000,555704
111219,000000,1248.8000000,1261.0000000,1245.0000000,1245.6000000,568159
121219,000000,1251.4000000,1268.0000000,1245.4000000,1256.0000000,1034393
131219,000000,1260.0000000,1265.8000000,1249.2000000,1259.6000000,717737
161219,000000,1259.6000000,1285.2000000,1252.2000000,1284.0000000,515778
171219,000000,1289.8000000,1291.6000000,1269.8000000,1279.2000000,822014
181219,000000,1279.6000000,1288.8000000,1274.0000000,1288.8000000,664012
191219,000000,1289.4000000,1302.8000000,1283.2000000,1294.4000000,968960
201219,000000,1294.6000000,1300.4000000,1276.8000000,1292.4000000,898495
231219,000000,1289.6000000,1292.6000000,1271.6000000,1274.4000000,569277
241219,000000,1274.4000000,1277.2000000,1257.0000000,1263.6000000,322105
251219,000000,1263.6000000,1273.8000000,1251.2000000,1268.4000000,188771
261219,000000,1271.0000000,1272.8000000,1256.2000000,1269.0000000,236404
271219,000000,1271.8000000,1274.2000000,1252.6000000,1268.8000000,557981
301219,000000,1269.0000000,1269.2000000,1260.2000000,1262.0000000,268223
030120,000000,1265.0000000,1271.0000000,1260.6000000,1264.0000000,407692
060120,000000,1267.4000000,1272.0000000,1256.8000000,1271.0000000,252964
080120,000000,1281.0000000,1329.0000000,1276.2000000,1325.4000000,1232591
090120,000000,1325.2000000,1345.0000000,1310.4000000,1339.4000000,753605
100120,000000,1338.4000000,1339.6000000,1303.8000000,1306.8000000,638980
130120,000000,1314.8000000,1314.8000000,1295.0000000,1305.6000000,622810
140120,000000,1310.0000000,1317.4000000,1258.0000000,1259.0000000,1678738
150120,000000,1258.6000000,1272.0000000,1251.8000000,1260.0000000,1260389
160120,000000,1263.8000000,1274.0000000,1260.2000000,1264.0000000,748251
170120,000000,1263.0000000,1279.6000000,1255.4000000,1255.4000000,1151302
200120,000000,1255.8000000,1267.0000000,1241.6000000,1243.0000000,1084088
210120,000000,1243.4000000,1247.6000000,1211.4000000,1242.0000000,1069589
220120,000000,1243.4000000,1249.8000000,1185.2000000,1196.8000000,2010179
230120,000000,1201.0000000,1233.6000000,1198.0000000,1212.4000000,1496872
240120,000000,1214.0000000,1219.2000000,1193.0000000,1202.0000000,950942
270120,000000,1194.0000000,1207.4000000,1172.0000000,1176.6000000,1240515
280120,000000,1178.2000000,1185.8000000,1156.2000000,1168.2000000,1021242
290120,000000,1169.4000000,1202.0000000,1161.0000000,1199.0000000,1546864
300120,000000,1192.2000000,1202.8000000,1185.8000000,1193.6000000,962770
310120,000000,1196.0000000,1199.8000000,1154.2000000,1155.6000000,2059966
030220,000000,1150.0000000,1166.0000000,1128.2000000,1140.0000000,1336880
040220,000000,1139.2000000,1154.0000000,1122.2000000,1143.6000000,1152781
050220,000000,1143.0000000,1170.4000000,1129.2000000,1153.8000000,1842972
060220,000000,1158.4000000,1165.0000000,1092.0000000,1097.6000000,2480123
070220,000000,1098.2000000,1108.8000000,1059.0000000,1072.0000000,2480408
100220,000000,1073.4000000,1087.2000000,1046.0000000,1047.2000000,2333297
110220,000000,1052.2000000,1067.0000000,1037.4000000,1060.0000000,2406596
120220,000000,1062.2000000,1065.0000000,1043.0000000,1050.0000000,2291668
130220,000000,1051.0000000,1075.6000000,1049.6000000,1054.0000000,1864159
140220,000000,1055.0000000,1071.0000000,1048.0000000,1051.4000000,1476574
170220,000000,1059.6000000,1101.8000000,1051.4000000,1092.0000000,3446080
180220,000000,1099.0000000,1117.0000000,1082.2000000,1094.4000000,2984558
190220,000000,1100.2000000,1122.0000000,1063.0000000,1117.0000000,3316332
200220,000000,1120.8000000,1138.6000000,1100.6000000,1106.4000000,3399994
210220,000000,1093.8000000,1116.6000000,1080.4000000,1094.2000000,2707371
250220,000000,1060.0000000,1082.8000000,1045.4000000,1048.0000000,2257132
260220,000000,1049.2000000,1049.4000000,1002.2000000,1039.6000000,4167839
270220,000000,1019.0000000,1028.0000000,988.6000000,998.4000000,2665597
280220,000000,972.0000000,989.8000000,906.2000000,964.8000000,5685037
020320,000000,984.8000000,1005.0000000,946.6000000,997.2000000,4505883
030320,000000,1012.0000000,1021.8000000,992.0000000,1007.6000000,2057148
040320,000000,992.2000000,1005.8000000,984.0000000,998.0000000,1440028
050320,000000,1005.4000000,1011.0000000,971.4000000,988.0000000,1852957
060320,000000,975.4000000,977.6000000,901.0000000,964.8000000,3639844
100320,000000,865.2000000,980.8000000,808.8000000,963.0000000,7546138
110320,000000,967.2000000,973.4000000,908.0000000,916.6000000,2944631
120320,000000,888.0000000,889.0000000,788.8000000,801.0000000,4156463
130320,000000,808.0000000,857.8000000,800.0000000,806.0000000,4237103
160320,000000,808.0000000,836.6000000,746.0000000,824.2000000,3695498
170320,000000,816.2000000,834.0000000,772.8000000,788.4000000,3187416
180320,000000,771.4000000,782.8000000,710.2000000,715.8000000,4212365
190320,000000,720.0000000,843.6000000,682.8000000,832.4000000,6369590
200320,000000,849.2000000,900.0000000,780.4000000,781.8000000,6282315
230320,000000,755.0000000,827.6000000,730.0000000,806.0000000,4666278
240320,000000,851.0000000,876.4000000,828.2000000,864.0000000,3134963
250320,000000,878.4000000,935.0000000,868.0000000,922.2000000,4937293
260320,000000,910.0000000,935.0000000,885.4000000,918.2000000,2621791
270320,000000,922.0000000,924.0000000,834.6000000,869.6000000,2667429
300320,000000,859.0000000,875.6000000,826.2000000,866.0000000,2010523
310320,000000,879.8000000,924.4000000,876.2000000,917.6000000,3508513
010420,000000,893.2000000,910.0000000,883.2000000,891.0000000,2067354
020420,000000,919.0000000,959.0000000,899.2000000,953.0000000,3718759
030420,000000,972.0000000,1010.0000000,950.0000000,987.0000000,4062300
060420,000000,999.0000000,1027.0000000,988.0000000,1006.2000000,2213887
070420,000000,1026.4000000,1046.8000000,1021.2000000,1038.0000000,2706983
080420,000000,1033.8000000,1053.8000000,1016.2000000,1053.8000000,2040486
090420,000000,1069.8000000,1092.6000000,1032.4000000,1073.0000000,3573275
100420,000000,1070.2000000,1070.2000000,1048.6000000,1062.6000000,915795
130420,000000,1064.0000000,1068.2000000,1021.4000000,1024.0000000,1270232
140420,000000,1033.0000000,1044.6000000,1003.2000000,1007.2000000,2002023
150420,000000,1000.2000000,1012.8000000,941.6000000,952.0000000,3327087
160420,000000,951.0000000,955.6000000,931.8000000,938.4000000,3012528
170420,000000,950.0000000,977.0000000,942.2000000,957.8000000,2442825
200420,000000,952.8000000,972.6000000,952.0000000,971.2000000,1504908
210420,000000,959.2000000,971.0000000,930.4000000,955.0000000,2677631
220420,000000,954.0000000,988.0000000,951.8000000,981.4000000,2098996
230420,000000,987.0000000,994.6000000,967.0000000,976.4000000,1763268
240420,000000,976.6000000,985.4000000,954.4000000,973.2000000,1228485
270420,000000,973.8000000,1011.0000000,972.8000000,993.8000000,1452435
280420,000000,993.8000000,1055.8000000,991.8000000,1034.2000000,2303244
290420,000000,1031.0000000,1045.6000000,1018.0000000,1040.2000000,1677870
300420,000000,1049.8000000,1054.2000000,1017.0000000,1037.2000000,1455272
040520,000000,1024.0000000,1035.0000000,1007.2000000,1030.0000000,1256040
050520,000000,1044.6000000,1076.0000000,1041.6000000,1059.8000000,1469171
060520,000000,1067.2000000,1080.0000000,1043.0000000,1060.0000000,4521758
070520,000000,1047.0000000,1056.6000000,1023.6000000,1028.0000000,2564510
080520,000000,1032.2000000,1034.8000000,1000.4000000,1032.0000000,1973003
120520,000000,1026.2000000,1034.0000000,1005.0000000,1028.0000000,1399833
130520,000000,1020.4000000,1020.4000000,1002.6000000,1002.6000000,1216833
140520,000000,1000.0000000,1010.2000000,991.2000000,1003.0000000,1311080
150520,000000,1018.2000000,1027.0000000,1004.8000000,1008.2000000,1352369
180520,000000,1018.6000000,1067.8000000,1008.0000000,1060.0000000,2499509
190520,000000,1062.0000000,1079.2000000,1055.2000000,1077.0000000,2196626
200520,000000,1078.0000000,1142.8000000,1067.0000000,1140.0000000,4220768
210520,000000,1139.8000000,1147.8000000,1091.0000000,1093.0000000,2618757
220520,000000,1076.2000000,1089.0000000,1063.6000000,1078.4000000,1520724
250520,000000,1086.6000000,1105.0000000,1082.2000000,1096.0000000,743581
260520,000000,1103.8000000,1123.2000000,1086.8000000,1093.0000000,1562307
270520,000000,1088.0000000,1103.8000000,1051.0000000,1068.0000000,2389743
280520,000000,1068.8000000,1085.0000000,1067.6000000,1084.0000000,1364508
290520,000000,1077.6000000,1078.2000000,1025.0000000,1029.6000000,2938428
010620,000000,1050.2000000,1053.6000000,1018.0000000,1039.2000000,2172599
020620,000000,1044.0000000,1069.2000000,1040.6000000,1066.0000000,1764190
030620,000000,1072.0000000,1079.4000000,1056.6000000,1066.8000000,1862482
040620,000000,1067.4000000,1081.8000000,1053.4000000,1067.6000000,1685750
050620,000000,1073.0000000,1101.2000000,1064.0000000,1086.4000000,1877851
080620,000000,1095.8000000,1095.8000000,1076.4000000,1080.0000000,1302701
090620,000000,1085.6000000,1092.8000000,1065.4000000,1078.0000000,1245298
100620,000000,1076.6000000,1093.4000000,1060.0000000,1092.0000000,1468948
110620,000000,1075.8000000,1091.2000000,1050.0000000,1068.4000000,1671280
150620,000000,1057.2000000,1077.4000000,1036.4000000,1060.0000000,1543266
160620,000000,1074.6000000,1082.8000000,1065.4000000,1075.4000000,1218162
170620,000000,1077.0000000,1087.0000000,1069.2000000,1072.2000000,913789
180620,000000,1073.6000000,1075.2000000,1050.0000000,1075.2000000,1326324
190620,000000,1078.2000000,1082.8000000,1051.0000000,1079.0000000,2312462
220620,000000,1073.6000000,1082.8000000,1057.6000000,1081.4000000,1283929
230620,000000,1082.0000000,1090.0000000,1073.8000000,1076.2000000,939843
250620,000000,1062.6000000,1070.2000000,1055.0000000,1064.0000000,1171549
260620,000000,1061.0000000,1066.2000000,1042.0000000,1045.0000000,700062
290620,000000,1045.0000000,1052.6000000,1028.4000000,1043.8000000,1327816
300620,000000,1045.4000000,1048.6000000,1010.8000000,1022.0000000,1453209
020720,000000,1028.4000000,1050.6000000,1025.0000000,1043.0000000,1179402
030720,000000,1040.0000000,1049.0000000,1036.4000000,1048.6000000,494029
060720,000000,1052.2000000,1067.8000000,1040.2000000,1047.4000000,1700463
070720,000000,1039.2000000,1051.0000000,1025.4000000,1034.4000000,1257808
080720,000000,1030.6000000,1048.2000000,1029.6000000,1045.4000000,730766
090720,000000,1045.2000000,1047.0000000,1021.0000000,1025.8000000,1021757
100720,000000,1020.8000000,1043.0000000,1020.4000000,1039.0000000,769751
130720,000000,1044.4000000,1055.0000000,1034.2000000,1036.4000000,862932
140720,000000,1043.4000000,1063.0000000,1032.0000000,1059.4000000,1584910
150720,000000,1062.8000000,1075.0000000,1057.4000000,1069.8000000,904680
160720,000000,1065.0000000,1077.0000000,1061.0000000,1067.2000000,617200
170720,000000,1073.0000000,1093.2000000,1067.8000000,1086.8000000,854071
200720,000000,1085.0000000,1100.0000000,1076.6000000,1094.0000000,880848
210720,000000,1096.4000000,1110.0000000,1095.4000000,1099.0000000,923261
220720,000000,1099.6000000,1105.2000000,1075.2000000,1098.4000000,911891
230720,000000,1104.6000000,1107.0000000,1081.0000000,1082.4000000,808459
240720,000000,1082.8000000,1100.0000000,1080.0000000,1093.0000000,753940
