230118,000000,244.7800000,246.2500000,241.6700000,244.4000000,43952320
240118,000000,244.2000000,247.5300000,242.3200000,247.5300000,31125880
250118,000000,247.9000000,251.6500000,247.5800000,250.6400000,54982290
260118,000000,249.6000000,251.2300000,245.9300000,247.0000000,35182810
290118,000000,247.5000000,250.7900000,246.0000000,250.4800000,49177160
300118,000000,248.5300000,258.9600000,247.9100000,257.8000000,65465450
310118,000000,257.5000000,264.7900000,255.7000000,264.5000000,63661880
010218,000000,265.0000000,270.3000000,260.6000000,263.2000000,73011770
020218,000000,263.6300000,264.8300000,256.2000000,257.3200000,64628360
050218,000000,254.9300000,258.2900000,252.6000000,255.6400000,45881050
060218,000000,249.9800000,262.5500000,248.1000000,258.9400000,85504830
070218,000000,263.0000000,264.3700000,256.2600000,257.5800000,53360650
080218,000000,256.4000000,259.7600000,253.1900000,253.1900000,37153970
090218,000000,249.4800000,252.8900000,244.1300000,250.1100000,81609160
120218,000000,253.0000000,256.3600000,251.6700000,255.0500000,41723850
130218,000000,255.8700000,258.6200000,254.7000000,258.3000000,43682560
140218,000000,259.0800000,263.3700000,257.2600000,262.0300000,60335860
150218,000000,267.5300000,268.7700000,264.0000000,264.5800000,60628960
160218,000000,265.8100000,267.9700000,263.1100000,266.9900000,51896060
190218,000000,267.0000000,270.0000000,265.3000000,266.8500000,24145990
200218,000000,266.8600000,267.8000000,264.7200000,267.2200000,24741410
210218,000000,266.0600000,279.2000000,266.0500000,279.2000000,70353730
220218,000000,277.9600000,279.5000000,275.5200000,277.4900000,50614960
260218,000000,279.0000000,285.0000000,278.5900000,279.9700000,67356050
270218,000000,280.8200000,280.9900000,276.6100000,278.2100000,39968470
280218,000000,276.0200000,277.4100000,272.0000000,272.4000000,52919980
010318,000000,270.9800000,277.0000000,270.9000000,275.0000000,38940750
020318,000000,274.4000000,275.5000000,268.5600000,273.0000000,46008780
050318,000000,273.7000000,278.8400000,273.5000000,277.0000000,34090490
060318,000000,278.5000000,281.5000000,274.0300000,274.0300000,40549160
070318,000000,272.9900000,276.7200000,270.1500000,274.0000000,49951810
090318,000000,274.5700000,275.4800000,270.6100000,274.6000000,26306900
120318,000000,276.0500000,277.3000000,273.5500000,274.3000000,23683510
130318,000000,274.0000000,275.9300000,272.6600000,273.9500000,34624050
140318,000000,272.9200000,273.4000000,262.1100000,262.5000000,61740760
150318,000000,263.0100000,264.6100000,253.2900000,254.5100000,77948620
160318,000000,255.2800000,257.9800000,249.7600000,256.1500000,91829180
190318,000000,257.8000000,259.8100000,250.0100000,255.0000000,42444330
200318,000000,255.9500000,257.3400000,250.4000000,257.1500000,62915590
210318,000000,258.0000000,270.0000000,257.2300000,268.8800000,69873420
220318,000000,269.9700000,271.8000000,264.1000000,265.5000000,55515720
230318,000000,259.0300000,264.2500000,259.0300000,262.0000000,45451970
260318,000000,262.0200000,264.8700000,255.0000000,255.0000000,56781030
270318,000000,256.9900000,258.4300000,252.2700000,258.0000000,45103320
280318,000000,255.5000000,256.1200000,250.7500000,251.5000000,43708220
290318,000000,252.1400000,255.6000000,252.1400000,252.9000000,33595950
300318,000000,254.0200000,254.4900000,252.8000000,253.5700000,10854540
020418,000000,253.6000000,258.3400000,249.9900000,249.9900000,35423370
030418,000000,250.0100000,251.9300000,245.3800000,251.6000000,63712830
040418,000000,252.2200000,255.7700000,249.0900000,255.6900000,51988700
050418,000000,257.2600000,262.8900000,255.9200000,262.0000000,52541810
060418,000000,260.6400000,262.3200000,256.0100000,256.7600000,40147790
090418,000000,255.1000000,255.3000000,205.0000000,213.0000000,249893540
100418,000000,211.2400000,224.4700000,197.0000000,215.4800000,242110550
110418,000000,213.9800000,223.6000000,204.2400000,208.0000000,185548360
120418,000000,214.5900000,218.3900000,208.5000000,212.2100000,126646690
130418,000000,213.3600000,216.7000000,203.1400000,204.7000000,106807820
160418,000000,199.3500000,208.0000000,191.5000000,192.0600000,199130330
170418,000000,203.0300000,207.8700000,200.0000000,207.5000000,168916840
180418,000000,209.0200000,219.9300000,208.2500000,215.8700000,173838350
190418,000000,217.3400000,222.2200000,212.0000000,213.4500000,133397880
200418,000000,214.0200000,216.2700000,212.1300000,215.3600000,57747950
230418,000000,216.4800000,223.5000000,213.2200000,223.2500000,116819360
240418,000000,225.9200000,228.4300000,221.3000000,223.0000000,83740550
250418,000000,220.1300000,223.7800000,218.2000000,220.4500000,69521980
260418,000000,221.5700000,222.5900000,216.0000000,220.7000000,73144200
270418,000000,221.3700000,224.4300000,217.6200000,223.9100000,81902940
280418,000000,224.4000000,224.9900000,222.4000000,224.8700000,10121630
300418,000000,224.5000000,228.2000000,221.5800000,226.9900000,39339460
020518,000000,224.5000000,230.0000000,224.0200000,229.0200000,39843120
030518,000000,228.4200000,232.7400000,227.5000000,228.0300000,79557540
040518,000000,229.5900000,230.9400000,225.7000000,228.5500000,48071660
070518,000000,230.2000000,232.1800000,229.0600000,229.8600000,37180430
080518,000000,227.7700000,228.4800000,224.5000000,226.7000000,55830890
100518,000000,228.5000000,234.1400000,228.3700000,233.7000000,72107560
110518,000000,234.3000000,237.9500000,233.7400000,235.7200000,55032410
140518,000000,236.2200000,237.8000000,234.0300000,237.8000000,34741670
150518,000000,237.5000000,237.5000000,230.4000000,231.3900000,52925240
160518,000000,230.8800000,232.0000000,226.7000000,229.8000000,70111320
170518,000000,230.0200000,231.2500000,226.0500000,226.0500000,43411210
180518,000000,225.7100000,228.1600000,222.2000000,222.2000000,60256410
210518,000000,223.5500000,226.8000000,223.5500000,226.2100000,38947410
220518,000000,227.2700000,227.2700000,222.9500000,225.6000000,43217100
230518,000000,223.1200000,224.0700000,221.0000000,221.0000000,48689890
240518,000000,221.9200000,223.7000000,221.1200000,222.0100000,37182550
250518,000000,222.5200000,223.4800000,219.0000000,220.0000000,50121930
280518,000000,219.4700000,221.5000000,219.2000000,220.9000000,23163930
290518,000000,220.6500000,222.1300000,217.1000000,219.0000000,35915960
300518,000000,219.3000000,221.5500000,217.8800000,221.0100000,48577040
310518,000000,221.9800000,224.3500000,220.0000000,222.3600000,67355330
010618,000000,221.5000000,222.7700000,220.0000000,220.0000000,35486150
040618,000000,221.1400000,222.6700000,218.5700000,220.0000000,32190880
050618,000000,220.0000000,220.7900000,214.5100000,215.5600000,51356070
060618,000000,216.0100000,218.1900000,214.6500000,217.9000000,35757900
070618,000000,218.9400000,219.4500000,216.4100000,216.4100000,32382500
080618,000000,215.9900000,217.0000000,210.2500000,210.9500000,67550410
090618,000000,211.5200000,213.2700000,211.5000000,212.6000000,6414930
110618,000000,212.5800000,213.6100000,208.3300000,210.3500000,28258150
130618,000000,211.2500000,216.1300000,209.6300000,215.0000000,48493030
140618,000000,214.8000000,217.4900000,213.6000000,214.0000000,42714160
150618,000000,213.9000000,215.0000000,207.9000000,209.3600000,86197300
180618,000000,209.0000000,211.2000000,205.0100000,206.3000000,54250200
190618,000000,204.0000000,206.7700000,202.1100000,206.0000000,51282280
200618,000000,207.0200000,212.3700000,207.0200000,212.2000000,60940670
210618,000000,212.2000000,214.1600000,208.6200000,210.4000000,65015400
220618,000000,211.6300000,215.0000000,209.6200000,214.4300000,67423210
250618,000000,204.5000000,206.9400000,202.5100000,202.5100000,56116320
260618,000000,203.5100000,205.0000000,199.6000000,199.9100000,54707960
270618,000000,201.8500000,209.3300000,198.5500000,207.9500000,80687300
280618,000000,207.8100000,210.6300000,207.0100000,208.5000000,46830280
290618,000000,210.1200000,218.3000000,210.0900000,218.0000000,76660960
020718,000000,217.0100000,222.8300000,216.0000000,221.0100000,55104090
030718,000000,221.2000000,222.4500000,217.1000000,218.4500000,38357870
040718,000000,218.3000000,219.5600000,216.6100000,217.7000000,20256320
050718,000000,217.4800000,224.5400000,216.8500000,224.5400000,53715930
060718,000000,225.0200000,227.5900000,221.6100000,226.7100000,55137560
090718,000000,228.5000000,231.2400000,228.2000000,230.0000000,49493270
100718,000000,230.9500000,232.2500000,228.0000000,230.3000000,43190130
110718,000000,229.2000000,229.2000000,224.8000000,227.5700000,57983440
120718,000000,226.7600000,228.4500000,225.1000000,226.6000000,40332870
130718,000000,227.3000000,230.8600000,227.2200000,229.8500000,39581560
160718,000000,230.1000000,231.0000000,226.4200000,227.9900000,35476130
170718,000000,226.9100000,227.0000000,220.5200000,222.5000000,62529500
180718,000000,222.0000000,224.0000000,215.6400000,216.2800000,61074310
190718,000000,216.8000000,217.1100000,206.5600000,207.5000000,93226350
200718,000000,207.8000000,210.9500000,201.1000000,204.3400000,126624340
230718,000000,205.4200000,210.4000000,205.2500000,208.4200000,55220910
240718,000000,208.9200000,215.4500000,208.9200000,215.4500000,54048140
250718,000000,210.9900000,215.4500000,208.3400000,213.7000000,76238900
260718,000000,215.7000000,216.5100000,209.1100000,210.0000000,59569060
270718,000000,210.0000000,211.2200000,205.5800000,208.9000000,58570630
300718,000000,207.7700000,212.4900000,206.5600000,211.3300000,48306180
310718,000000,211.0200000,214.9400000,210.2400000,214.8600000,45243210
010818,000000,213.6100000,215.2000000,210.5700000,210.6000000,37524870
020818,000000,209.0000000,211.7200000,205.1300000,206.6000000,57931080
030818,000000,206.4900000,206.5500000,202.0000000,202.2100000,74011290
060818,000000,201.8000000,205.2000000,199.5700000,203.9000000,52568260
070818,000000,205.1900000,207.9500000,201.5500000,201.7900000,60405360
080818,000000,201.5300000,202.4500000,191.5100000,193.2000000,142013410
090818,000000,189.9900000,195.9000000,182.0600000,195.9000000,160034960
100818,000000,193.9800000,196.8500000,183.0100000,186.1500000,113458060
130818,000000,182.1600000,193.3900000,180.1500000,190.0000000,106247260
140818,000000,192.9800000,195.9800000,188.2000000,192.7600000,82639580
150818,000000,192.3500000,194.0000000,186.5300000,187.9800000,77677680
160818,000000,189.0100000,192.2800000,188.2200000,191.6000000,54658510
170818,000000,191.8100000,192.4300000,188.5900000,189.5500000,45174790
200818,000000,190.9800000,193.9900000,190.6400000,191.2000000,49215120
210818,000000,192.0100000,192.3400000,189.5500000,191.8000000,40308740
220818,000000,192.4300000,193.6900000,187.5600000,187.8000000,66350360
230818,000000,188.4000000,189.0600000,178.5500000,178.7100000,147543270
240818,000000,178.0000000,180.3900000,172.8000000,180.3900000,132957000
270818,000000,181.4800000,183.8300000,180.5200000,183.2700000,51580770
280818,000000,183.4400000,184.6400000,181.2200000,182.0000000,49544520
290818,000000,182.6000000,183.8500000,181.3100000,183.5000000,39202670
300818,000000,184.6100000,185.5700000,177.2500000,178.0000000,66083800
310818,000000,177.6000000,182.0000000,175.6100000,182.0000000,63727210
030918,000000,181.7200000,182.8700000,180.1500000,181.2100000,31215900
040918,000000,182.0000000,182.4900000,177.7100000,179.5000000,56682000
050918,000000,178.5000000,181.2500000,178.2800000,178.4600000,44378140
060918,000000,177.9800000,180.1800000,175.0000000,175.0000000,49093170
070918,000000,175.4700000,177.4500000,173.8500000,174.9000000,68384820
100918,000000,175.0500000,175.9700000,169.8500000,171.2100000,77583280
110918,000000,171.2400000,172.6700000,165.9000000,169.3600000,93215820
120918,000000,170.2300000,175.1900000,169.4000000,173.9000000,93403230
130918,000000,174.5000000,189.0400000,174.5000000,183.5000000,194705800
140918,000000,185.0000000,189.0000000,182.5300000,188.7100000,127770380
170918,000000,190.0000000,192.0700000,186.6000000,188.1100000,66793190
180918,000000,188.3000000,192.6900000,186.5100000,191.6500000,83573220
190918,000000,192.3400000,193.9700000,191.4700000,193.9000000,60947040
200918,000000,194.3100000,197.7300000,191.1600000,191.1600000,132774700
210918,000000,191.1900000,194.6800000,188.8300000,193.4400000,108957030
240918,000000,194.5000000,199.0600000,194.2900000,198.7500000,75925070
250918,000000,199.7000000,201.0000000,195.0600000,195.5500000,89873560
260918,000000,195.5400000,197.4000000,193.5900000,195.7900000,61921270
270918,000000,195.0000000,204.1000000,194.5600000,204.1000000,101237930
280918,000000,204.9300000,205.6700000,200.1000000,203.3200000,101713950
011018,000000,204.5000000,205.2500000,201.7100000,204.2000000,54910300
021018,000000,205.1700000,205.9800000,198.6200000,199.5000000,78785280
031018,000000,200.0000000,202.4700000,196.8500000,198.3000000,76596520
041018,000000,197.9100000,198.1900000,189.2500000,189.3500000,87366140
051018,000000,188.9800000,191.5900000,185.0500000,187.2000000,103113200
081018,000000,187.0500000,193.6000000,182.5100000,191.8500000,82473320
091018,000000,193.5000000,196.0400000,188.7000000,191.2500000,85996750
101018,000000,192.0000000,195.1200000,188.8100000,189.8900000,67252690
111018,000000,184.8400000,187.8300000,182.3000000,185.2700000,124815860
121018,000000,187.8000000,192.1600000,187.6100000,191.8500000,62953360
151018,000000,192.5000000,193.8900000,189.4500000,190.9200000,54179560
161018,000000,190.0200000,196.2000000,189.0000000,196.0500000,63932100
171018,000000,198.4000000,198.8000000,192.9200000,194.0500000,78536820
181018,000000,193.4800000,194.2000000,190.8000000,191.0000000,49316170
191018,000000,191.2000000,191.7000000,183.8000000,183.8000000,96812630
221018,000000,184.8400000,187.7200000,180.0300000,180.7000000,92794800
231018,000000,178.8900000,182.5000000,177.0200000,181.0000000,77734500
241018,000000,182.5100000,189.2500000,180.5000000,188.0100000,106766580
251018,000000,185.6600000,188.7500000,184.0300000,186.7100000,79879160
261018,000000,185.7700000,185.8500000,178.2700000,181.0000000,92743040
291018,000000,180.6000000,186.3000000,178.6400000,185.5900000,61308190
301018,000000,183.9000000,186.8200000,181.7400000,184.7800000,60947920
311018,000000,186.1700000,189.8000000,184.8300000,189.8000000,66807090
011118,000000,189.5400000,191.3600000,186.7000000,188.6700000,77488300
021118,000000,189.9700000,192.9800000,188.5700000,192.6000000,69101360
061118,000000,194.5100000,197.8500000,193.7300000,197.8000000,65475770
071118,000000,197.4100000,203.0000000,195.4000000,201.9000000,98584000
081118,000000,201.9800000,204.7000000,200.1000000,202.8900000,94674040
091118,000000,200.3800000,201.9600000,194.3300000,195.7500000,95906430
121118,000000,197.9700000,201.8500000,196.4000000,196.8200000,82176760
131118,000000,195.5000000,199.7000000,193.6800000,196.5600000,78488310
141118,000000,195.2100000,199.5600000,193.1800000,199.2000000,82924950
151118,000000,200.0200000,202.5000000,199.5000000,200.1500000,62195840
161118,000000,201.1200000,203.5000000,198.7100000,199.2600000,66333750
191118,000000,198.9500000,200.7000000,197.5000000,197.9900000,50476830
201118,000000,197.2500000,197.8000000,191.8100000,194.2100000,66342610
211118,000000,194.0700000,198.4000000,193.3800000,197.5000000,58394580
221118,000000,197.9500000,200.0100000,195.9200000,199.4000000,49689840
231118,000000,198.5800000,198.7700000,194.8600000,197.3000000,50857500
261118,000000,197.5000000,197.7900000,185.5300000,188.5000000,117217680
271118,000000,189.9200000,192.4500000,188.1100000,191.0300000,87678410
281118,000000,191.6100000,193.2700000,189.4500000,190.2000000,60212610
291118,000000,191.8500000,196.3700000,191.1000000,195.7600000,83062140
301118,000000,194.0500000,194.2500000,191.2200000,194.0000000,67218160
031218,000000,197.9900000,201.9000000,197.5800000,200.3000000,81371000
041218,000000,200.3000000,200.7000000,196.9300000,199.0000000,57830610
051218,000000,195.6900000,196.8000000,194.0500000,196.0000000,49420360
061218,000000,194.0000000,194.2300000,190.1100000,192.1900000,64405800
071218,000000,193.5100000,196.3500000,192.2000000,195.0100000,63935050
101218,000000,192.7200000,193.9200000,190.3900000,191.8000000,61557850
111218,000000,192.1800000,193.8000000,190.2000000,192.5700000,54785390
121218,000000,193.3000000,193.9000000,190.4500000,190.4500000,50917260
131218,000000,190.2300000,191.5500000,188.5600000,189.1700000,43425460
141218,000000,188.8500000,189.1000000,183.7300000,184.9300000,73219440
171218,000000,184.6500000,186.9600000,182.1100000,182.3000000,59793100
181218,000000,180.6600000,186.6000000,180.3700000,186.6000000,79653690
191218,000000,185.4500000,188.8500000,184.3500000,188.8500000,61556660
201218,000000,185.9500000,191.8200000,185.3100000,189.3000000,87727280
211218,000000,188.7400000,190.0500000,185.7000000,186.7900000,60615750
241218,000000,186.1000000,187.2600000,183.5100000,184.3000000,32561380
251218,000000,182.4100000,183.4700000,179.0400000,183.3000000,34631200
261218,000000,183.9200000,185.5000000,182.3500000,183.4000000,30069720
271218,000000,187.2000000,187.4000000,184.1800000,185.0000000,47328110
281218,000000,185.7800000,187.2200000,184.9800000,186.5000000,39791870
291218,000000,186.9000000,187.0000000,185.3100000,186.3400000,8913660
030119,000000,186.3700000,191.5000000,186.0000000,186.9900000,40105780
040119,000000,187.9900000,190.9900000,187.7700000,190.9900000,32537090
080119,000000,191.6600000,193.1800000,190.3700000,191.2400000,38581950
090119,000000,192.7100000,197.0000000,192.1000000,197.0000000,70633230
100119,000000,196.3000000,197.6400000,195.0300000,196.7500000,56211650
110119,000000,197.1300000,198.9600000,195.6100000,196.8000000,63643670
140119,000000,195.6800000,197.4400000,194.0000000,196.8000000,44643520
150119,000000,197.3900000,198.8400000,195.9100000,198.0000000,52994790
160119,000000,198.6400000,201.3000000,198.0200000,201.2600000,62392390
170119,000000,201.6700000,203.5500000,201.0500000,203.3200000,59827610
180119,000000,204.6000000,208.4400000,203.8300000,208.4400000,74159420
210119,000000,208.9200000,210.2000000,207.1700000,207.1700000,55401630
220119,000000,206.6500000,208.8800000,205.6300000,207.9500000,51269620
230119,000000,207.7500000,212.0000000,207.5200000,210.4000000,79629180
240119,000000,210.4000000,213.4300000,208.5500000,212.2000000,78312890
250119,000000,212.7700000,214.1400000,211.0100000,212.0000000,58500020
280119,000000,212.0000000,213.3000000,207.6300000,209.7000000,56384930
290119,000000,209.7100000,214.4900000,206.9100000,213.6100000,63896190
300119,000000,213.8000000,215.7000000,212.2200000,213.1400000,59281660
310119,000000,215.1700000,218.1000000,214.6700000,217.9000000,80129070
010219,000000,217.9900000,218.7000000,215.0100000,216.2900000,55398450
040219,000000,216.2500000,217.1400000,215.0600000,215.5000000,40874530
050219,000000,216.0000000,218.5500000,214.6100000,217.8500000,46589060
060219,000000,217.9200000,218.1500000,215.4100000,216.5900000,46139530
070219,000000,216.0000000,216.6500000,210.6000000,211.0100000,69155220
080219,000000,209.9900000,211.9300000,208.7000000,210.4300000,51480680
110219,000000,211.0000000,214.7200000,210.8000000,214.0000000,49597150
120219,000000,214.7300000,219.4500000,214.6000000,219.1000000,73524360
130219,000000,219.6000000,220.7000000,213.1000000,213.9000000,85042730
140219,000000,208.5000000,209.8500000,201.7000000,204.4300000,154867810
150219,000000,205.9400000,209.0000000,205.5200000,208.0000000,78872640
180219,000000,208.7000000,209.7300000,203.2000000,204.1900000,76368650
190219,000000,203.6000000,205.6000000,201.1000000,202.0800000,66628330
200219,000000,203.9000000,206.8900000,203.2300000,206.8900000,66614210
210219,000000,207.5600000,207.8700000,202.3000000,203.4100000,68058950
220219,000000,203.6200000,206.1000000,203.0300000,205.2500000,45737340
250219,000000,205.5000000,208.6000000,204.2000000,205.8600000,70760670
260219,000000,204.8000000,205.8000000,202.9000000,205.8000000,50742950
270219,000000,206.0600000,206.9000000,203.9000000,205.4000000,54017660
280219,000000,205.0000000,208.8900000,204.1600000,207.8000000,62293690
010319,000000,208.4400000,209.0000000,206.1000000,206.5400000,46000050
040319,000000,207.0200000,207.5000000,205.2500000,205.5000000,31471880
050319,000000,204.8400000,204.9000000,202.2500000,202.9200000,46296020
060319,000000,202.8900000,205.7000000,202.6000000,205.0000000,52926540
070319,000000,205.1000000,206.6700000,203.5000000,203.9500000,46053890
110319,000000,203.2000000,205.6000000,202.5600000,205.2500000,42374840
120319,000000,206.5000000,206.8900000,204.4000000,205.1000000,42016460
130319,000000,204.6900000,206.0000000,203.8000000,206.0000000,28504220
140319,000000,205.6000000,206.3800000,203.5000000,203.6600000,43825330
150319,000000,204.2000000,204.9500000,203.5500000,203.5500000,35811130
180319,000000,204.2500000,206.1400000,204.1100000,205.9000000,40789510
190319,000000,206.4000000,208.3100000,205.9300000,207.7000000,47705420
200319,000000,207.5500000,209.8400000,206.4000000,209.8000000,55498860
210319,000000,210.2700000,212.2900000,209.7700000,210.6100000,66856470
220319,000000,210.6500000,211.2900000,206.7000000,207.7000000,49381080
250319,000000,206.6600000,214.2000000,205.5500000,214.0000000,107953490
260319,000000,214.7100000,218.4600000,213.1300000,218.0000000,81274550
270319,000000,218.2100000,219.2500000,214.1000000,214.1000000,71870510
280319,000000,214.1400000,215.9500000,213.7200000,215.0700000,47481780
290319,000000,216.0000000,218.1900000,214.4000000,214.4200000,85726830
010419,000000,215.0500000,218.1100000,215.0100000,217.7000000,51669790
020419,000000,218.7500000,219.3200000,216.8000000,218.2300000,49132320
030419,000000,220.1200000,224.1600000,218.8800000,219.0500000,91987840
040419,000000,218.5000000,221.8500000,218.0100000,221.8000000,51920220
050419,000000,222.3500000,227.7000000,222.0300000,227.5000000,77930270
080419,000000,227.9000000,232.3000000,227.9000000,232.3000000,70830180
090419,000000,233.5400000,238.9000000,232.3900000,238.0000000,117168650
100419,000000,239.0000000,245.2500000,237.9400000,243.6800000,129029970
110419,000000,244.4000000,247.2300000,238.8600000,238.8600000,105320630
120419,000000,239.9700000,243.1500000,237.0000000,239.5000000,96065730
150419,000000,240.3900000,242.3000000,237.0600000,237.8000000,47848560
160419,000000,239.0000000,239.5000000,232.3200000,233.2400000,86383980
170419,000000,234.5200000,235.7500000,232.0000000,234.3000000,70133760
180419,000000,233.8000000,234.1100000,230.8400000,232.7900000,55682060
190419,000000,233.4800000,233.5000000,231.9000000,232.6000000,12238240
220419,000000,233.7000000,236.0900000,233.0500000,235.4100000,44233210
230419,000000,235.9900000,237.5600000,234.1600000,235.6700000,56823030
240419,000000,235.0000000,236.4700000,233.9400000,236.0000000,43602000
250419,000000,235.6800000,236.0000000,227.8000000,227.8000000,100789420
260419,000000,227.4700000,227.4700000,222.0800000,223.1800000,94039040
290419,000000,223.7000000,229.0900000,223.0500000,228.8000000,48768500
300419,000000,229.0200000,229.0200000,223.8100000,225.1700000,63392980
020519,000000,226.0000000,229.8400000,225.8500000,229.1000000,36429060
030519,000000,229.6900000,233.0000000,228.5500000,232.5200000,47604250
060519,000000,228.7200000,232.8000000,227.0000000,232.8000000,48147810
070519,000000,232.7000000,234.3400000,230.2600000,231.4900000,46470700
080519,000000,231.0300000,232.5000000,229.5000000,230.0000000,42255720
100519,000000,227.0000000,229.4900000,226.1100000,227.0000000,43963230
130519,000000,226.6000000,228.6700000,224.1500000,224.2200000,47065110
140519,000000,224.6000000,230.5500000,224.6000000,227.8800000,76555100
150519,000000,228.9200000,230.9600000,224.4300000,228.6900000,61009200
160519,000000,228.9800000,231.4500000,227.5900000,228.1900000,40094740
170519,000000,226.9800000,228.2400000,226.0000000,226.9400000,28412300
200519,000000,228.1000000,229.1800000,225.1000000,226.0000000,30088250
210519,000000,227.0200000,232.7100000,226.0400000,232.7100000,59067410
220519,000000,233.1300000,237.4000000,230.8000000,235.8600000,59371310
230519,000000,234.4800000,235.3700000,228.5700000,229.3000000,51293570
240519,000000,231.2100000,236.4500000,231.2000000,234.4500000,65680760
270519,000000,235.2700000,237.0000000,233.8300000,236.0000000,27752790
280519,000000,236.4000000,237.4700000,230.6000000,233.1900000,74031020
290519,000000,232.1900000,234.3000000,230.2500000,233.4000000,51364080
300519,000000,234.5600000,235.2100000,231.9100000,232.7500000,36306660
310519,000000,230.5600000,234.1000000,229.2100000,233.2400000,53296760
030619,000000,231.1800000,241.5000000,230.3500000,239.9500000,84406830
040619,000000,239.8500000,240.2500000,234.8000000,236.0000000,69935260
050619,000000,236.1200000,240.3000000,235.1100000,239.0000000,52756470
060619,000000,238.8700000,246.3400000,238.5300000,244.8900000,61323390
070619,000000,246.3800000,249.0000000,246.0600000,248.2800000,68267530
100619,000000,249.5800000,250.6500000,245.2000000,249.0000000,62543690
110619,000000,235.5000000,239.0000000,235.1100000,235.8900000,67252510
130619,000000,236.5000000,241.0700000,232.5500000,240.4900000,75143890
140619,000000,240.6000000,243.8000000,237.1000000,238.8000000,50167230
170619,000000,238.9100000,240.8700000,237.5000000,237.8000000,33592970
180619,000000,237.2500000,241.9900000,236.3600000,241.8000000,48909090
190619,000000,242.5000000,242.9500000,238.7000000,240.4000000,33760330
200619,000000,241.9800000,244.9900000,241.4000000,244.1000000,64284450
210619,000000,243.0100000,243.9000000,237.5600000,238.0200000,60981900
240619,000000,239.0100000,240.7500000,238.4200000,239.0900000,27673280
250619,000000,238.9500000,239.2000000,234.2000000,236.7000000,38507450
260619,000000,236.8000000,241.3700000,235.8100000,240.5900000,39691210
270619,000000,240.4200000,242.4400000,238.3000000,240.5000000,48108550
280619,000000,240.1200000,241.2300000,237.8700000,238.5500000,33373530
010719,000000,240.9800000,243.9000000,240.2100000,242.9800000,50562960
020719,000000,242.5200000,242.7400000,239.7000000,241.2000000,28531390
030719,000000,241.0000000,243.7000000,240.1700000,241.5100000,32693350
040719,000000,241.9700000,243.0000000,240.8100000,242.8200000,25303020
050719,000000,242.9500000,243.5000000,241.6100000,242.8300000,27841230
080719,000000,242.2200000,243.3000000,240.6800000,243.3000000,28458070
090719,000000,242.9500000,243.7000000,241.8700000,242.7400000,26334670
100719,000000,243.1100000,245.5000000,242.0100000,243.7600000,41586230
110719,000000,244.5200000,244.9700000,240.1700000,241.3000000,33101970
120719,000000,241.2900000,241.5000000,236.3700000,237.0200000,47658170
150719,000000,237.9000000,238.5900000,234.2300000,235.2700000,44987070
160719,000000,234.6500000,235.3000000,232.2500000,234.7500000,36144200
170719,000000,234.3200000,238.0400000,233.5000000,234.6300000,33512230
180719,000000,233.8100000,236.4000000,233.5000000,234.7800000,22818540
190719,000000,236.3500000,237.9300000,232.3200000,232.8500000,34586080
220719,000000,232.9300000,233.9800000,228.5700000,230.3500000,37930900
230719,000000,230.5000000,232.8300000,228.5200000,232.4800000,36306690
240719,000000,233.7200000,234.0000000,229.9000000,230.6500000,27236550
250719,000000,229.9900000,234.6500000,229.0200000,232.9000000,33004560
260719,000000,232.5000000,233.9900000,230.2500000,230.5500000,25904020
290719,000000,230.7000000,233.7400000,230.1800000,232.8000000,18366190
300719,000000,233.1400000,236.0000000,231.1300000,236.0000000,34773990
310719,000000,237.5100000,237.5500000,233.1100000,233.4900000,50356650
010819,000000,232.1500000,232.4600000,228.5000000,229.5000000,56032690
020819,000000,224.9100000,226.8800000,220.3000000,220.8100000,94010550
050819,000000,219.7800000,224.0000000,219.4500000,222.2400000,49041610
060819,000000,222.7700000,226.8800000,222.3000000,226.0100000,48720730
070819,000000,225.8900000,227.6000000,221.9000000,222.2500000,49530250
080819,000000,224.6000000,225.9000000,223.1800000,223.9300000,31144010
090819,000000,224.0600000,224.3600000,220.6700000,220.6700000,31478890
120819,000000,222.3800000,222.9900000,219.7400000,222.3000000,28695760
130819,000000,221.3100000,225.7500000,220.0700000,223.1800000,46706040
140819,000000,224.1000000,224.2500000,216.6000000,217.1100000,52004130
150819,000000,218.5000000,218.9400000,212.8800000,214.5900000,68165210
160819,000000,215.8000000,216.7500000,213.9100000,215.0500000,38353770
190819,000000,217.0400000,218.2000000,214.0600000,217.4000000,37521900
200819,000000,217.6300000,219.2300000,215.5300000,216.0000000,36984710
210819,000000,216.9600000,219.5000000,215.8000000,218.6200000,42898300
220819,000000,218.2500000,220.4000000,217.3500000,219.5000000,45670450
230819,000000,220.2100000,223.1000000,217.8600000,219.5000000,54739920
260819,000000,217.5400000,219.6400000,216.5300000,218.5000000,34995860
270819,000000,218.8800000,219.0500000,215.6100000,217.8900000,51323830
280819,000000,218.0800000,219.0800000,217.1800000,218.3000000,30139230
290819,000000,218.4700000,221.5000000,218.0500000,221.5000000,35886460
300819,000000,221.9100000,225.2000000,221.2100000,224.2000000,58155090
020919,000000,224.0500000,227.8400000,223.4100000,226.6800000,38911370
030919,000000,225.9400000,226.2500000,222.0500000,224.0000000,44465820
040919,000000,225.3000000,227.5000000,224.6900000,227.1000000,41551160
050919,000000,229.5100000,230.9300000,228.3600000,230.7900000,54585230
060919,000000,231.0000000,231.2000000,228.3600000,229.0200000,37869960
090919,000000,229.8800000,230.8700000,227.6100000,229.0000000,22721370
100919,000000,228.6000000,235.2300000,227.1000000,233.3000000,60365220
110919,000000,233.5000000,235.9000000,232.6200000,234.7200000,41834400
120919,000000,234.9000000,235.4200000,232.8100000,234.5700000,38921290
130919,000000,234.1700000,235.0000000,231.9100000,233.0000000,23097450
160919,000000,234.9800000,235.5300000,233.2000000,235.3200000,39411110
170919,000000,235.2200000,237.2000000,233.9900000,235.8900000,55730800
180919,000000,235.7100000,236.4500000,234.4500000,235.3000000,25586000
190919,000000,234.8600000,235.4900000,233.1200000,234.9800000,39418060
200919,000000,234.9800000,235.5000000,230.7200000,232.0000000,40550620
230919,000000,231.7100000,232.1700000,229.0500000,229.7000000,28163380
240919,000000,229.9500000,231.9900000,227.1100000,227.5000000,43394690
250919,000000,226.5000000,228.3000000,225.3000000,228.0900000,37893030
260919,000000,228.2300000,230.9000000,227.7100000,229.0900000,32718120
270919,000000,229.2000000,229.9600000,228.0500000,228.0500000,18019780
300919,000000,228.5700000,229.0000000,226.0500000,227.7100000,30218260
011019,000000,227.6100000,229.5600000,226.4900000,226.4900000,29831350
021019,000000,226.0500000,226.6300000,223.0300000,223.5000000,42412900
031019,000000,223.5900000,225.6400000,222.6100000,224.0800000,38355010
041019,000000,224.9000000,226.0600000,221.8700000,222.7600000,32106750
071019,000000,223.1700000,227.8000000,222.4100000,227.5500000,40102200
081019,000000,227.7500000,228.1800000,225.1500000,226.0300000,30959840
091019,000000,226.0300000,229.0000000,225.5200000,227.7000000,39702090
101019,000000,227.7000000,228.9400000,225.6200000,228.5000000,31708420
111019,000000,229.5000000,231.2000000,228.9700000,230.3100000,37412420
141019,000000,230.2900000,230.6700000,227.8200000,228.4000000,34582240
151019,000000,228.6000000,229.8800000,227.0000000,229.4000000,30721760
161019,000000,229.1000000,231.2000000,229.1000000,231.0000000,39205260
171019,000000,230.7400000,233.5000000,230.5200000,233.5000000,45971100
181019,000000,233.2100000,236.0300000,232.8000000,235.5500000,42706040
211019,000000,236.0200000,236.8800000,234.0400000,234.9400000,28395030
221019,000000,235.0200000,239.7700000,235.0000000,239.7700000,40288490
231019,000000,239.2000000,240.1800000,237.7600000,239.5700000,34578200
241019,000000,239.6300000,242.7800000,239.0600000,242.7800000,40358060
251019,000000,242.5500000,242.7700000,237.8500000,240.0000000,49759850
281019,000000,240.5100000,242.3300000,235.2500000,237.0300000,39033330
291019,000000,237.1000000,240.2000000,236.0000000,240.1100000,41488880
301019,000000,239.6900000,242.2000000,237.8500000,239.5100000,43559920
311019,000000,240.7200000,242.0000000,234.0100000,234.8900000,60238840
011119,000000,235.3500000,236.7400000,232.8000000,236.4000000,39183190
051119,000000,239.6000000,240.9800000,236.7000000,238.5300000,43257820
061119,000000,238.4200000,239.0200000,236.5200000,239.0200000,33383900
071119,000000,238.1100000,242.9500000,237.7100000,242.5000000,44637570
081119,000000,241.4200000,241.6800000,238.7000000,240.1700000,30473030
111119,000000,239.0200000,242.4000000,238.3100000,241.5000000,27111060
121119,000000,241.8000000,243.7400000,239.5000000,239.8700000,35513320
131119,000000,239.0600000,239.5700000,235.8100000,237.2100000,31373320
141119,000000,237.6200000,239.1300000,236.8200000,237.5000000,34316400
151119,000000,237.8500000,240.1800000,236.4500000,240.0000000,30652680
181119,000000,240.5900000,241.2300000,236.3600000,237.4500000,32941310
191119,000000,237.5200000,239.8200000,237.2000000,239.2500000,29128910
201119,000000,238.6000000,240.2000000,237.1000000,237.7800000,28091490
211119,000000,237.3700000,238.0000000,235.8000000,237.1500000,24612470
221119,000000,236.5800000,240.1900000,236.5300000,238.1300000,33565030
251119,000000,238.6800000,239.7500000,237.2100000,237.9800000,17536530
261119,000000,238.0100000,238.1000000,234.3500000,235.0000000,58327470
271119,000000,235.2500000,236.4500000,233.5100000,234.2200000,21871060
281119,000000,234.1000000,235.5000000,233.1000000,235.2000000,18849720
291119,000000,234.6500000,235.1400000,231.9700000,233.9800000,27230330
021219,000000,234.5900000,236.3700000,233.0000000,233.7700000,28186930
031219,000000,233.2800000,234.0600000,230.1300000,230.6600000,26676820
041219,000000,230.7200000,232.2400000,229.5000000,231.5900000,24285490
051219,000000,231.8900000,232.1500000,229.0300000,231.7100000,23157550
061219,000000,232.0000000,235.1400000,231.5500000,235.1400000,33265080
091219,000000,235.4600000,237.5000000,234.3000000,237.0400000,31683450
101219,000000,236.6000000,239.2900000,236.0000000,237.9100000,36059810
111219,000000,237.8100000,241.2300000,237.7000000,240.3200000,44152540
121219,000000,242.0100000,242.3000000,240.0900000,241.0500000,36011490
131219,000000,242.0200000,243.2500000,241.1000000,241.2100000,33100880
161219,000000,242.0200000,242.4800000,240.1300000,241.4500000,25489190
171219,000000,241.8200000,242.9600000,241.0000000,241.6000000,33821980
181219,000000,241.2100000,246.2500000,240.3600000,246.2000000,55754300
191219,000000,246.2700000,248.4000000,243.1000000,244.0000000,59872840
201219,000000,244.6000000,245.4000000,243.7200000,244.7100000,32926290
231219,000000,244.7500000,249.1900000,244.0700000,248.8000000,23950490
241219,000000,248.8000000,249.8900000,247.2700000,248.6700000,21016800
251219,000000,248.9800000,249.3000000,247.1100000,248.0400000,7910360
261219,000000,248.2000000,249.2400000,246.7100000,248.2400000,12979620
271219,000000,248.5600000,252.9500000,248.5500000,252.0600000,31907600
301219,000000,252.0900000,256.0000000,250.7300000,254.7500000,43131930
030120,000000,255.9700000,258.1900000,253.7000000,255.0000000,35824160
060120,000000,254.7500000,254.8400000,251.4000000,253.9000000,22327940
080120,000000,253.6200000,259.1500000,253.0300000,259.1500000,40736030
090120,000000,259.4100000,261.7600000,257.0100000,257.9900000,38196300
100120,000000,257.9100000,259.2500000,256.8800000,258.1900000,18841650
130120,000000,258.2100000,262.4000000,257.1500000,262.4000000,25849900
140120,000000,262.5800000,263.2200000,258.6200000,259.0500000,31097130
150120,000000,258.4500000,258.9100000,254.2100000,256.3100000,49328500
160120,000000,257.1100000,259.5100000,256.1000000,257.5100000,40225420
170120,000000,258.2000000,262.8200000,257.7500000,262.5000000,44891340
200120,000000,263.2200000,266.9700000,261.8000000,266.2800000,29749210
210120,000000,265.4700000,268.9000000,263.0200000,268.0600000,37927820
220120,000000,268.6300000,270.8000000,265.5000000,266.5400000,44170920
230120,000000,264.9000000,266.8900000,262.2400000,263.7300000,40484270
240120,000000,264.5300000,267.5000000,264.2100000,265.4900000,27246250
270120,000000,260.9900000,262.1000000,255.3200000,255.3200000,56011660
280120,000000,257.0500000,258.8400000,254.1000000,257.7000000,47921360
290120,000000,258.4000000,261.5700000,257.6100000,259.9400000,34921040
300120,000000,257.9700000,258.6900000,255.2700000,257.3100000,31552340
310120,000000,258.5000000,259.2000000,252.1700000,252.2000000,47800190
030220,000000,251.8000000,254.9600000,251.1000000,253.9900000,52621110
040220,000000,255.3300000,257.3800000,252.9000000,255.4000000,49731290
050220,000000,255.8900000,257.6600000,253.1400000,255.2000000,50719760
060220,000000,256.6600000,258.0000000,251.8600000,252.1100000,43319020
070220,000000,253.1300000,254.3000000,248.7300000,254.3000000,50059840
100220,000000,254.5500000,255.7300000,252.0700000,252.2600000,34935840
110220,000000,253.7800000,259.7700000,253.0000000,254.5000000,79392360
120220,000000,255.4000000,255.4900000,252.3100000,254.5000000,52447350
130220,000000,253.6200000,255.1800000,252.5000000,253.8900000,36654420
140220,000000,254.3800000,254.3800000,251.4000000,251.7500000,29982140
170220,000000,252.5000000,253.1000000,250.1300000,251.3600000,26370580
180220,000000,250.0800000,250.4400000,247.5700000,249.2000000,36259430
190220,000000,250.3700000,250.6800000,247.9500000,249.7000000,25740870
200220,000000,250.0700000,252.1700000,249.1300000,250.1500000,30707880
210220,000000,248.4200000,251.4900000,247.2400000,250.8000000,27682840
250220,000000,247.9800000,248.8300000,245.1700000,245.1900000,40505070
260220,000000,244.7500000,251.2100000,243.2200000,250.8000000,67529090
270220,000000,247.5000000,248.9800000,242.0000000,242.8800000,57887670
280220,000000,234.9600000,239.0000000,231.0000000,233.3600000,123187610
020320,000000,238.5500000,241.0000000,218.8600000,228.1700000,101688550
030320,000000,233.0000000,239.0000000,232.2800000,236.6300000,83491100
040320,000000,234.1300000,236.7000000,232.6200000,235.2700000,54165550
050320,000000,237.0300000,238.7200000,230.6400000,232.3300000,56972700
060320,000000,227.9900000,229.2000000,216.6700000,219.9900000,103932680
100320,000000,197.9900000,212.7400000,184.8600000,201.2000000,243308680
110320,000000,202.2000000,204.3300000,192.0500000,194.5300000,137765860
120320,000000,185.1700000,187.8700000,173.1400000,175.9100000,197162330
130320,000000,175.0000000,199.5200000,174.3000000,198.6000000,262618120
160320,000000,194.0000000,196.7000000,186.0000000,195.8500000,173656160
170320,000000,194.9200000,204.7800000,183.8000000,184.0100000,183602360
180320,000000,178.9500000,182.2000000,172.1500000,174.2700000,154736970
190320,000000,178.5000000,190.1500000,173.0600000,189.5100000,187222370
200320,000000,198.6200000,201.8600000,192.0500000,195.6900000,170124950
230320,000000,188.0000000,190.9900000,182.1000000,183.3700000,157690770
240320,000000,193.3000000,195.0000000,189.1000000,192.6400000,104281150
250320,000000,196.3700000,201.0000000,182.3200000,188.0800000,187724830
260320,000000,187.6900000,191.2000000,182.8000000,188.0700000,111338470
270320,000000,188.0500000,188.9700000,180.1700000,180.3800000,114106500
300320,000000,177.0300000,183.2000000,174.9000000,183.0000000,93995170
310320,000000,186.0000000,188.7700000,184.2500000,187.2100000,113605840
010420,000000,183.2000000,185.4700000,182.0000000,184.7800000,76453050
020420,000000,188.3400000,189.9000000,182.0000000,186.9500000,125289380
030420,000000,186.6000000,187.4900000,184.2800000,185.6400000,92726520
060420,000000,187.5200000,192.0200000,186.4200000,190.7000000,77520920
070420,000000,193.1000000,200.5400000,193.0600000,197.6300000,136262480
080420,000000,196.2000000,200.2900000,195.1200000,200.2900000,89695510
090420,000000,202.4000000,205.4400000,199.3000000,203.6100000,109748080
100420,000000,201.8500000,202.7500000,200.7000000,201.9900000,28658630
130420,000000,201.9900000,202.1600000,197.3200000,198.2600000,41196340
140420,000000,199.9900000,202.8500000,196.1000000,197.3700000,80132500
150420,000000,196.0000000,196.2500000,186.0600000,186.0700000,97979270
160420,000000,187.2200000,191.6700000,183.5300000,188.5000000,109069050
170420,000000,192.5000000,192.7000000,188.2800000,191.8000000,71522530
200420,000000,190.6000000,192.2300000,187.3100000,189.3200000,62162030
210420,000000,185.5400000,187.5000000,183.6500000,186.0500000,94053840
220420,000000,185.0500000,191.9400000,184.5000000,190.2000000,75194080
230420,000000,192.0000000,192.5000000,188.6800000,190.9400000,62581600
240420,000000,189.7300000,191.6500000,187.7000000,188.9100000,55252250
270420,000000,189.9500000,190.5000000,188.4300000,188.9000000,43627150
280420,000000,188.5500000,194.2200000,188.1700000,192.8000000,78555750
290420,000000,194.3600000,195.8000000,192.8600000,195.8000000,69766160
300420,000000,196.5200000,199.7000000,195.4600000,197.2500000,87028430
040520,000000,195.6800000,195.6800000,193.2600000,193.6900000,56239930
050520,000000,195.5400000,196.4600000,194.0000000,194.7500000,35239920
060520,000000,194.9900000,197.2300000,194.3000000,195.7000000,49513900
070520,000000,196.0000000,198.1500000,195.0600000,195.5100000,57670560
080520,000000,196.0000000,196.2500000,194.6000000,196.0200000,33775280
120520,000000,193.3000000,198.0000000,191.2000000,191.4000000,67270320
130520,000000,190.0500000,190.6000000,186.6600000,187.3100000,63256890
140520,000000,186.4900000,188.2000000,183.5000000,183.8100000,76532900
150520,000000,186.1300000,186.7800000,183.3300000,183.8500000,63033850
180520,000000,186.0600000,190.0000000,185.4000000,188.9300000,77252650
190520,000000,190.3800000,192.5500000,186.8000000,189.0000000,105168650
200520,000000,188.4500000,193.9800000,186.6000000,193.9800000,93311880
210520,000000,194.0000000,196.3100000,191.5000000,192.4000000,79390610
220520,000000,190.9700000,191.2500000,188.6000000,188.9000000,56926660
250520,000000,189.6200000,191.3100000,188.8000000,191.0000000,23090830
260520,000000,192.8300000,196.1000000,192.1100000,194.0000000,79038520
270520,000000,194.0100000,198.9700000,193.3200000,198.5100000,115900270
280520,000000,199.3300000,205.0000000,198.4000000,205.0000000,117073600
290520,000000,204.2000000,204.4000000,199.1700000,200.5000000,106525280
010620,000000,203.1000000,205.9300000,201.8100000,203.6600000,65100110
020620,000000,204.5700000,212.0000000,204.0000000,212.0000000,116798700
030620,000000,214.0000000,221.9200000,213.5100000,221.5000000,144505760
040620,000000,220.6700000,221.0000000,212.5500000,213.1000000,122406780
050620,000000,215.1300000,219.9300000,213.6000000,219.1000000,88508590
080620,000000,219.7300000,223.1500000,217.4500000,220.3000000,88612450
090620,000000,221.1900000,221.8800000,215.4400000,217.2300000,69097350
100620,000000,217.0000000,217.5800000,211.8200000,212.5300000,91851980
110620,000000,208.9900000,209.2400000,206.0100000,208.3500000,69726170
150620,000000,205.0700000,207.8500000,202.3000000,207.3200000,75360850
160620,000000,210.3000000,212.1900000,207.5200000,207.7600000,66267920
170620,000000,208.5200000,210.3500000,206.9400000,208.1400000,56455710
180620,000000,207.8000000,208.1000000,202.7200000,203.7700000,72204680
190620,000000,205.3900000,209.2000000,204.5500000,207.0000000,74923730
220620,000000,206.7000000,207.9500000,204.2800000,206.4000000,58621480
230620,000000,207.5100000,209.7400000,206.4300000,207.3000000,53213440
250620,000000,200.9900000,207.0000000,200.7500000,206.9200000,70420930
260620,000000,206.9700000,207.5000000,201.7600000,203.1500000,46627040
290620,000000,201.0900000,205.8600000,200.9700000,205.8000000,42613600
300620,000000,205.6600000,206.0000000,202.3600000,203.2200000,43705610
020720,000000,205.0100000,210.1500000,204.2800000,209.6000000,76154820
030720,000000,210.0000000,211.9700000,209.0000000,210.9500000,50602810
060720,000000,212.9400000,216.7900000,212.9400000,214.6100000,55118170
070720,000000,212.9000000,214.2300000,210.5100000,210.5300000,44709210
080720,000000,210.8000000,212.2900000,209.3000000,210.9700000,41999670
090720,000000,210.7000000,211.7000000,208.1000000,209.1100000,45129130
100720,000000,207.5000000,212.6000000,206.5700000,212.2800000,50631590
130720,000000,213.8600000,214.2000000,208.1100000,208.3900000,51159680
140720,000000,208.3800000,209.5800000,205.7000000,209.5000000,65996740
150720,000000,210.2900000,211.8000000,207.6500000,211.0900000,49443460
160720,000000,209.7000000,212.6000000,208.6300000,211.3500000,38986190
170720,000000,211.6800000,212.1800000,209.8600000,210.8100000,36123640
200720,000000,210.2700000,214.4800000,209.0800000,213.8900000,44482520
210720,000000,215.0000000,219.1000000,214.3800000,215.7300000,75241030
220720,000000,215.9800000,217.6500000,213.5600000,216.7100000,48418830
230720,000000,217.4900000,219.2800000,215.0000000,215.4100000,43348380
240720,000000,214.7800000,217.4100000,197.7300000,215.9700000,53375040
