230118,000000,182100.0000000,182700.0000000,180700.0000000,182700.0000000,804
240118,000000,182350.0000000,183450.0000000,180500.0000000,180600.0000000,1620
250118,000000,180800.0000000,184700.0000000,180800.0000000,183000.0000000,2407
260118,000000,182950.0000000,183450.0000000,182100.0000000,183350.0000000,1869
290118,000000,183000.0000000,183400.0000000,179600.0000000,183400.0000000,537
300118,000000,182650.0000000,183000.0000000,180000.0000000,181500.0000000,751
310118,000000,181100.0000000,181900.0000000,180000.0000000,180000.0000000,981
010218,000000,180550.0000000,182000.0000000,180550.0000000,181600.0000000,1157
020218,000000,181600.0000000,181900.0000000,180000.0000000,181900.0000000,900
050218,000000,181300.0000000,181550.0000000,179750.0000000,180000.0000000,496
060218,000000,178550.0000000,181200.0000000,177500.0000000,177500.0000000,1799
070218,000000,179200.0000000,180400.0000000,177000.0000000,177000.0000000,1398
080218,000000,176300.0000000,178000.0000000,174550.0000000,178000.0000000,2568
090218,000000,177250.0000000,178650.0000000,175650.0000000,176500.0000000,1568
120218,000000,176800.0000000,177350.0000000,174350.0000000,175000.0000000,1349
130218,000000,175200.0000000,178000.0000000,174800.0000000,178000.0000000,1322
140218,000000,177600.0000000,180400.0000000,177000.0000000,180400.0000000,1588
150218,000000,181050.0000000,181700.0000000,180300.0000000,180350.0000000,1320
160218,000000,181150.0000000,181250.0000000,180350.0000000,180450.0000000,959
190218,000000,180950.0000000,181000.0000000,179800.0000000,180000.0000000,522
200218,000000,179900.0000000,180200.0000000,178350.0000000,179250.0000000,1142
210218,000000,178550.0000000,182300.0000000,178150.0000000,180550.0000000,2221
220218,000000,180600.0000000,185250.0000000,180050.0000000,183600.0000000,2493
260218,000000,184350.0000000,186100.0000000,182800.0000000,184700.0000000,1844
270218,000000,184450.0000000,184700.0000000,181500.0000000,181500.0000000,1055
280218,000000,181650.0000000,185000.0000000,181500.0000000,185000.0000000,2330
010318,000000,183750.0000000,184250.0000000,182350.0000000,182350.0000000,829
020318,000000,182900.0000000,183000.0000000,179200.0000000,182150.0000000,1011
050318,000000,182400.0000000,183650.0000000,181950.0000000,183300.0000000,604
060318,000000,183300.0000000,185000.0000000,182750.0000000,183200.0000000,987
070318,000000,183850.0000000,183850.0000000,178600.0000000,178600.0000000,1506
090318,000000,179300.0000000,181100.0000000,178800.0000000,179300.0000000,1662
120318,000000,181000.0000000,181250.0000000,180250.0000000,181000.0000000,730
130318,000000,181350.0000000,181400.0000000,180650.0000000,181200.0000000,1011
140318,000000,180750.0000000,181000.0000000,176700.0000000,176700.0000000,2785
150318,000000,177050.0000000,178500.0000000,175050.0000000,176650.0000000,2810
160318,000000,176000.0000000,180000.0000000,175800.0000000,177000.0000000,5457
190318,000000,177300.0000000,178400.0000000,176600.0000000,177000.0000000,782
200318,000000,177150.0000000,178150.0000000,176800.0000000,176850.0000000,2094
210318,000000,177000.0000000,181400.0000000,176300.0000000,181150.0000000,3101
220318,000000,180500.0000000,182050.0000000,177100.0000000,177400.0000000,2091
230318,000000,177400.0000000,178200.0000000,176700.0000000,177500.0000000,1708
260318,000000,177750.0000000,178400.0000000,175600.0000000,175800.0000000,2922
270318,000000,176200.0000000,177000.0000000,175650.0000000,176000.0000000,902
280318,000000,175950.0000000,177150.0000000,174500.0000000,174500.0000000,2493
290318,000000,174700.0000000,177000.0000000,174650.0000000,176500.0000000,1622
300318,000000,177000.0000000,177950.0000000,175900.0000000,175900.0000000,752
020418,000000,176350.0000000,180250.0000000,175750.0000000,179750.0000000,3554
030418,000000,179350.0000000,179400.0000000,178100.0000000,179000.0000000,749
040418,000000,179000.0000000,180350.0000000,177500.0000000,177500.0000000,3588
050418,000000,178300.0000000,179000.0000000,177300.0000000,179000.0000000,1191
060418,000000,178400.0000000,179400.0000000,176000.0000000,179400.0000000,1740
090418,000000,178250.0000000,178600.0000000,168700.0000000,172050.0000000,5577
100418,000000,168100.0000000,175000.0000000,168100.0000000,174300.0000000,3504
110418,000000,172050.0000000,175700.0000000,171000.0000000,173500.0000000,4463
120418,000000,175000.0000000,179600.0000000,173200.0000000,177700.0000000,2594
130418,000000,178050.0000000,179000.0000000,174350.0000000,175650.0000000,2732
160418,000000,174500.0000000,177250.0000000,174500.0000000,177150.0000000,1808
170418,000000,177300.0000000,178000.0000000,175650.0000000,178000.0000000,1850
180418,000000,177300.0000000,177800.0000000,176400.0000000,177750.0000000,2062
190418,000000,178450.0000000,179150.0000000,176100.0000000,179000.0000000,1477
200418,000000,178250.0000000,179500.0000000,176500.0000000,179000.0000000,1177
230418,000000,178150.0000000,178650.0000000,174300.0000000,176300.0000000,3139
240418,000000,176300.0000000,176500.0000000,174050.0000000,175000.0000000,1438
250418,000000,174050.0000000,174050.0000000,170700.0000000,172250.0000000,2096
260418,000000,171200.0000000,171650.0000000,169850.0000000,170200.0000000,2053
270418,000000,170250.0000000,172600.0000000,169700.0000000,172600.0000000,784
280418,000000,172200.0000000,174500.0000000,170800.0000000,174050.0000000,327
300418,000000,173600.0000000,175200.0000000,172400.0000000,172450.0000000,1232
020518,000000,172500.0000000,173100.0000000,161200.0000000,164050.0000000,3701
030518,000000,163900.0000000,168400.0000000,163650.0000000,164650.0000000,2533
040518,000000,164950.0000000,170850.0000000,161550.0000000,170450.0000000,2543
070518,000000,170800.0000000,174800.0000000,169250.0000000,174800.0000000,2562
080518,000000,173550.0000000,174900.0000000,172000.0000000,174350.0000000,1679
100518,000000,174900.0000000,175300.0000000,173000.0000000,174650.0000000,1608
110518,000000,174900.0000000,174900.0000000,173550.0000000,174750.0000000,571
140518,000000,174750.0000000,175600.0000000,174300.0000000,175600.0000000,616
150518,000000,174750.0000000,175950.0000000,174300.0000000,174500.0000000,1064
160518,000000,174800.0000000,176450.0000000,174000.0000000,176450.0000000,787
170518,000000,176050.0000000,177150.0000000,174600.0000000,174900.0000000,921
180518,000000,174750.0000000,175300.0000000,173950.0000000,174850.0000000,549
210518,000000,175750.0000000,177300.0000000,174350.0000000,175750.0000000,1035
220518,000000,175550.0000000,175750.0000000,174450.0000000,174950.0000000,723
230518,000000,174400.0000000,174850.0000000,173000.0000000,174750.0000000,1140
240518,000000,174200.0000000,175150.0000000,173300.0000000,175050.0000000,1449
250518,000000,175000.0000000,175250.0000000,173600.0000000,174300.0000000,1077
280518,000000,174750.0000000,174850.0000000,173800.0000000,174700.0000000,168
290518,000000,174150.0000000,175550.0000000,173750.0000000,174450.0000000,1109
300518,000000,174000.0000000,174250.0000000,170300.0000000,174000.0000000,1558
310518,000000,173400.0000000,174250.0000000,170600.0000000,170600.0000000,3480
010618,000000,171400.0000000,172800.0000000,169750.0000000,172000.0000000,1134
040618,000000,172600.0000000,172850.0000000,170700.0000000,171900.0000000,772
050618,000000,171800.0000000,172650.0000000,170800.0000000,171600.0000000,923
060618,000000,171450.0000000,174050.0000000,170350.0000000,174050.0000000,1236
070618,000000,173850.0000000,175500.0000000,172850.0000000,175000.0000000,1000
080618,000000,174750.0000000,175050.0000000,172550.0000000,174950.0000000,2352
090618,000000,174500.0000000,175000.0000000,174500.0000000,174600.0000000,21
110618,000000,174050.0000000,175250.0000000,173700.0000000,174950.0000000,593
130618,000000,175400.0000000,175400.0000000,173000.0000000,174900.0000000,2009
140618,000000,174050.0000000,175800.0000000,173500.0000000,175800.0000000,1139
150618,000000,175000.0000000,175900.0000000,173650.0000000,174950.0000000,3996
180618,000000,174150.0000000,175100.0000000,168450.0000000,168450.0000000,1329
190618,000000,168800.0000000,168800.0000000,164600.0000000,166200.0000000,2238
200618,000000,167100.0000000,171300.0000000,166150.0000000,169600.0000000,1449
210618,000000,170700.0000000,170950.0000000,167700.0000000,169050.0000000,1158
220618,000000,170000.0000000,173200.0000000,169150.0000000,172450.0000000,1840
250618,000000,172450.0000000,173000.0000000,171700.0000000,171800.0000000,1027
260618,000000,172400.0000000,172400.0000000,168050.0000000,168050.0000000,1122
270618,000000,168850.0000000,169100.0000000,166100.0000000,166500.0000000,1879
280618,000000,166600.0000000,167000.0000000,164500.0000000,164500.0000000,1292
290618,000000,165050.0000000,167250.0000000,164750.0000000,166400.0000000,1105
020718,000000,166200.0000000,168800.0000000,166200.0000000,167900.0000000,1407
030718,000000,168300.0000000,168500.0000000,167000.0000000,167000.0000000,680
040718,000000,167000.0000000,167300.0000000,166000.0000000,167250.0000000,360
050718,000000,167050.0000000,168500.0000000,166700.0000000,168100.0000000,842
060718,000000,167500.0000000,169900.0000000,167150.0000000,168850.0000000,1085
090718,000000,169650.0000000,172850.0000000,169650.0000000,172300.0000000,875
100718,000000,171750.0000000,172750.0000000,170100.0000000,172600.0000000,1904
110718,000000,172400.0000000,172650.0000000,171400.0000000,172500.0000000,1327
120718,000000,172000.0000000,172200.0000000,166050.0000000,166050.0000000,1447
130718,000000,166750.0000000,167700.0000000,166100.0000000,167450.0000000,794
160718,000000,166750.0000000,167550.0000000,166150.0000000,167300.0000000,1334
170718,000000,166250.0000000,166550.0000000,164700.0000000,165050.0000000,772
180718,000000,165600.0000000,166250.0000000,165000.0000000,165800.0000000,1001
190718,000000,165700.0000000,165850.0000000,164350.0000000,164350.0000000,815
200718,000000,163650.0000000,165000.0000000,162650.0000000,163000.0000000,693
230718,000000,164350.0000000,164350.0000000,161550.0000000,162150.0000000,354
240718,000000,162550.0000000,163700.0000000,161200.0000000,163700.0000000,793
250718,000000,162850.0000000,162850.0000000,161600.0000000,161950.0000000,495
260718,000000,162100.0000000,163050.0000000,161000.0000000,161950.0000000,671
270718,000000,162000.0000000,163150.0000000,161200.0000000,163150.0000000,313
300718,000000,163000.0000000,164700.0000000,161850.0000000,163700.0000000,552
310718,000000,163200.0000000,164400.0000000,162450.0000000,162600.0000000,2156
010818,000000,163250.0000000,163250.0000000,160700.0000000,160700.0000000,1104
020818,000000,161050.0000000,161500.0000000,157400.0000000,158750.0000000,579
030818,000000,157650.0000000,159600.0000000,157000.0000000,159300.0000000,451
060818,000000,159500.0000000,161450.0000000,158400.0000000,161000.0000000,1043
070818,000000,160000.0000000,161150.0000000,158350.0000000,160600.0000000,644
080818,000000,159900.0000000,160400.0000000,155050.0000000,155850.0000000,1373
090818,000000,154800.0000000,156850.0000000,151050.0000000,155350.0000000,1355
100818,000000,156000.0000000,157350.0000000,153100.0000000,153950.0000000,742
130818,000000,152500.0000000,155000.0000000,151450.0000000,153150.0000000,795
140818,000000,153900.0000000,155250.0000000,152100.0000000,154350.0000000,493
150818,000000,154300.0000000,154500.0000000,152400.0000000,153300.0000000,762
160818,000000,153500.0000000,153700.0000000,152000.0000000,152300.0000000,770
170818,000000,152300.0000000,152650.0000000,150250.0000000,150300.0000000,695
200818,000000,150200.0000000,154000.0000000,150200.0000000,153000.0000000,543
210818,000000,154150.0000000,154700.0000000,150150.0000000,154700.0000000,1082
220818,000000,154000.0000000,154400.0000000,151150.0000000,151800.0000000,930
230818,000000,151400.0000000,152000.0000000,150350.0000000,151450.0000000,666
240818,000000,150950.0000000,152900.0000000,150000.0000000,152750.0000000,611
270818,000000,152750.0000000,154000.0000000,151400.0000000,154000.0000000,481
280818,000000,153300.0000000,154000.0000000,150450.0000000,152100.0000000,820
290818,000000,151700.0000000,152100.0000000,151000.0000000,151400.0000000,459
300818,000000,152200.0000000,152350.0000000,142900.0000000,145650.0000000,1658
310818,000000,144150.0000000,144350.0000000,139600.0000000,142500.0000000,3050
030918,000000,142400.0000000,146000.0000000,142050.0000000,145500.0000000,917
040918,000000,145450.0000000,147200.0000000,143400.0000000,144300.0000000,836
050918,000000,144350.0000000,144550.0000000,142400.0000000,143500.0000000,1896
060918,000000,143600.0000000,144450.0000000,138200.0000000,143500.0000000,2590
070918,000000,143100.0000000,146450.0000000,141600.0000000,143000.0000000,1729
100918,000000,143850.0000000,146650.0000000,141550.0000000,146650.0000000,1735
110918,000000,146650.0000000,149250.0000000,146050.0000000,149250.0000000,2351
120918,000000,149300.0000000,152600.0000000,148400.0000000,152000.0000000,1148
130918,000000,152000.0000000,156950.0000000,150200.0000000,155250.0000000,1824
140918,000000,154450.0000000,159900.0000000,152800.0000000,159000.0000000,1968
170918,000000,159600.0000000,162450.0000000,157050.0000000,162400.0000000,1950
180918,000000,162350.0000000,163150.0000000,159500.0000000,162500.0000000,3436
190918,000000,162550.0000000,162600.0000000,159550.0000000,159550.0000000,2529
200918,000000,160650.0000000,161500.0000000,152650.0000000,158000.0000000,5096
210918,000000,156900.0000000,161400.0000000,153050.0000000,160100.0000000,4426
240918,000000,161000.0000000,162250.0000000,158000.0000000,161900.0000000,1615
250918,000000,161550.0000000,164350.0000000,159400.0000000,164350.0000000,2009
260918,000000,163350.0000000,165000.0000000,162150.0000000,164400.0000000,1936
270918,000000,163500.0000000,165000.0000000,160000.0000000,164550.0000000,2269
280918,000000,164550.0000000,165750.0000000,162300.0000000,165750.0000000,1766
011018,000000,165200.0000000,167850.0000000,163200.0000000,166600.0000000,1889
021018,000000,166450.0000000,166600.0000000,164400.0000000,165500.0000000,856
031018,000000,165850.0000000,168450.0000000,164550.0000000,164800.0000000,2024
041018,000000,165000.0000000,165500.0000000,163350.0000000,164500.0000000,1301
051018,000000,164050.0000000,165950.0000000,161750.0000000,165000.0000000,2238
081018,000000,164950.0000000,165900.0000000,164250.0000000,165500.0000000,1041
091018,000000,165500.0000000,169100.0000000,164300.0000000,169100.0000000,3707
101018,000000,169900.0000000,176100.0000000,169800.0000000,171500.0000000,8313
111018,000000,169700.0000000,172000.0000000,169200.0000000,171200.0000000,1732
121018,000000,172900.0000000,172900.0000000,170850.0000000,170900.0000000,499
151018,000000,171200.0000000,171450.0000000,169650.0000000,170800.0000000,579
161018,000000,170900.0000000,171450.0000000,170100.0000000,170800.0000000,939
171018,000000,170350.0000000,171200.0000000,169600.0000000,170900.0000000,1033
181018,000000,170200.0000000,171400.0000000,170150.0000000,171400.0000000,632
191018,000000,171500.0000000,172150.0000000,170250.0000000,171000.0000000,1349
221018,000000,170300.0000000,172350.0000000,170300.0000000,171000.0000000,1488
231018,000000,170350.0000000,171300.0000000,168850.0000000,170700.0000000,1184
241018,000000,171100.0000000,171100.0000000,169800.0000000,170900.0000000,1422
251018,000000,170750.0000000,170850.0000000,169700.0000000,170500.0000000,960
261018,000000,170300.0000000,171850.0000000,169500.0000000,171850.0000000,729
291018,000000,171450.0000000,171550.0000000,170400.0000000,171000.0000000,231
301018,000000,170400.0000000,171000.0000000,170000.0000000,170900.0000000,731
311018,000000,170950.0000000,172000.0000000,170350.0000000,170900.0000000,637
011118,000000,170500.0000000,171900.0000000,169950.0000000,171900.0000000,776
021118,000000,172650.0000000,172700.0000000,170900.0000000,172000.0000000,539
061118,000000,172350.0000000,175250.0000000,171200.0000000,175250.0000000,1498
071118,000000,175250.0000000,175900.0000000,173200.0000000,175600.0000000,1615
081118,000000,175150.0000000,175450.0000000,173750.0000000,173750.0000000,633
091118,000000,173450.0000000,173700.0000000,166650.0000000,170550.0000000,1788
121118,000000,170700.0000000,171500.0000000,168650.0000000,169500.0000000,627
131118,000000,169450.0000000,170700.0000000,168600.0000000,169700.0000000,368
141118,000000,170250.0000000,170950.0000000,169500.0000000,170950.0000000,579
151118,000000,170600.0000000,170750.0000000,169400.0000000,170750.0000000,506
161118,000000,170000.0000000,170850.0000000,168750.0000000,170500.0000000,990
191118,000000,169400.0000000,171900.0000000,169050.0000000,170150.0000000,565
201118,000000,169200.0000000,169900.0000000,168000.0000000,169000.0000000,673
211118,000000,169000.0000000,170150.0000000,168150.0000000,169500.0000000,1299
221118,000000,169100.0000000,169850.0000000,168350.0000000,169550.0000000,868
231118,000000,168500.0000000,169500.0000000,168000.0000000,168500.0000000,830
261118,000000,168550.0000000,168550.0000000,163200.0000000,167000.0000000,1747
271118,000000,168350.0000000,169400.0000000,166500.0000000,168000.0000000,1366
281118,000000,168600.0000000,170700.0000000,167450.0000000,170000.0000000,668
291118,000000,169850.0000000,171700.0000000,169350.0000000,171350.0000000,1375
301118,000000,171500.0000000,177100.0000000,171300.0000000,175400.0000000,3284
031218,000000,176000.0000000,178000.0000000,171850.0000000,172100.0000000,1036
041218,000000,171800.0000000,171800.0000000,169300.0000000,170950.0000000,531
051218,000000,170200.0000000,172100.0000000,168900.0000000,172100.0000000,634
061218,000000,170250.0000000,171400.0000000,168700.0000000,170450.0000000,1155
071218,000000,170600.0000000,171600.0000000,166800.0000000,170000.0000000,1871
101218,000000,170200.0000000,171500.0000000,169050.0000000,169500.0000000,675
111218,000000,170000.0000000,170000.0000000,167550.0000000,169900.0000000,765
121218,000000,168800.0000000,169350.0000000,167150.0000000,169100.0000000,1246
131218,000000,169100.0000000,169200.0000000,167600.0000000,168400.0000000,497
141218,000000,167850.0000000,168950.0000000,166900.0000000,168950.0000000,462
171218,000000,169150.0000000,169200.0000000,166550.0000000,168700.0000000,1513
181218,000000,167950.0000000,168800.0000000,166050.0000000,168000.0000000,1621
191218,000000,167300.0000000,168400.0000000,165800.0000000,165800.0000000,1384
201218,000000,165750.0000000,166350.0000000,163600.0000000,166100.0000000,2143
211218,000000,166050.0000000,166300.0000000,162800.0000000,162800.0000000,2724
241218,000000,163400.0000000,163500.0000000,160050.0000000,163250.0000000,799
251218,000000,163000.0000000,163750.0000000,160250.0000000,163750.0000000,312
261218,000000,163750.0000000,164000.0000000,161300.0000000,164000.0000000,441
271218,000000,164200.0000000,164200.0000000,160050.0000000,162300.0000000,2011
281218,000000,161850.0000000,164100.0000000,161500.0000000,163450.0000000,1062
291218,000000,163050.0000000,171000.0000000,163000.0000000,170950.0000000,1137
030119,000000,171000.0000000,173200.0000000,168300.0000000,168800.0000000,1951
040119,000000,168400.0000000,173100.0000000,168400.0000000,173050.0000000,1618
080119,000000,172650.0000000,172700.0000000,169350.0000000,169800.0000000,1754
090119,000000,169850.0000000,170750.0000000,166850.0000000,167850.0000000,1705
100119,000000,168000.0000000,169450.0000000,167200.0000000,169200.0000000,1025
110119,000000,170300.0000000,170650.0000000,168700.0000000,170500.0000000,1414
140119,000000,170100.0000000,171150.0000000,168700.0000000,170650.0000000,1381
150119,000000,170750.0000000,170750.0000000,167700.0000000,169400.0000000,1153
160119,000000,168700.0000000,170200.0000000,168100.0000000,169650.0000000,389
170119,000000,169150.0000000,170350.0000000,168050.0000000,170350.0000000,759
180119,000000,169450.0000000,170800.0000000,165250.0000000,170800.0000000,1425
210119,000000,170400.0000000,170950.0000000,169850.0000000,170500.0000000,201
220119,000000,169500.0000000,170050.0000000,169000.0000000,170000.0000000,388
230119,000000,169500.0000000,170100.0000000,169100.0000000,169900.0000000,668
240119,000000,169500.0000000,169500.0000000,167550.0000000,167550.0000000,702
250119,000000,167300.0000000,169050.0000000,167300.0000000,168500.0000000,722
280119,000000,168700.0000000,168750.0000000,167650.0000000,168100.0000000,416
290119,000000,167600.0000000,169900.0000000,167600.0000000,169900.0000000,446
300119,000000,169500.0000000,174800.0000000,168950.0000000,172950.0000000,1554
310119,000000,172500.0000000,174950.0000000,171750.0000000,174500.0000000,1898
010219,000000,174650.0000000,175450.0000000,171750.0000000,173400.0000000,1073
040219,000000,173750.0000000,176700.0000000,172550.0000000,175400.0000000,1521
050219,000000,175000.0000000,176200.0000000,172750.0000000,173400.0000000,952
060219,000000,173100.0000000,173900.0000000,171750.0000000,172950.0000000,1001
070219,000000,172100.0000000,173150.0000000,171150.0000000,171700.0000000,1037
080219,000000,171000.0000000,171400.0000000,169850.0000000,170500.0000000,409
110219,000000,170000.0000000,170950.0000000,169000.0000000,169400.0000000,327
120219,000000,169900.0000000,174650.0000000,169550.0000000,174450.0000000,1346
130219,000000,174750.0000000,174750.0000000,169650.0000000,172000.0000000,1857
140219,000000,172600.0000000,172700.0000000,167200.0000000,167650.0000000,1894
150219,000000,167700.0000000,169750.0000000,167700.0000000,169750.0000000,604
180219,000000,169800.0000000,169800.0000000,167800.0000000,168600.0000000,367
190219,000000,168800.0000000,171400.0000000,168550.0000000,170950.0000000,789
200219,000000,171000.0000000,171100.0000000,169500.0000000,169500.0000000,506
210219,000000,169500.0000000,170450.0000000,169250.0000000,170450.0000000,355
220219,000000,170000.0000000,171000.0000000,169600.0000000,170900.0000000,457
250219,000000,170500.0000000,171150.0000000,168300.0000000,169900.0000000,506
260219,000000,169600.0000000,170400.0000000,169000.0000000,170400.0000000,180
270219,000000,171000.0000000,171000.0000000,169250.0000000,170100.0000000,367
280219,000000,169800.0000000,170600.0000000,168550.0000000,170600.0000000,649
010319,000000,170600.0000000,170650.0000000,166350.0000000,167000.0000000,1387
040319,000000,167050.0000000,167500.0000000,166150.0000000,166150.0000000,407
050319,000000,166850.0000000,167800.0000000,162800.0000000,162850.0000000,1240
060319,000000,163550.0000000,166650.0000000,163300.0000000,165400.0000000,640
070319,000000,165450.0000000,165450.0000000,162500.0000000,163000.0000000,807
110319,000000,162600.0000000,162950.0000000,159500.0000000,160050.0000000,1716
120319,000000,160750.0000000,163100.0000000,159800.0000000,163100.0000000,1019
130319,000000,163600.0000000,164950.0000000,162950.0000000,164950.0000000,860
140319,000000,164850.0000000,168800.0000000,164150.0000000,164600.0000000,2094
150319,000000,165100.0000000,174000.0000000,164700.0000000,174000.0000000,4595
180319,000000,172500.0000000,174950.0000000,171400.0000000,173950.0000000,1589
190319,000000,174800.0000000,175350.0000000,172350.0000000,175350.0000000,1142
200319,000000,175350.0000000,176950.0000000,174000.0000000,176950.0000000,968
210319,000000,177700.0000000,179850.0000000,176350.0000000,179850.0000000,2150
220319,000000,179800.0000000,179800.0000000,176350.0000000,179450.0000000,1092
250319,000000,178200.0000000,179500.0000000,177100.0000000,178000.0000000,864
260319,000000,177050.0000000,179500.0000000,177050.0000000,177450.0000000,795
270319,000000,177600.0000000,178200.0000000,175500.0000000,175950.0000000,704
280319,000000,175100.0000000,177150.0000000,174700.0000000,175000.0000000,581
290319,000000,175950.0000000,177600.0000000,174800.0000000,176500.0000000,2442
010419,000000,175600.0000000,178000.0000000,175200.0000000,178000.0000000,632
020419,000000,178000.0000000,179550.0000000,176700.0000000,178250.0000000,1607
030419,000000,178600.0000000,179000.0000000,175450.0000000,175650.0000000,1067
040419,000000,175650.0000000,176200.0000000,171800.0000000,172400.0000000,1220
050419,000000,171500.0000000,172100.0000000,168750.0000000,169150.0000000,1606
080419,000000,169800.0000000,170750.0000000,167900.0000000,167900.0000000,1424
090419,000000,168950.0000000,171050.0000000,166950.0000000,171050.0000000,1345
100419,000000,170900.0000000,172350.0000000,168000.0000000,168000.0000000,4070
110419,000000,168850.0000000,170400.0000000,167300.0000000,167300.0000000,1575
120419,000000,168000.0000000,169400.0000000,167200.0000000,168500.0000000,923
150419,000000,168050.0000000,169000.0000000,164650.0000000,164700.0000000,1050
160419,000000,165150.0000000,168650.0000000,164050.0000000,168650.0000000,2197
170419,000000,168200.0000000,169900.0000000,167450.0000000,168900.0000000,900
180419,000000,168250.0000000,170300.0000000,168200.0000000,170050.0000000,643
190419,000000,169100.0000000,170500.0000000,169100.0000000,169700.0000000,123
220419,000000,169700.0000000,170350.0000000,169300.0000000,169500.0000000,218
230419,000000,169500.0000000,170500.0000000,168100.0000000,169750.0000000,625
240419,000000,169450.0000000,170100.0000000,168700.0000000,169900.0000000,718
250419,000000,169400.0000000,171400.0000000,167700.0000000,168850.0000000,1192
260419,000000,168400.0000000,169500.0000000,165850.0000000,166350.0000000,901
290419,000000,167650.0000000,167650.0000000,166000.0000000,166650.0000000,262
300419,000000,166000.0000000,168000.0000000,166000.0000000,168000.0000000,798
020519,000000,167300.0000000,167900.0000000,166900.0000000,167450.0000000,186
030519,000000,167850.0000000,169900.0000000,167150.0000000,169900.0000000,332
060519,000000,168800.0000000,169000.0000000,166600.0000000,167300.0000000,581
070519,000000,167000.0000000,168350.0000000,165400.0000000,168350.0000000,711
080519,000000,167450.0000000,167850.0000000,166000.0000000,166600.0000000,744
100519,000000,166600.0000000,166750.0000000,160150.0000000,160150.0000000,2669
130519,000000,160950.0000000,162300.0000000,156300.0000000,159900.0000000,2817
140519,000000,160150.0000000,161950.0000000,157200.0000000,158050.0000000,2104
150519,000000,157750.0000000,159050.0000000,154550.0000000,155200.0000000,1183
160519,000000,155200.0000000,158450.0000000,153000.0000000,158050.0000000,2520
170519,000000,157300.0000000,157450.0000000,153500.0000000,156100.0000000,1562
200519,000000,155400.0000000,155900.0000000,152500.0000000,152500.0000000,1120
210519,000000,152500.0000000,153500.0000000,152200.0000000,152200.0000000,614
220519,000000,152200.0000000,152250.0000000,150000.0000000,151800.0000000,825
230519,000000,151600.0000000,153650.0000000,150250.0000000,152300.0000000,1636
240519,000000,151250.0000000,163500.0000000,151250.0000000,160400.0000000,3831
270519,000000,160500.0000000,161600.0000000,157300.0000000,157850.0000000,1108
280519,000000,157050.0000000,159650.0000000,154950.0000000,157100.0000000,3494
290519,000000,156900.0000000,158800.0000000,154600.0000000,158800.0000000,1444
300519,000000,158900.0000000,162650.0000000,158400.0000000,162100.0000000,1236
310519,000000,161900.0000000,163650.0000000,159250.0000000,161350.0000000,1588
030619,000000,159850.0000000,161250.0000000,158650.0000000,160000.0000000,1144
040619,000000,159100.0000000,162600.0000000,159100.0000000,159400.0000000,1345
050619,000000,159250.0000000,160750.0000000,157550.0000000,158700.0000000,693
060619,000000,159400.0000000,160700.0000000,158600.0000000,160700.0000000,669
070619,000000,160800.0000000,165950.0000000,159000.0000000,161650.0000000,3598
100619,000000,162550.0000000,162800.0000000,159700.0000000,160200.0000000,1119
110619,000000,160000.0000000,164950.0000000,160000.0000000,164200.0000000,3095
130619,000000,162750.0000000,163850.0000000,160350.0000000,160350.0000000,2502
140619,000000,161000.0000000,161800.0000000,156650.0000000,156650.0000000,1577
170619,000000,156500.0000000,158700.0000000,155300.0000000,155450.0000000,1897
180619,000000,156450.0000000,159000.0000000,155800.0000000,159000.0000000,1281
190619,000000,159100.0000000,160200.0000000,157500.0000000,158450.0000000,880
200619,000000,159000.0000000,163400.0000000,158600.0000000,162500.0000000,2587
210619,000000,161800.0000000,162950.0000000,159800.0000000,162650.0000000,2329
240619,000000,162650.0000000,164000.0000000,160550.0000000,161150.0000000,1265
250619,000000,161150.0000000,162700.0000000,159400.0000000,159550.0000000,961
260619,000000,159950.0000000,165500.0000000,159900.0000000,164950.0000000,1828
270619,000000,165000.0000000,166900.0000000,163400.0000000,166550.0000000,2048
280619,000000,166150.0000000,167050.0000000,165100.0000000,165450.0000000,699
010719,000000,165550.0000000,166900.0000000,163450.0000000,165000.0000000,998
020719,000000,165900.0000000,165900.0000000,164000.0000000,165400.0000000,1158
030719,000000,164450.0000000,166850.0000000,164100.0000000,166850.0000000,1114
040719,000000,165800.0000000,168700.0000000,165750.0000000,168650.0000000,923
050719,000000,168300.0000000,169600.0000000,168150.0000000,169600.0000000,670
080719,000000,168800.0000000,171500.0000000,168550.0000000,171500.0000000,1242
090719,000000,171300.0000000,172950.0000000,171250.0000000,172300.0000000,1046
100719,000000,171900.0000000,171900.0000000,168000.0000000,168350.0000000,1993
110719,000000,168100.0000000,168600.0000000,166100.0000000,166850.0000000,879
120719,000000,166800.0000000,167400.0000000,164250.0000000,166200.0000000,601
150719,000000,166200.0000000,168950.0000000,166200.0000000,168950.0000000,709
160719,000000,168900.0000000,169500.0000000,167050.0000000,167500.0000000,1202
170719,000000,168000.0000000,168000.0000000,164650.0000000,165200.0000000,2157
180719,000000,156050.0000000,160000.0000000,155600.0000000,160000.0000000,2263
190719,000000,160000.0000000,162550.0000000,159200.0000000,159200.0000000,1199
220719,000000,159800.0000000,160750.0000000,157000.0000000,158000.0000000,715
230719,000000,157850.0000000,159500.0000000,157200.0000000,159500.0000000,760
240719,000000,158600.0000000,159600.0000000,157600.0000000,159000.0000000,678
250719,000000,159050.0000000,159500.0000000,157350.0000000,159500.0000000,1456
260719,000000,158850.0000000,159350.0000000,156700.0000000,156700.0000000,1164
290719,000000,156500.0000000,158150.0000000,156500.0000000,157400.0000000,620
300719,000000,156700.0000000,158000.0000000,156650.0000000,158000.0000000,530
310719,000000,157600.0000000,158700.0000000,157200.0000000,157700.0000000,1074
010819,000000,157450.0000000,158400.0000000,155750.0000000,155750.0000000,634
020819,000000,155100.0000000,156650.0000000,155000.0000000,156200.0000000,802
050819,000000,156850.0000000,156850.0000000,155000.0000000,155000.0000000,458
060819,000000,156000.0000000,158450.0000000,154950.0000000,156950.0000000,1567
070819,000000,156400.0000000,156700.0000000,155200.0000000,155700.0000000,771
080819,000000,156600.0000000,156800.0000000,154700.0000000,154700.0000000,1141
090819,000000,155300.0000000,155300.0000000,154350.0000000,154950.0000000,526
120819,000000,155200.0000000,157500.0000000,154850.0000000,157500.0000000,716
130819,000000,156750.0000000,157150.0000000,155300.0000000,155650.0000000,750
140819,000000,155450.0000000,156000.0000000,152100.0000000,152100.0000000,1259
150819,000000,153550.0000000,153700.0000000,151150.0000000,152100.0000000,886
160819,000000,151850.0000000,152750.0000000,150100.0000000,150950.0000000,1006
190819,000000,150500.0000000,152350.0000000,148600.0000000,149150.0000000,1438
200819,000000,149500.0000000,150350.0000000,148550.0000000,149050.0000000,1059
210819,000000,148650.0000000,149500.0000000,148500.0000000,149000.0000000,929
220819,000000,148550.0000000,148550.0000000,145650.0000000,146000.0000000,2682
230819,000000,146100.0000000,146750.0000000,145000.0000000,146000.0000000,1000
260819,000000,145100.0000000,150600.0000000,145000.0000000,150300.0000000,1781
270819,000000,150650.0000000,153000.0000000,150250.0000000,151000.0000000,2137
280819,000000,151350.0000000,152100.0000000,149850.0000000,152100.0000000,1396
290819,000000,151500.0000000,152750.0000000,151200.0000000,151200.0000000,832
300819,000000,151200.0000000,151250.0000000,150100.0000000,150400.0000000,1477
020919,000000,150900.0000000,151500.0000000,150050.0000000,151500.0000000,850
030919,000000,151450.0000000,155500.0000000,151300.0000000,154900.0000000,2229
040919,000000,155950.0000000,156500.0000000,153550.0000000,155600.0000000,1604
050919,000000,156500.0000000,157000.0000000,153350.0000000,155050.0000000,2382
060919,000000,155950.0000000,155950.0000000,153600.0000000,154500.0000000,811
090919,000000,155650.0000000,156200.0000000,155050.0000000,155750.0000000,590
100919,000000,155050.0000000,156150.0000000,154550.0000000,156150.0000000,710
110919,000000,155900.0000000,156050.0000000,154500.0000000,155800.0000000,1622
120919,000000,154900.0000000,155250.0000000,154500.0000000,154550.0000000,725
130919,000000,155350.0000000,155350.0000000,152500.0000000,153950.0000000,1115
160919,000000,154750.0000000,157950.0000000,152650.0000000,154000.0000000,1687
170919,000000,153950.0000000,154300.0000000,152700.0000000,153300.0000000,1652
180919,000000,153300.0000000,153300.0000000,151400.0000000,152900.0000000,1767
190919,000000,152900.0000000,153050.0000000,151250.0000000,152000.0000000,908
200919,000000,151050.0000000,151900.0000000,150000.0000000,151350.0000000,2796
230919,000000,150700.0000000,152000.0000000,150700.0000000,151700.0000000,1700
240919,000000,152050.0000000,152500.0000000,150850.0000000,151400.0000000,898
250919,000000,150850.0000000,151600.0000000,150150.0000000,151400.0000000,660
260919,000000,151200.0000000,151250.0000000,150350.0000000,151200.0000000,393
270919,000000,150450.0000000,150900.0000000,150050.0000000,150050.0000000,347
300919,000000,150550.0000000,151150.0000000,149800.0000000,149800.0000000,1178
011019,000000,150350.0000000,150400.0000000,149300.0000000,149850.0000000,800
021019,000000,149850.0000000,150650.0000000,149000.0000000,150250.0000000,1518
031019,000000,150450.0000000,150600.0000000,149100.0000000,149850.0000000,1414
041019,000000,149450.0000000,150750.0000000,149300.0000000,150750.0000000,1500
071019,000000,150150.0000000,153900.0000000,150150.0000000,153850.0000000,2967
081019,000000,153500.0000000,154250.0000000,152200.0000000,153700.0000000,2486
091019,000000,153000.0000000,154200.0000000,152550.0000000,153450.0000000,1347
101019,000000,152900.0000000,153350.0000000,152500.0000000,153200.0000000,793
111019,000000,153200.0000000,153700.0000000,151800.0000000,153350.0000000,2062
141019,000000,153150.0000000,153650.0000000,150800.0000000,152900.0000000,1856
151019,000000,151200.0000000,153150.0000000,150400.0000000,152950.0000000,2141
161019,000000,153300.0000000,165000.0000000,152250.0000000,164950.0000000,12607
171019,000000,165350.0000000,169100.0000000,163600.0000000,166500.0000000,4263
181019,000000,165700.0000000,167000.0000000,162300.0000000,163000.0000000,6306
211019,000000,163000.0000000,165650.0000000,160800.0000000,162000.0000000,3303
221019,000000,162000.0000000,162600.0000000,155350.0000000,158000.0000000,8786
231019,000000,157650.0000000,162250.0000000,154200.0000000,162250.0000000,11778
241019,000000,161800.0000000,163000.0000000,161000.0000000,163000.0000000,3499
251019,000000,163000.0000000,167000.0000000,161500.0000000,167000.0000000,4666
281019,000000,165650.0000000,167700.0000000,165000.0000000,166000.0000000,2274
291019,000000,166200.0000000,166300.0000000,163000.0000000,166300.0000000,2991
301019,000000,165650.0000000,167000.0000000,165000.0000000,166800.0000000,1773
311019,000000,166150.0000000,166800.0000000,161850.0000000,166500.0000000,3986
011119,000000,166100.0000000,166100.0000000,162050.0000000,162700.0000000,2331
051119,000000,162900.0000000,164150.0000000,160800.0000000,162500.0000000,1755
061119,000000,162500.0000000,167850.0000000,161750.0000000,167850.0000000,2362
071119,000000,167200.0000000,175000.0000000,165750.0000000,175000.0000000,4334
081119,000000,174600.0000000,177650.0000000,172800.0000000,173450.0000000,2487
111119,000000,174050.0000000,177250.0000000,171300.0000000,175450.0000000,1897
121119,000000,175350.0000000,176900.0000000,174250.0000000,176400.0000000,840
131119,000000,176050.0000000,176150.0000000,174850.0000000,174850.0000000,888
141119,000000,175200.0000000,179300.0000000,174500.0000000,175850.0000000,2669
151119,000000,175850.0000000,177000.0000000,173800.0000000,175950.0000000,939
181119,000000,175950.0000000,175950.0000000,171700.0000000,172950.0000000,1312
191119,000000,173500.0000000,175750.0000000,171100.0000000,175250.0000000,1738
201119,000000,174700.0000000,175850.0000000,173250.0000000,174400.0000000,784
211119,000000,173800.0000000,174400.0000000,171950.0000000,172650.0000000,1381
221119,000000,173800.0000000,174550.0000000,172950.0000000,173750.0000000,719
251119,000000,173750.0000000,174350.0000000,171050.0000000,171050.0000000,845
261119,000000,171750.0000000,172050.0000000,168700.0000000,168700.0000000,3024
271119,000000,169350.0000000,172050.0000000,169150.0000000,171500.0000000,1433
281119,000000,171050.0000000,171450.0000000,170300.0000000,170300.0000000,272
291119,000000,170400.0000000,170900.0000000,168700.0000000,169900.0000000,961
021219,000000,170200.0000000,171150.0000000,169550.0000000,171150.0000000,878
031219,000000,170500.0000000,175600.0000000,168600.0000000,168600.0000000,1762
041219,000000,168600.0000000,169800.0000000,165550.0000000,167850.0000000,1810
051219,000000,167000.0000000,167750.0000000,165850.0000000,167700.0000000,651
061219,000000,167200.0000000,168850.0000000,166600.0000000,168850.0000000,750
091219,000000,168800.0000000,170400.0000000,168550.0000000,170400.0000000,1081
101219,000000,170100.0000000,170150.0000000,167100.0000000,167800.0000000,1288
111219,000000,168350.0000000,171100.0000000,167750.0000000,171000.0000000,1220
121219,000000,170800.0000000,172200.0000000,169050.0000000,169050.0000000,1458
131219,000000,169150.0000000,171650.0000000,168700.0000000,170700.0000000,1246
161219,000000,170900.0000000,171450.0000000,170100.0000000,171400.0000000,864
171219,000000,171700.0000000,174800.0000000,171550.0000000,174200.0000000,1903
181219,000000,174450.0000000,177000.0000000,174400.0000000,176500.0000000,2010
191219,000000,177000.0000000,179450.0000000,176650.0000000,178000.0000000,2451
201219,000000,178300.0000000,178300.0000000,174650.0000000,174650.0000000,2887
231219,000000,175400.0000000,176900.0000000,174100.0000000,176700.0000000,1426
241219,000000,176100.0000000,176900.0000000,175550.0000000,176000.0000000,1076
251219,000000,176300.0000000,176450.0000000,175900.0000000,176400.0000000,265
261219,000000,175850.0000000,176600.0000000,175550.0000000,176450.0000000,997
271219,000000,176500.0000000,177200.0000000,176000.0000000,176750.0000000,1872
301219,000000,176950.0000000,176950.0000000,176100.0000000,176750.0000000,1575
030120,000000,176150.0000000,181750.0000000,176150.0000000,177950.0000000,2031
060120,000000,178200.0000000,179200.0000000,175100.0000000,176300.0000000,909
080120,000000,176000.0000000,179000.0000000,175400.0000000,179000.0000000,1220
090120,000000,179950.0000000,180300.0000000,177800.0000000,179100.0000000,1450
100120,000000,178150.0000000,179200.0000000,177900.0000000,178500.0000000,813
130120,000000,178000.0000000,178500.0000000,176500.0000000,176800.0000000,1022
140120,000000,176800.0000000,177700.0000000,176150.0000000,177700.0000000,1028
150120,000000,176600.0000000,177900.0000000,176550.0000000,176850.0000000,904
160120,000000,177650.0000000,178100.0000000,177050.0000000,178000.0000000,1175
170120,000000,177300.0000000,179400.0000000,177250.0000000,178650.0000000,741
200120,000000,178400.0000000,179250.0000000,176900.0000000,178300.0000000,716
210120,000000,178350.0000000,178550.0000000,176850.0000000,178400.0000000,770
220120,000000,178400.0000000,183200.0000000,177500.0000000,178050.0000000,2228
230120,000000,179500.0000000,179550.0000000,177850.0000000,178000.0000000,673
240120,000000,177850.0000000,178750.0000000,174700.0000000,176700.0000000,922
270120,000000,174550.0000000,176050.0000000,173150.0000000,173500.0000000,1175
280120,000000,174300.0000000,174350.0000000,171200.0000000,171200.0000000,1216
290120,000000,171750.0000000,172900.0000000,168500.0000000,168500.0000000,1479
300120,000000,168300.0000000,171350.0000000,167350.0000000,167600.0000000,1698
310120,000000,167600.0000000,168600.0000000,164950.0000000,164950.0000000,1687
030220,000000,164600.0000000,167200.0000000,162000.0000000,162050.0000000,2314
040220,000000,163350.0000000,167900.0000000,160950.0000000,166000.0000000,2513
050220,000000,166150.0000000,167300.0000000,163700.0000000,165150.0000000,2179
060220,000000,166650.0000000,166750.0000000,163200.0000000,166650.0000000,1733
070220,000000,166400.0000000,166650.0000000,164050.0000000,164050.0000000,1182
100220,000000,164000.0000000,164600.0000000,161150.0000000,161550.0000000,1104
110220,000000,163000.0000000,163600.0000000,160350.0000000,162000.0000000,1934
120220,000000,162500.0000000,163100.0000000,161000.0000000,161300.0000000,1370
130220,000000,160950.0000000,162300.0000000,160400.0000000,162050.0000000,1394
140220,000000,162500.0000000,163650.0000000,161800.0000000,163000.0000000,1007
170220,000000,163600.0000000,164950.0000000,163600.0000000,164750.0000000,815
180220,000000,164350.0000000,164750.0000000,161750.0000000,161750.0000000,1291
190220,000000,162050.0000000,164400.0000000,161800.0000000,163450.0000000,1145
200220,000000,164350.0000000,165750.0000000,163550.0000000,164000.0000000,1395
210220,000000,163550.0000000,164750.0000000,162250.0000000,162250.0000000,1051
250220,000000,160600.0000000,162600.0000000,160000.0000000,160000.0000000,1778
260220,000000,159550.0000000,160650.0000000,158100.0000000,160000.0000000,2798
270220,000000,159500.0000000,160450.0000000,157050.0000000,157450.0000000,2813
280220,000000,156500.0000000,156500.0000000,146000.0000000,151850.0000000,5371
020320,000000,153800.0000000,153850.0000000,147500.0000000,149100.0000000,2862
030320,000000,152100.0000000,152150.0000000,149000.0000000,151650.0000000,1923
040320,000000,150500.0000000,152650.0000000,148150.0000000,151550.0000000,1727
050320,000000,151850.0000000,152500.0000000,149600.0000000,151350.0000000,1775
060320,000000,150000.0000000,150500.0000000,145400.0000000,145950.0000000,2202
100320,000000,134950.0000000,150000.0000000,127200.0000000,139950.0000000,5282
110320,000000,140700.0000000,143500.0000000,137700.0000000,137700.0000000,2867
120320,000000,133050.0000000,145650.0000000,132050.0000000,141650.0000000,6988
130320,000000,140250.0000000,143950.0000000,137350.0000000,138950.0000000,4652
160320,000000,139750.0000000,147700.0000000,134100.0000000,144850.0000000,6455
170320,000000,144000.0000000,146650.0000000,139450.0000000,145200.0000000,3412
180320,000000,144550.0000000,147150.0000000,132800.0000000,135000.0000000,4177
190320,000000,135600.0000000,136600.0000000,130100.0000000,133050.0000000,5258
200320,000000,135300.0000000,138500.0000000,133050.0000000,134750.0000000,5286
230320,000000,130750.0000000,135050.0000000,130650.0000000,131700.0000000,2233
240320,000000,135000.0000000,138300.0000000,133900.0000000,136750.0000000,2859
250320,000000,138000.0000000,140000.0000000,135050.0000000,139250.0000000,2874
260320,000000,138850.0000000,141750.0000000,136450.0000000,141750.0000000,3040
270320,000000,141800.0000000,142000.0000000,136600.0000000,138350.0000000,1555
300320,000000,136500.0000000,140200.0000000,135800.0000000,140200.0000000,1421
310320,000000,141350.0000000,147750.0000000,140400.0000000,147750.0000000,2375
010420,000000,145300.0000000,147900.0000000,143150.0000000,144600.0000000,2084
020420,000000,147000.0000000,149400.0000000,142700.0000000,147750.0000000,3004
030420,000000,147750.0000000,153800.0000000,146900.0000000,151200.0000000,2459
060420,000000,152850.0000000,160450.0000000,151750.0000000,159850.0000000,2146
070420,000000,160600.0000000,163850.0000000,157800.0000000,158450.0000000,2169
080420,000000,158100.0000000,159150.0000000,155100.0000000,157700.0000000,1577
090420,000000,157850.0000000,158950.0000000,155050.0000000,156000.0000000,2056
100420,000000,156000.0000000,156000.0000000,154000.0000000,155300.0000000,618
130420,000000,155650.0000000,155750.0000000,151350.0000000,153400.0000000,1206
140420,000000,155200.0000000,155500.0000000,153550.0000000,154550.0000000,997
150420,000000,154050.0000000,154050.0000000,144650.0000000,145950.0000000,2945
160420,000000,146000.0000000,157550.0000000,144700.0000000,155250.0000000,6178
170420,000000,158200.0000000,163350.0000000,149250.0000000,150000.0000000,7739
200420,000000,148650.0000000,149500.0000000,143500.0000000,143500.0000000,6386
210420,000000,141100.0000000,141150.0000000,135250.0000000,139400.0000000,5357
220420,000000,139000.0000000,141950.0000000,137100.0000000,139350.0000000,5106
230420,000000,140500.0000000,141050.0000000,138650.0000000,140000.0000000,2973
240420,000000,139850.0000000,140600.0000000,137000.0000000,137000.0000000,2954
270420,000000,136700.0000000,137650.0000000,133500.0000000,134050.0000000,5342
280420,000000,134450.0000000,137800.0000000,133350.0000000,135050.0000000,7744
290420,000000,135500.0000000,137700.0000000,135200.0000000,137700.0000000,4775
300420,000000,139500.0000000,139700.0000000,134050.0000000,136500.0000000,5917
040520,000000,135200.0000000,136650.0000000,134550.0000000,136650.0000000,3250
050520,000000,137300.0000000,138000.0000000,136300.0000000,136500.0000000,2446
060520,000000,137100.0000000,137450.0000000,134850.0000000,135400.0000000,2923
070520,000000,135950.0000000,137150.0000000,135000.0000000,136000.0000000,2401
080520,000000,136600.0000000,136750.0000000,135200.0000000,135300.0000000,1332
120520,000000,135850.0000000,135850.0000000,133550.0000000,133550.0000000,3268
130520,000000,130900.0000000,131900.0000000,128100.0000000,128700.0000000,9088
140520,000000,128450.0000000,130800.0000000,125350.0000000,129550.0000000,6554
150520,000000,129850.0000000,132150.0000000,129200.0000000,129400.0000000,4351
180520,000000,130800.0000000,131300.0000000,128700.0000000,128900.0000000,7469
190520,000000,129050.0000000,130900.0000000,129050.0000000,130100.0000000,4196
200520,000000,130600.0000000,133500.0000000,129800.0000000,133300.0000000,6277
210520,000000,133500.0000000,134200.0000000,131350.0000000,132500.0000000,6153
220520,000000,131000.0000000,133150.0000000,130350.0000000,131550.0000000,3638
250520,000000,130500.0000000,131750.0000000,130000.0000000,131050.0000000,2406
260520,000000,132100.0000000,133250.0000000,131700.0000000,132000.0000000,2653
270520,000000,132250.0000000,133100.0000000,130400.0000000,132000.0000000,5821
280520,000000,131100.0000000,133200.0000000,130900.0000000,132850.0000000,5811
290520,000000,131800.0000000,132300.0000000,129100.0000000,129100.0000000,50093
010620,000000,130700.0000000,135600.0000000,130650.0000000,133650.0000000,12113
020620,000000,134450.0000000,138300.0000000,133800.0000000,138100.0000000,9507
030620,000000,138950.0000000,139800.0000000,136350.0000000,139400.0000000,6906
040620,000000,139350.0000000,139800.0000000,135650.0000000,138850.0000000,6883
050620,000000,139000.0000000,139700.0000000,137600.0000000,139000.0000000,4644
080620,000000,139850.0000000,140350.0000000,137550.0000000,137600.0000000,3841
090620,000000,137950.0000000,139350.0000000,137300.0000000,138100.0000000,4445
100620,000000,138500.0000000,139200.0000000,138150.0000000,138650.0000000,2333
110620,000000,138050.0000000,138900.0000000,136000.0000000,137000.0000000,4195
150620,000000,135650.0000000,135650.0000000,133700.0000000,134600.0000000,2175
160620,000000,135700.0000000,137600.0000000,134600.0000000,135200.0000000,4907
170620,000000,136050.0000000,136850.0000000,134600.0000000,134600.0000000,2761
180620,000000,134400.0000000,135600.0000000,132400.0000000,133550.0000000,4960
190620,000000,135250.0000000,136000.0000000,133000.0000000,133000.0000000,6894
220620,000000,133500.0000000,138400.0000000,132750.0000000,137950.0000000,5770
230620,000000,137500.0000000,138600.0000000,135600.0000000,138500.0000000,5584
250620,000000,135500.0000000,136850.0000000,134100.0000000,136850.0000000,6686
260620,000000,136750.0000000,136750.0000000,133700.0000000,134550.0000000,3476
290620,000000,134000.0000000,135100.0000000,133600.0000000,134850.0000000,2196
300620,000000,134800.0000000,135050.0000000,133600.0000000,134150.0000000,1823
020720,000000,134450.0000000,136900.0000000,134300.0000000,136900.0000000,3572
030720,000000,137350.0000000,137450.0000000,135650.0000000,136700.0000000,1756
060720,000000,137350.0000000,138250.0000000,133450.0000000,137650.0000000,2814
070720,000000,137200.0000000,137850.0000000,136750.0000000,137850.0000000,1779
080720,000000,137650.0000000,139000.0000000,137300.0000000,139000.0000000,2660
090720,000000,138500.0000000,139550.0000000,136750.0000000,136750.0000000,2617
100720,000000,136800.0000000,137750.0000000,136500.0000000,136900.0000000,1411
130720,000000,137900.0000000,137900.0000000,135700.0000000,136000.0000000,1695
140720,000000,135550.0000000,136250.0000000,133150.0000000,134250.0000000,4596
150720,000000,135400.0000000,136700.0000000,134150.0000000,134150.0000000,4478
160720,000000,134500.0000000,135000.0000000,133500.0000000,134200.0000000,1581
170720,000000,134300.0000000,134800.0000000,133300.0000000,133550.0000000,3332
200720,000000,133600.0000000,134150.0000000,133400.0000000,134150.0000000,1654
210720,000000,134500.0000000,134500.0000000,133200.0000000,133350.0000000,3174
220720,000000,133400.0000000,134100.0000000,133000.0000000,133900.0000000,2420
230720,000000,133800.0000000,134250.0000000,133600.0000000,133750.0000000,1905
240720,000000,133500.0000000,134000.0000000,133150.0000000,133850.0000000,1509
